tiempo,ghi,dni,dhi,temp_air,wind_speed
2026-01-01 00:00:00-06:00,0.0,0.0,0.0,17.46,1.53
2026-01-01 01:00:00-06:00,0.0,0.0,0.0,16.87,1.6
2026-01-01 02:00:00-06:00,0.0,0.0,0.0,14.13,1.59
2026-01-01 03:00:00-06:00,0.0,0.0,0.0,13.42,1.52
2026-01-01 04:00:00-06:00,0.0,0.0,0.0,12.83,1.52
2026-01-01 05:00:00-06:00,0.0,0.0,0.0,12.39,1.59
2026-01-01 06:00:00-06:00,0.0,0.0,0.0,12.02,1.59
2026-01-01 07:00:00-06:00,0.0,0.0,0.0,11.66,1.66
2026-01-01 08:00:00-06:00,240.05,1049.36,61.25,12.12,1.24
2026-01-01 09:00:00-06:00,456.7,1012.56,79.75,18.03,0.34
2026-01-01 10:00:00-06:00,634.35,1005.76,91.05,21.16,0.76
2026-01-01 11:00:00-06:00,752.95,988.32,98.0,23.13,1.17
2026-01-01 12:00:00-06:00,749.95,851.83,126.9,24.69,1.38
2026-01-01 13:00:00-06:00,717.0,770.11,145.8,25.76,1.72
2026-01-01 14:00:00-06:00,596.3,700.22,111.15,26.37,1.79
2026-01-01 15:00:00-06:00,472.2,634.42,99.05,26.53,1.86
2026-01-01 16:00:00-06:00,282.5,483.54,72.25,26.33,1.66
2026-01-01 17:00:00-06:00,90.6,235.8,33.25,25.68,1.31
2026-01-01 18:00:00-06:00,0.55,0.0,0.55,24.49,0.62
2026-01-01 19:00:00-06:00,0.0,0.0,0.0,22.91,0.69
2026-01-01 20:00:00-06:00,0.0,0.0,0.0,21.28,1.38
2026-01-01 21:00:00-06:00,0.0,0.0,0.0,19.88,1.72
2026-01-01 22:00:00-06:00,0.0,0.0,0.0,18.04,1.86
2026-01-01 23:00:00-06:00,0.0,0.0,0.0,16.36,1.72
2026-01-02 00:00:00-06:00,0.0,0.0,0.0,15.32,1.66
2026-01-02 01:00:00-06:00,0.0,0.0,0.0,15.05,1.66
2026-01-02 02:00:00-06:00,0.0,0.0,0.0,14.69,1.59
2026-01-02 03:00:00-06:00,0.0,0.0,0.0,14.06,1.52
2026-01-02 04:00:00-06:00,0.0,0.0,0.0,13.49,1.59
2026-01-02 05:00:00-06:00,0.0,0.0,0.0,12.96,1.59
2026-01-02 06:00:00-06:00,0.0,0.0,0.0,12.35,1.59
2026-01-02 07:00:00-06:00,0.0,0.0,0.0,11.89,1.45
2026-01-02 08:00:00-06:00,237.6,1013.13,65.95,12.29,1.17
2026-01-02 09:00:00-06:00,457.65,997.19,87.05,18.19,0.41
2026-01-02 10:00:00-06:00,642.4,1023.4,89.8,21.57,0.55
2026-01-02 11:00:00-06:00,763.15,1006.69,95.8,23.76,0.97
2026-01-02 12:00:00-06:00,815.7,981.74,96.95,25.47,1.17
2026-01-02 13:00:00-06:00,792.1,938.21,95.15,26.74,1.31
2026-01-02 14:00:00-06:00,695.75,872.27,90.05,27.72,1.52
2026-01-02 15:00:00-06:00,535.45,770.45,80.85,28.16,1.52
2026-01-02 16:00:00-06:00,327.65,599.78,65.6,28.02,1.45
2026-01-02 17:00:00-06:00,106.7,294.79,34.35,27.24,1.24
2026-01-02 18:00:00-06:00,0.65,0.0,0.65,25.74,0.69
2026-01-02 19:00:00-06:00,0.0,0.0,0.0,24.78,0.34
2026-01-02 20:00:00-06:00,0.0,0.0,0.0,21.78,1.31
2026-01-02 21:00:00-06:00,0.0,0.0,0.0,20.35,2.0
2026-01-02 22:00:00-06:00,0.0,0.0,0.0,17.88,2.0
2026-01-02 23:00:00-06:00,0.0,0.0,0.0,16.38,1.86
2026-01-03 00:00:00-06:00,0.0,0.0,0.0,15.44,1.79
2026-01-03 01:00:00-06:00,0.0,0.0,0.0,14.61,1.72
2026-01-03 02:00:00-06:00,0.0,0.0,0.0,14.03,1.79
2026-01-03 03:00:00-06:00,0.0,0.0,0.0,13.51,1.79
2026-01-03 04:00:00-06:00,0.0,0.0,0.0,12.96,1.72
2026-01-03 05:00:00-06:00,0.0,0.0,0.0,12.46,1.72
2026-01-03 06:00:00-06:00,0.0,0.0,0.0,12.06,1.72
2026-01-03 07:00:00-06:00,0.0,0.0,0.0,11.97,1.72
2026-01-03 08:00:00-06:00,244.05,1073.39,63.15,12.36,1.38
2026-01-03 09:00:00-06:00,452.15,979.01,88.85,18.53,0.55
2026-01-03 10:00:00-06:00,637.3,998.11,98.5,22.83,0.55
2026-01-03 11:00:00-06:00,761.15,991.07,103.85,25.15,1.17
2026-01-03 12:00:00-06:00,813.85,957.37,112.2,26.87,1.38
2026-01-03 13:00:00-06:00,792.1,923.56,104.9,28.11,1.66
2026-01-03 14:00:00-06:00,671.65,796.39,117.35,29.04,1.79
2026-01-03 15:00:00-06:00,526.7,730.51,94.25,29.34,2.07
2026-01-03 16:00:00-06:00,323.35,578.04,69.55,29.12,2.14
2026-01-03 17:00:00-06:00,106.2,285.64,35.45,28.14,1.93
2026-01-03 18:00:00-06:00,0.8,0.0,0.8,26.59,0.97
2026-01-03 19:00:00-06:00,0.0,0.0,0.0,24.99,0.55
2026-01-03 20:00:00-06:00,0.0,0.0,0.0,22.57,1.45
2026-01-03 21:00:00-06:00,0.0,0.0,0.0,21.06,1.93
2026-01-03 22:00:00-06:00,0.0,0.0,0.0,18.61,2.0
2026-01-03 23:00:00-06:00,0.0,0.0,0.0,17.06,1.86
2026-01-04 00:00:00-06:00,0.0,0.0,0.0,16.16,1.86
2026-01-04 01:00:00-06:00,0.0,0.0,0.0,15.27,1.72
2026-01-04 02:00:00-06:00,0.0,0.0,0.0,14.56,1.66
2026-01-04 03:00:00-06:00,0.0,0.0,0.0,13.86,1.66
2026-01-04 04:00:00-06:00,0.0,0.0,0.0,13.26,1.72
2026-01-04 05:00:00-06:00,0.0,0.0,0.0,12.71,1.72
2026-01-04 06:00:00-06:00,0.0,0.0,0.0,12.17,1.72
2026-01-04 07:00:00-06:00,0.0,0.0,0.0,11.74,1.66
2026-01-04 08:00:00-06:00,244.75,1093.28,61.4,12.19,1.31
2026-01-04 09:00:00-06:00,458.7,1008.33,85.0,18.5,0.48
2026-01-04 10:00:00-06:00,645.25,1024.25,92.4,22.78,0.69
2026-01-04 11:00:00-06:00,769.2,1014.21,96.15,25.09,1.31
2026-01-04 12:00:00-06:00,820.1,972.88,106.25,26.83,1.59
2026-01-04 13:00:00-06:00,798.5,940.86,97.2,28.12,2.07
2026-01-04 14:00:00-06:00,701.3,875.73,90.3,29.03,2.34
2026-01-04 15:00:00-06:00,539.55,771.57,81.25,29.33,2.41
2026-01-04 16:00:00-06:00,331.2,600.42,66.25,29.02,2.28
2026-01-04 17:00:00-06:00,110.25,299.4,35.4,28.05,1.86
2026-01-04 18:00:00-06:00,0.9,0.0,0.9,26.49,0.55
2026-01-04 19:00:00-06:00,0.0,0.0,0.0,24.41,0.69
2026-01-04 20:00:00-06:00,0.0,0.0,0.0,22.1,1.31
2026-01-04 21:00:00-06:00,0.0,0.0,0.0,20.8,1.93
2026-01-04 22:00:00-06:00,0.0,0.0,0.0,18.81,2.07
2026-01-04 23:00:00-06:00,0.0,0.0,0.0,17.12,1.86
2026-01-05 00:00:00-06:00,0.0,0.0,0.0,16.11,1.79
2026-01-05 01:00:00-06:00,0.0,0.0,0.0,15.24,1.66
2026-01-05 02:00:00-06:00,0.0,0.0,0.0,14.85,1.72
2026-01-05 03:00:00-06:00,0.0,0.0,0.0,14.26,1.66
2026-01-05 04:00:00-06:00,0.0,0.0,0.0,13.59,1.66
2026-01-05 05:00:00-06:00,0.0,0.0,0.0,12.9,1.59
2026-01-05 06:00:00-06:00,0.0,0.0,0.0,12.36,1.59
2026-01-05 07:00:00-06:00,0.0,0.0,0.0,11.91,1.52
2026-01-05 08:00:00-06:00,241.85,1096.41,58.8,12.37,1.17
2026-01-05 09:00:00-06:00,459.45,1030.35,78.0,18.27,0.14
2026-01-05 10:00:00-06:00,639.25,1018.65,89.4,21.83,1.03
2026-01-05 11:00:00-06:00,760.65,1000.83,96.0,23.93,1.45
2026-01-05 12:00:00-06:00,815.35,976.25,98.1,25.61,1.66
2026-01-05 13:00:00-06:00,793.65,934.1,96.1,26.38,1.86
2026-01-05 14:00:00-06:00,697.1,866.23,91.2,27.3,1.93
2026-01-05 15:00:00-06:00,513.85,708.17,91.75,27.76,1.86
2026-01-05 16:00:00-06:00,326.2,572.67,72.2,27.52,1.79
2026-01-05 17:00:00-06:00,110.0,291.87,36.35,26.78,1.45
2026-01-05 18:00:00-06:00,1.05,0.0,1.05,25.45,0.48
2026-01-05 19:00:00-06:00,0.0,0.0,0.0,24.06,0.97
2026-01-05 20:00:00-06:00,0.0,0.0,0.0,22.41,1.66
2026-01-05 21:00:00-06:00,0.0,0.0,0.0,20.64,1.86
2026-01-05 22:00:00-06:00,0.0,0.0,0.0,18.7,1.79
2026-01-05 23:00:00-06:00,0.0,0.0,0.0,17.43,1.72
2026-01-06 00:00:00-06:00,0.0,0.0,0.0,16.55,1.66
2026-01-06 01:00:00-06:00,0.0,0.0,0.0,16.03,1.52
2026-01-06 02:00:00-06:00,0.0,0.0,0.0,15.27,1.45
2026-01-06 03:00:00-06:00,0.0,0.0,0.0,14.54,1.45
2026-01-06 04:00:00-06:00,0.0,0.0,0.0,13.88,1.38
2026-01-06 05:00:00-06:00,0.0,0.0,0.0,13.26,1.38
2026-01-06 06:00:00-06:00,0.0,0.0,0.0,12.81,1.38
2026-01-06 07:00:00-06:00,0.0,0.0,0.0,12.36,1.45
2026-01-06 08:00:00-06:00,238.8,1080.76,59.1,12.92,1.1
2026-01-06 09:00:00-06:00,454.6,1015.01,79.15,18.58,0.07
2026-01-06 10:00:00-06:00,634.4,1007.89,90.25,21.86,1.03
2026-01-06 11:00:00-06:00,756.0,992.15,96.55,23.89,1.38
2026-01-06 12:00:00-06:00,808.6,964.76,98.8,25.51,1.59
2026-01-06 13:00:00-06:00,786.8,921.92,97.0,26.65,1.79
2026-01-06 14:00:00-06:00,689.05,855.83,88.85,27.61,1.93
2026-01-06 15:00:00-06:00,502.0,685.0,92.25,27.96,1.38
2026-01-06 16:00:00-06:00,278.0,459.79,73.0,27.68,1.38
2026-01-06 17:00:00-06:00,100.6,242.22,38.9,26.78,1.17
2026-01-06 18:00:00-06:00,1.25,4.98,1.05,25.56,0.07
2026-01-06 19:00:00-06:00,0.0,0.0,0.0,24.03,1.1
2026-01-06 20:00:00-06:00,0.0,0.0,0.0,22.49,1.72
2026-01-06 21:00:00-06:00,0.0,0.0,0.0,20.65,1.86
2026-01-06 22:00:00-06:00,0.0,0.0,0.0,18.97,1.79
2026-01-06 23:00:00-06:00,0.0,0.0,0.0,17.83,1.72
2026-01-07 00:00:00-06:00,0.0,0.0,0.0,16.95,1.66
2026-01-07 01:00:00-06:00,0.0,0.0,0.0,16.15,1.52
2026-01-07 02:00:00-06:00,0.0,0.0,0.0,15.5,1.52
2026-01-07 03:00:00-06:00,0.0,0.0,0.0,14.79,1.52
2026-01-07 04:00:00-06:00,0.0,0.0,0.0,14.21,1.52
2026-01-07 05:00:00-06:00,0.0,0.0,0.0,13.63,1.52
2026-01-07 06:00:00-06:00,0.0,0.0,0.0,13.2,1.52
2026-01-07 07:00:00-06:00,0.0,0.0,0.0,13.09,1.52
2026-01-07 08:00:00-06:00,182.7,729.49,61.85,13.74,1.31
2026-01-07 09:00:00-06:00,360.05,654.66,118.05,19.19,0.62
2026-01-07 10:00:00-06:00,419.25,502.7,147.75,21.92,0.55
2026-01-07 11:00:00-06:00,605.5,662.69,164.6,23.22,1.38
2026-01-07 12:00:00-06:00,699.25,777.51,126.35,24.66,1.59
2026-01-07 13:00:00-06:00,635.75,692.42,116.6,26.39,1.59
2026-01-07 14:00:00-06:00,601.25,684.71,119.75,27.03,1.45
2026-01-07 15:00:00-06:00,489.85,648.61,100.45,27.4,1.31
2026-01-07 16:00:00-06:00,250.35,354.29,91.55,26.9,1.1
2026-01-07 17:00:00-06:00,89.55,207.27,36.25,26.35,1.03
2026-01-07 18:00:00-06:00,1.3,4.7,1.1,25.04,0.9
2026-01-07 19:00:00-06:00,0.0,0.0,0.0,23.37,1.1
2026-01-07 20:00:00-06:00,0.0,0.0,0.0,21.71,2.14
2026-01-07 21:00:00-06:00,0.0,0.0,0.0,19.97,1.72
2026-01-07 22:00:00-06:00,0.0,0.0,0.0,18.24,1.03
2026-01-07 23:00:00-06:00,0.0,0.0,0.0,17.13,0.62
2026-01-08 00:00:00-06:00,0.0,0.0,0.0,16.43,0.28
2026-01-08 01:00:00-06:00,0.0,0.0,0.0,15.31,0.07
2026-01-08 02:00:00-06:00,0.0,0.0,0.0,13.78,0.21
2026-01-08 03:00:00-06:00,0.0,0.0,0.0,13.12,0.34
2026-01-08 04:00:00-06:00,0.0,0.0,0.0,12.61,0.48
2026-01-08 05:00:00-06:00,0.0,0.0,0.0,11.73,0.69
2026-01-08 06:00:00-06:00,0.0,0.0,0.0,11.18,0.76
2026-01-08 07:00:00-06:00,0.0,0.0,0.0,10.76,0.83
2026-01-08 08:00:00-06:00,246.3,1131.25,59.5,11.0,0.76
2026-01-08 09:00:00-06:00,472.0,1067.53,77.55,14.02,0.28
2026-01-08 10:00:00-06:00,651.9,1038.39,90.8,16.8,0.62
2026-01-08 11:00:00-06:00,776.95,1021.76,96.4,19.15,1.17
2026-01-08 12:00:00-06:00,826.15,971.57,109.1,21.2,1.52
2026-01-08 13:00:00-06:00,815.4,957.64,95.85,22.69,1.86
2026-01-08 14:00:00-06:00,720.8,893.8,90.5,23.84,1.93
2026-01-08 15:00:00-06:00,553.7,777.04,85.45,24.43,1.79
2026-01-08 16:00:00-06:00,348.75,623.24,67.9,24.42,1.86
2026-01-08 17:00:00-06:00,121.75,322.22,38.1,23.72,1.86
2026-01-08 18:00:00-06:00,1.85,8.9,1.45,22.19,1.59
2026-01-08 19:00:00-06:00,0.0,0.0,0.0,20.42,1.38
2026-01-08 20:00:00-06:00,0.0,0.0,0.0,18.84,1.45
2026-01-08 21:00:00-06:00,0.0,0.0,0.0,16.91,1.1
2026-01-08 22:00:00-06:00,0.0,0.0,0.0,16.21,0.62
2026-01-08 23:00:00-06:00,0.0,0.0,0.0,15.55,0.34
2026-01-09 00:00:00-06:00,0.0,0.0,0.0,14.65,0.21
2026-01-09 01:00:00-06:00,0.0,0.0,0.0,13.63,0.07
2026-01-09 02:00:00-06:00,0.0,0.0,0.0,12.2,0.0
2026-01-09 03:00:00-06:00,0.0,0.0,0.0,11.55,0.07
2026-01-09 04:00:00-06:00,0.0,0.0,0.0,11.28,0.21
2026-01-09 05:00:00-06:00,0.0,0.0,0.0,11.01,0.34
2026-01-09 06:00:00-06:00,0.0,0.0,0.0,10.67,0.48
2026-01-09 07:00:00-06:00,0.0,0.0,0.0,10.3,0.69
2026-01-09 08:00:00-06:00,251.25,1172.08,58.25,10.56,0.62
2026-01-09 09:00:00-06:00,477.1,1082.79,77.1,13.48,0.07
2026-01-09 10:00:00-06:00,659.1,1049.82,91.45,16.35,0.9
2026-01-09 11:00:00-06:00,787.6,1036.93,96.1,18.65,1.24
2026-01-09 12:00:00-06:00,844.3,1009.06,98.3,20.55,1.38
2026-01-09 13:00:00-06:00,823.45,965.38,96.45,21.82,1.31
2026-01-09 14:00:00-06:00,727.25,899.07,91.4,22.95,1.24
2026-01-09 15:00:00-06:00,565.15,797.56,82.7,23.57,1.1
2026-01-09 16:00:00-06:00,353.75,630.35,68.15,23.62,1.03
2026-01-09 17:00:00-06:00,125.2,330.03,38.7,22.96,0.9
2026-01-09 18:00:00-06:00,2.15,10.55,1.65,21.63,0.41
2026-01-09 19:00:00-06:00,0.0,0.0,0.0,20.21,0.76
2026-01-09 20:00:00-06:00,0.0,0.0,0.0,18.31,1.38
2026-01-09 21:00:00-06:00,0.0,0.0,0.0,16.47,1.66
2026-01-09 22:00:00-06:00,0.0,0.0,0.0,15.05,1.86
2026-01-09 23:00:00-06:00,0.0,0.0,0.0,13.54,1.86
2026-01-10 00:00:00-06:00,0.0,0.0,0.0,11.91,1.59
2026-01-10 01:00:00-06:00,0.0,0.0,0.0,11.26,1.59
2026-01-10 02:00:00-06:00,0.0,0.0,0.0,10.54,1.59
2026-01-10 03:00:00-06:00,0.0,0.0,0.0,9.86,1.59
2026-01-10 04:00:00-06:00,0.0,0.0,0.0,9.32,1.59
2026-01-10 05:00:00-06:00,0.0,0.0,0.0,8.8,1.52
2026-01-10 06:00:00-06:00,0.0,0.0,0.0,8.37,1.52
2026-01-10 07:00:00-06:00,0.0,0.0,0.0,8.05,1.52
2026-01-10 08:00:00-06:00,249.3,1167.24,57.55,8.83,1.17
2026-01-10 09:00:00-06:00,471.95,1067.09,77.75,14.71,0.34
2026-01-10 10:00:00-06:00,657.3,1049.15,89.55,18.65,0.9
2026-01-10 11:00:00-06:00,783.9,1030.52,95.75,20.94,1.17
2026-01-10 12:00:00-06:00,840.6,1003.3,97.5,22.78,1.31
2026-01-10 13:00:00-06:00,820.4,959.48,96.15,24.06,1.45
2026-01-10 14:00:00-06:00,726.15,894.71,91.5,25.04,1.59
2026-01-10 15:00:00-06:00,566.0,796.11,82.55,25.48,1.59
2026-01-10 16:00:00-06:00,353.4,619.64,71.1,25.34,1.45
2026-01-10 17:00:00-06:00,126.15,323.11,40.65,24.52,1.17
2026-01-10 18:00:00-06:00,2.4,12.04,1.8,23.08,0.34
2026-01-10 19:00:00-06:00,0.0,0.0,0.0,21.52,0.9
2026-01-10 20:00:00-06:00,0.0,0.0,0.0,19.5,1.66
2026-01-10 21:00:00-06:00,0.0,0.0,0.0,17.79,1.93
2026-01-10 22:00:00-06:00,0.0,0.0,0.0,15.72,1.93
2026-01-10 23:00:00-06:00,0.0,0.0,0.0,14.27,1.79
2026-01-11 00:00:00-06:00,0.0,0.0,0.0,13.36,1.79
2026-01-11 01:00:00-06:00,0.0,0.0,0.0,12.76,1.79
2026-01-11 02:00:00-06:00,0.0,0.0,0.0,12.21,1.79
2026-01-11 03:00:00-06:00,0.0,0.0,0.0,11.72,1.79
2026-01-11 04:00:00-06:00,0.0,0.0,0.0,11.48,1.79
2026-01-11 05:00:00-06:00,0.0,0.0,0.0,11.14,1.72
2026-01-11 06:00:00-06:00,0.0,0.0,0.0,10.72,1.72
2026-01-11 07:00:00-06:00,0.0,0.0,0.0,10.3,1.66
2026-01-11 08:00:00-06:00,233.3,953.87,76.9,10.55,1.38
2026-01-11 09:00:00-06:00,436.65,930.32,92.9,16.47,0.41
2026-01-11 10:00:00-06:00,632.8,926.39,131.0,20.23,0.41
2026-01-11 11:00:00-06:00,745.2,886.42,152.4,22.62,0.9
2026-01-11 12:00:00-06:00,813.0,899.02,145.85,24.35,1.24
2026-01-11 13:00:00-06:00,741.1,800.42,135.45,25.23,1.52
2026-01-11 14:00:00-06:00,680.85,772.45,131.25,25.98,1.59
2026-01-11 15:00:00-06:00,511.85,601.96,144.85,26.3,1.59
2026-01-11 16:00:00-06:00,317.8,469.74,102.6,26.11,1.31
2026-01-11 17:00:00-06:00,105.75,209.04,49.9,25.44,0.97
2026-01-11 18:00:00-06:00,2.55,8.6,2.1,24.17,0.41
2026-01-11 19:00:00-06:00,0.0,0.0,0.0,22.53,0.55
2026-01-11 20:00:00-06:00,0.0,0.0,0.0,20.01,1.38
2026-01-11 21:00:00-06:00,0.0,0.0,0.0,18.24,1.79
2026-01-11 22:00:00-06:00,0.0,0.0,0.0,17.11,2.07
2026-01-11 23:00:00-06:00,0.0,0.0,0.0,15.36,2.0
2026-01-12 00:00:00-06:00,0.0,0.0,0.0,14.13,1.93
2026-01-12 01:00:00-06:00,0.0,0.0,0.0,13.93,1.86
2026-01-12 02:00:00-06:00,0.0,0.0,0.0,12.97,1.86
2026-01-12 03:00:00-06:00,0.0,0.0,0.0,12.08,1.72
2026-01-12 04:00:00-06:00,0.0,0.0,0.0,11.23,1.72
2026-01-12 05:00:00-06:00,0.0,0.0,0.0,10.72,1.66
2026-01-12 06:00:00-06:00,0.0,0.0,0.0,10.25,1.72
2026-01-12 07:00:00-06:00,0.0,0.0,0.0,9.84,1.72
2026-01-12 08:00:00-06:00,245.35,1140.63,58.6,10.21,1.38
2026-01-12 09:00:00-06:00,468.25,1054.9,78.3,16.56,0.48
2026-01-12 10:00:00-06:00,654.2,1041.17,89.6,21.04,0.69
2026-01-12 11:00:00-06:00,781.25,1023.86,95.45,23.21,1.24
2026-01-12 12:00:00-06:00,834.15,985.89,101.05,24.83,1.45
2026-01-12 13:00:00-06:00,815.8,940.97,102.0,25.55,1.59
2026-01-12 14:00:00-06:00,679.85,800.85,108.25,26.44,1.66
2026-01-12 15:00:00-06:00,547.85,713.15,111.3,26.55,1.66
2026-01-12 16:00:00-06:00,331.45,540.15,82.6,26.27,1.52
2026-01-12 17:00:00-06:00,124.25,292.67,45.3,25.37,0.97
2026-01-12 18:00:00-06:00,2.75,12.78,2.05,23.93,0.14
2026-01-12 19:00:00-06:00,0.0,0.0,0.0,21.92,0.69
2026-01-12 20:00:00-06:00,0.0,0.0,0.0,20.34,1.59
2026-01-12 21:00:00-06:00,0.0,0.0,0.0,18.95,1.93
2026-01-12 22:00:00-06:00,0.0,0.0,0.0,17.51,1.93
2026-01-12 23:00:00-06:00,0.0,0.0,0.0,16.27,1.86
2026-01-13 00:00:00-06:00,0.0,0.0,0.0,15.22,1.86
2026-01-13 01:00:00-06:00,0.0,0.0,0.0,14.41,1.79
2026-01-13 02:00:00-06:00,0.0,0.0,0.0,13.79,1.79
2026-01-13 03:00:00-06:00,0.0,0.0,0.0,13.23,1.79
2026-01-13 04:00:00-06:00,0.0,0.0,0.0,12.67,1.86
2026-01-13 05:00:00-06:00,0.0,0.0,0.0,12.04,1.86
2026-01-13 06:00:00-06:00,0.0,0.0,0.0,11.37,1.79
2026-01-13 07:00:00-06:00,0.0,0.0,0.0,10.82,1.79
2026-01-13 08:00:00-06:00,247.7,1170.19,56.3,11.18,1.59
2026-01-13 09:00:00-06:00,472.2,1072.87,75.35,17.22,0.69
2026-01-13 10:00:00-06:00,655.3,1041.79,89.65,21.49,0.34
2026-01-13 11:00:00-06:00,782.35,1023.08,95.9,23.71,0.9
2026-01-13 12:00:00-06:00,843.9,1003.85,95.85,25.36,0.97
2026-01-13 13:00:00-06:00,807.2,910.52,114.7,26.47,1.03
2026-01-13 14:00:00-06:00,674.4,798.43,102.7,27.11,1.31
2026-01-13 15:00:00-06:00,528.6,688.52,105.4,27.18,1.38
2026-01-13 16:00:00-06:00,320.45,514.86,81.9,26.84,1.31
2026-01-13 17:00:00-06:00,115.05,272.61,40.8,26.02,0.83
2026-01-13 18:00:00-06:00,3.2,15.71,2.3,24.79,0.34
2026-01-13 19:00:00-06:00,0.0,0.0,0.0,22.98,1.1
2026-01-13 20:00:00-06:00,0.0,0.0,0.0,21.17,1.52
2026-01-13 21:00:00-06:00,0.0,0.0,0.0,19.53,1.79
2026-01-13 22:00:00-06:00,0.0,0.0,0.0,17.75,1.66
2026-01-13 23:00:00-06:00,0.0,0.0,0.0,16.02,1.24
2026-01-14 00:00:00-06:00,0.0,0.0,0.0,16.63,0.69
2026-01-14 01:00:00-06:00,0.0,0.0,0.0,18.91,0.41
2026-01-14 02:00:00-06:00,0.0,0.0,0.0,17.94,0.55
2026-01-14 03:00:00-06:00,0.0,0.0,0.0,15.73,0.97
2026-01-14 04:00:00-06:00,0.0,0.0,0.0,13.34,1.17
2026-01-14 05:00:00-06:00,0.0,0.0,0.0,12.36,1.38
2026-01-14 06:00:00-06:00,0.0,0.0,0.0,11.79,1.66
2026-01-14 07:00:00-06:00,0.0,0.0,0.0,11.54,1.72
2026-01-14 08:00:00-06:00,229.25,1013.91,63.5,11.76,1.45
2026-01-14 09:00:00-06:00,455.45,992.25,88.1,16.11,0.97
2026-01-14 10:00:00-06:00,664.6,1057.51,89.6,19.06,0.21
2026-01-14 11:00:00-06:00,790.3,1032.15,96.5,21.58,0.97
2026-01-14 12:00:00-06:00,853.25,1011.26,98.0,23.53,1.38
2026-01-14 13:00:00-06:00,834.8,967.42,97.05,25.01,1.24
2026-01-14 14:00:00-06:00,742.65,905.93,91.85,25.97,1.38
2026-01-14 15:00:00-06:00,575.15,787.41,89.15,26.41,1.45
2026-01-14 16:00:00-06:00,370.9,647.34,69.25,26.24,1.38
2026-01-14 17:00:00-06:00,138.4,354.19,41.0,25.5,1.1
2026-01-14 18:00:00-06:00,3.75,20.07,2.55,24.2,0.21
2026-01-14 19:00:00-06:00,0.0,0.0,0.0,22.68,0.97
2026-01-14 20:00:00-06:00,0.0,0.0,0.0,20.32,1.45
2026-01-14 21:00:00-06:00,0.0,0.0,0.0,18.43,1.72
2026-01-14 22:00:00-06:00,0.0,0.0,0.0,16.77,1.79
2026-01-14 23:00:00-06:00,0.0,0.0,0.0,15.09,1.59
2026-01-15 00:00:00-06:00,0.0,0.0,0.0,13.74,1.52
2026-01-15 01:00:00-06:00,0.0,0.0,0.0,13.05,1.66
2026-01-15 02:00:00-06:00,0.0,0.0,0.0,12.19,1.66
2026-01-15 03:00:00-06:00,0.0,0.0,0.0,11.4,1.66
2026-01-15 04:00:00-06:00,0.0,0.0,0.0,10.73,1.59
2026-01-15 05:00:00-06:00,0.0,0.0,0.0,10.23,1.59
2026-01-15 06:00:00-06:00,0.0,0.0,0.0,9.74,1.59
2026-01-15 07:00:00-06:00,0.0,0.0,0.0,9.27,1.59
2026-01-15 08:00:00-06:00,245.85,1149.46,57.95,9.76,1.24
2026-01-15 09:00:00-06:00,469.85,1055.53,78.65,16.1,0.28
2026-01-15 10:00:00-06:00,657.0,1039.61,90.85,20.22,0.76
2026-01-15 11:00:00-06:00,786.15,1024.14,96.4,22.33,1.17
2026-01-15 12:00:00-06:00,848.15,1001.51,98.45,23.98,1.31
2026-01-15 13:00:00-06:00,829.9,957.95,97.35,24.68,1.59
2026-01-15 14:00:00-06:00,736.55,893.33,92.65,25.63,1.66
2026-01-15 15:00:00-06:00,577.7,796.45,84.05,26.02,1.79
2026-01-15 16:00:00-06:00,356.9,589.75,80.5,25.88,1.93
2026-01-15 17:00:00-06:00,136.15,335.49,43.0,25.08,1.59
2026-01-15 18:00:00-06:00,4.0,21.67,2.65,23.81,0.69
2026-01-15 19:00:00-06:00,0.0,0.0,0.0,22.36,0.9
2026-01-15 20:00:00-06:00,0.0,0.0,0.0,20.53,1.72
2026-01-15 21:00:00-06:00,0.0,0.0,0.0,18.66,2.0
2026-01-15 22:00:00-06:00,0.0,0.0,0.0,16.55,1.86
2026-01-15 23:00:00-06:00,0.0,0.0,0.0,15.19,1.79
2026-01-16 00:00:00-06:00,0.0,0.0,0.0,14.24,1.79
2026-01-16 01:00:00-06:00,0.0,0.0,0.0,13.39,1.66
2026-01-16 02:00:00-06:00,0.0,0.0,0.0,12.88,1.66
2026-01-16 03:00:00-06:00,0.0,0.0,0.0,12.11,1.66
2026-01-16 04:00:00-06:00,0.0,0.0,0.0,11.73,1.66
2026-01-16 05:00:00-06:00,0.0,0.0,0.0,11.33,1.66
2026-01-16 06:00:00-06:00,0.0,0.0,0.0,10.88,1.66
2026-01-16 07:00:00-06:00,0.0,0.0,0.0,10.55,1.66
2026-01-16 08:00:00-06:00,243.45,1129.42,58.75,10.82,1.38
2026-01-16 09:00:00-06:00,467.55,1047.7,78.75,16.79,0.48
2026-01-16 10:00:00-06:00,655.15,1035.46,90.3,20.42,0.55
2026-01-16 11:00:00-06:00,784.45,1019.23,96.6,22.56,1.1
2026-01-16 12:00:00-06:00,845.0,994.57,98.7,24.19,1.38
2026-01-16 13:00:00-06:00,827.65,952.11,97.5,24.91,1.52
2026-01-16 14:00:00-06:00,735.65,888.84,92.8,25.86,1.45
2026-01-16 15:00:00-06:00,577.15,792.26,84.0,26.35,1.52
2026-01-16 16:00:00-06:00,368.4,634.08,69.5,26.28,1.45
2026-01-16 17:00:00-06:00,139.5,347.63,42.05,25.57,1.24
2026-01-16 18:00:00-06:00,4.4,23.14,2.9,24.26,0.34
2026-01-16 19:00:00-06:00,0.0,0.0,0.0,22.78,0.9
2026-01-16 20:00:00-06:00,0.0,0.0,0.0,20.74,1.45
2026-01-16 21:00:00-06:00,0.0,0.0,0.0,19.12,1.79
2026-01-16 22:00:00-06:00,0.0,0.0,0.0,17.59,2.0
2026-01-16 23:00:00-06:00,0.0,0.0,0.0,15.68,1.93
2026-01-17 00:00:00-06:00,0.0,0.0,0.0,14.52,1.79
2026-01-17 01:00:00-06:00,0.0,0.0,0.0,14.0,1.72
2026-01-17 02:00:00-06:00,0.0,0.0,0.0,13.24,1.72
2026-01-17 03:00:00-06:00,0.0,0.0,0.0,12.45,1.72
2026-01-17 04:00:00-06:00,0.0,0.0,0.0,11.83,1.72
2026-01-17 05:00:00-06:00,0.0,0.0,0.0,11.33,1.72
2026-01-17 06:00:00-06:00,0.0,0.0,0.0,10.86,1.72
2026-01-17 07:00:00-06:00,0.0,0.0,0.0,10.4,1.66
2026-01-17 08:00:00-06:00,237.45,1084.74,59.9,10.73,1.31
2026-01-17 09:00:00-06:00,464.55,1029.17,82.05,16.72,0.34
2026-01-17 10:00:00-06:00,651.55,1020.1,94.05,20.38,0.69
2026-01-17 11:00:00-06:00,782.25,1008.69,100.05,22.42,1.1
2026-01-17 12:00:00-06:00,840.0,978.0,104.3,23.94,1.31
2026-01-17 13:00:00-06:00,825.2,941.28,101.25,24.82,1.86
2026-01-17 14:00:00-06:00,737.95,889.97,92.05,25.52,1.79
2026-01-17 15:00:00-06:00,548.8,737.02,88.05,25.84,1.79
2026-01-17 16:00:00-06:00,363.65,615.53,71.8,25.58,1.59
2026-01-17 17:00:00-06:00,136.05,335.48,41.1,24.92,1.38
2026-01-17 18:00:00-06:00,4.7,23.01,3.15,23.71,0.83
2026-01-17 19:00:00-06:00,0.0,0.0,0.0,22.13,0.62
2026-01-17 20:00:00-06:00,0.0,0.0,0.0,20.39,1.1
2026-01-17 21:00:00-06:00,0.0,0.0,0.0,18.79,1.52
2026-01-17 22:00:00-06:00,0.0,0.0,0.0,17.67,1.79
2026-01-17 23:00:00-06:00,0.0,0.0,0.0,15.93,1.79
2026-01-18 00:00:00-06:00,0.0,0.0,0.0,14.87,1.72
2026-01-18 01:00:00-06:00,0.0,0.0,0.0,14.14,1.59
2026-01-18 02:00:00-06:00,0.0,0.0,0.0,13.31,1.59
2026-01-18 03:00:00-06:00,0.0,0.0,0.0,12.6,1.59
2026-01-18 04:00:00-06:00,0.0,0.0,0.0,11.97,1.59
2026-01-18 05:00:00-06:00,0.0,0.0,0.0,11.45,1.59
2026-01-18 06:00:00-06:00,0.0,0.0,0.0,11.01,1.59
2026-01-18 07:00:00-06:00,0.0,0.0,0.0,10.63,1.59
2026-01-18 08:00:00-06:00,239.65,1095.16,60.15,11.1,1.24
2026-01-18 09:00:00-06:00,463.65,1029.41,80.4,17.11,0.34
2026-01-18 10:00:00-06:00,629.5,961.56,102.95,20.44,0.55
2026-01-18 11:00:00-06:00,775.75,991.58,103.6,22.43,1.03
2026-01-18 12:00:00-06:00,840.95,979.99,101.85,24.07,1.38
2026-01-18 13:00:00-06:00,824.4,938.81,100.2,24.79,1.52
2026-01-18 14:00:00-06:00,735.6,881.27,93.75,25.75,1.59
2026-01-18 15:00:00-06:00,577.0,783.03,85.35,26.23,1.59
2026-01-18 16:00:00-06:00,370.65,629.35,70.5,26.23,1.52
2026-01-18 17:00:00-06:00,140.9,341.05,43.45,25.55,1.31
2026-01-18 18:00:00-06:00,5.1,25.76,3.3,24.24,0.48
2026-01-18 19:00:00-06:00,0.0,0.0,0.0,22.73,0.62
2026-01-18 20:00:00-06:00,0.0,0.0,0.0,20.69,1.03
2026-01-18 21:00:00-06:00,0.0,0.0,0.0,18.91,1.52
2026-01-18 22:00:00-06:00,0.0,0.0,0.0,17.57,1.79
2026-01-18 23:00:00-06:00,0.0,0.0,0.0,16.24,1.86
2026-01-19 00:00:00-06:00,0.0,0.0,0.0,15.06,1.72
2026-01-19 01:00:00-06:00,0.0,0.0,0.0,14.29,1.59
2026-01-19 02:00:00-06:00,0.0,0.0,0.0,13.43,1.59
2026-01-19 03:00:00-06:00,0.0,0.0,0.0,12.71,1.59
2026-01-19 04:00:00-06:00,0.0,0.0,0.0,12.13,1.59
2026-01-19 05:00:00-06:00,0.0,0.0,0.0,11.64,1.59
2026-01-19 06:00:00-06:00,0.0,0.0,0.0,11.17,1.52
2026-01-19 07:00:00-06:00,0.0,0.0,0.0,10.82,1.52
2026-01-19 08:00:00-06:00,238.35,1059.36,64.4,11.47,1.24
2026-01-19 09:00:00-06:00,460.85,999.01,88.2,17.09,0.34
2026-01-19 10:00:00-06:00,645.95,974.64,111.1,20.5,0.76
2026-01-19 11:00:00-06:00,778.6,978.79,113.55,22.57,1.24
2026-01-19 12:00:00-06:00,834.45,935.13,127.3,24.22,1.45
2026-01-19 13:00:00-06:00,815.75,885.1,130.9,25.34,1.86
2026-01-19 14:00:00-06:00,722.8,821.97,122.0,26.14,2.0
2026-01-19 15:00:00-06:00,568.35,726.88,109.95,26.55,1.93
2026-01-19 16:00:00-06:00,364.25,582.52,84.8,26.51,1.66
2026-01-19 17:00:00-06:00,141.6,323.61,48.25,25.96,1.31
2026-01-19 18:00:00-06:00,5.45,23.47,3.75,24.76,0.34
2026-01-19 19:00:00-06:00,0.0,0.0,0.0,23.29,0.76
2026-01-19 20:00:00-06:00,0.0,0.0,0.0,21.23,1.31
2026-01-19 21:00:00-06:00,0.0,0.0,0.0,19.27,1.59
2026-01-19 22:00:00-06:00,0.0,0.0,0.0,17.75,1.79
2026-01-19 23:00:00-06:00,0.0,0.0,0.0,16.45,1.86
2026-01-20 00:00:00-06:00,0.0,0.0,0.0,15.06,1.79
2026-01-20 01:00:00-06:00,0.0,0.0,0.0,14.17,1.66
2026-01-20 02:00:00-06:00,0.0,0.0,0.0,13.23,1.59
2026-01-20 03:00:00-06:00,0.0,0.0,0.0,12.48,1.52
2026-01-20 04:00:00-06:00,0.0,0.0,0.0,11.92,1.52
2026-01-20 05:00:00-06:00,0.0,0.0,0.0,11.5,1.45
2026-01-20 06:00:00-06:00,0.0,0.0,0.0,11.19,1.52
2026-01-20 07:00:00-06:00,0.0,0.0,0.0,10.84,1.59
2026-01-20 08:00:00-06:00,242.05,1104.62,60.25,11.69,1.31
2026-01-20 09:00:00-06:00,467.4,1033.39,81.1,16.48,0.14
2026-01-20 10:00:00-06:00,657.1,1025.8,92.9,20.01,0.76
2026-01-20 11:00:00-06:00,788.35,1010.51,100.05,22.04,1.24
2026-01-20 12:00:00-06:00,847.2,980.44,103.75,23.58,1.59
2026-01-20 13:00:00-06:00,830.75,936.53,103.85,25.15,2.0
2026-01-20 14:00:00-06:00,743.45,883.6,95.25,26.08,2.21
2026-01-20 15:00:00-06:00,582.15,779.79,88.2,26.54,2.41
2026-01-20 16:00:00-06:00,376.4,628.85,72.95,26.45,2.41
2026-01-20 17:00:00-06:00,146.7,349.59,44.9,25.81,2.34
2026-01-20 18:00:00-06:00,5.85,28.68,3.7,24.35,1.59
2026-01-20 19:00:00-06:00,0.0,0.0,0.0,22.66,0.83
2026-01-20 20:00:00-06:00,0.0,0.0,0.0,21.8,0.34
2026-01-20 21:00:00-06:00,0.0,0.0,0.0,21.05,0.62
2026-01-20 22:00:00-06:00,0.0,0.0,0.0,18.31,1.31
2026-01-20 23:00:00-06:00,0.0,0.0,0.0,16.41,1.66
2026-01-21 00:00:00-06:00,0.0,0.0,0.0,14.86,1.66
2026-01-21 01:00:00-06:00,0.0,0.0,0.0,14.44,1.52
2026-01-21 02:00:00-06:00,0.0,0.0,0.0,13.11,1.59
2026-01-21 03:00:00-06:00,0.0,0.0,0.0,12.17,1.52
2026-01-21 04:00:00-06:00,0.0,0.0,0.0,11.46,1.52
2026-01-21 05:00:00-06:00,0.0,0.0,0.0,10.9,1.59
2026-01-21 06:00:00-06:00,0.0,0.0,0.0,10.46,1.59
2026-01-21 07:00:00-06:00,0.0,0.0,0.0,10.03,1.59
2026-01-21 08:00:00-06:00,246.15,1119.75,61.35,10.44,1.31
2026-01-21 09:00:00-06:00,475.4,1054.72,80.2,16.33,0.34
2026-01-21 10:00:00-06:00,667.25,1041.85,92.85,19.69,0.83
2026-01-21 11:00:00-06:00,799.4,1024.84,99.55,21.78,1.45
2026-01-21 12:00:00-06:00,857.65,989.45,105.25,23.47,1.86
2026-01-21 13:00:00-06:00,841.45,945.83,105.0,24.87,2.14
2026-01-21 14:00:00-06:00,746.65,871.33,105.1,25.93,2.21
2026-01-21 15:00:00-06:00,592.6,794.16,87.3,26.52,2.28
2026-01-21 16:00:00-06:00,382.85,639.68,72.35,26.49,2.28
2026-01-21 17:00:00-06:00,152.25,363.84,45.3,25.82,2.21
2026-01-21 18:00:00-06:00,6.6,32.25,4.1,24.29,1.66
2026-01-21 19:00:00-06:00,0.0,0.0,0.0,22.49,0.9
2026-01-21 20:00:00-06:00,0.0,0.0,0.0,21.69,0.28
2026-01-21 21:00:00-06:00,0.0,0.0,0.0,19.36,1.1
2026-01-21 22:00:00-06:00,0.0,0.0,0.0,16.98,1.79
2026-01-21 23:00:00-06:00,0.0,0.0,0.0,15.25,1.79
2026-01-22 00:00:00-06:00,0.0,0.0,0.0,13.71,1.72
2026-01-22 01:00:00-06:00,0.0,0.0,0.0,13.41,1.72
2026-01-22 02:00:00-06:00,0.0,0.0,0.0,12.79,1.72
2026-01-22 03:00:00-06:00,0.0,0.0,0.0,11.95,1.79
2026-01-22 04:00:00-06:00,0.0,0.0,0.0,11.53,1.72
2026-01-22 05:00:00-06:00,0.0,0.0,0.0,11.14,1.72
2026-01-22 06:00:00-06:00,0.0,0.0,0.0,10.79,1.79
2026-01-22 07:00:00-06:00,0.0,0.0,0.0,10.49,1.79
2026-01-22 08:00:00-06:00,251.0,1149.95,60.6,10.67,1.52
2026-01-22 09:00:00-06:00,481.95,1067.07,81.1,16.22,0.34
2026-01-22 10:00:00-06:00,675.8,1054.51,92.95,20.68,0.9
2026-01-22 11:00:00-06:00,810.3,1038.03,99.55,23.16,1.24
2026-01-22 12:00:00-06:00,872.95,1010.53,102.3,25.29,1.52
2026-01-22 13:00:00-06:00,857.6,968.57,101.0,26.57,1.86
2026-01-22 14:00:00-06:00,766.0,906.8,95.85,27.81,2.21
2026-01-22 15:00:00-06:00,605.25,810.56,87.2,28.4,2.21
2026-01-22 16:00:00-06:00,392.4,654.26,72.95,28.4,2.14
2026-01-22 17:00:00-06:00,157.6,375.96,46.05,27.62,1.86
2026-01-22 18:00:00-06:00,7.25,36.22,4.35,26.12,1.1
2026-01-22 19:00:00-06:00,0.0,0.0,0.0,24.96,0.34
2026-01-22 20:00:00-06:00,0.0,0.0,0.0,21.99,1.59
2026-01-22 21:00:00-06:00,0.0,0.0,0.0,19.6,2.14
2026-01-22 22:00:00-06:00,0.0,0.0,0.0,16.46,1.93
2026-01-22 23:00:00-06:00,0.0,0.0,0.0,14.97,1.93
2026-01-23 00:00:00-06:00,0.0,0.0,0.0,13.89,1.86
2026-01-23 01:00:00-06:00,0.0,0.0,0.0,13.18,1.79
2026-01-23 02:00:00-06:00,0.0,0.0,0.0,12.54,1.79
2026-01-23 03:00:00-06:00,0.0,0.0,0.0,12.01,1.86
2026-01-23 04:00:00-06:00,0.0,0.0,0.0,11.49,1.86
2026-01-23 05:00:00-06:00,0.0,0.0,0.0,10.98,1.93
2026-01-23 06:00:00-06:00,0.0,0.0,0.0,10.42,1.86
2026-01-23 07:00:00-06:00,0.0,0.0,0.0,9.93,1.79
2026-01-23 08:00:00-06:00,253.6,1167.98,59.5,10.41,1.52
2026-01-23 09:00:00-06:00,483.0,1068.39,80.55,16.88,0.55
2026-01-23 10:00:00-06:00,676.3,1052.7,92.9,21.87,0.69
2026-01-23 11:00:00-06:00,811.2,1036.56,99.5,23.96,1.17
2026-01-23 12:00:00-06:00,879.05,1015.84,102.05,25.66,1.24
2026-01-23 13:00:00-06:00,864.45,973.95,101.15,26.93,1.52
2026-01-23 14:00:00-06:00,771.9,910.34,96.6,27.86,1.38
2026-01-23 15:00:00-06:00,611.7,815.87,87.9,28.37,1.31
2026-01-23 16:00:00-06:00,398.55,661.42,73.7,28.27,1.24
2026-01-23 17:00:00-06:00,161.55,382.68,46.95,27.47,0.9
2026-01-23 18:00:00-06:00,7.85,38.74,4.65,25.96,0.28
2026-01-23 19:00:00-06:00,0.0,0.0,0.0,24.27,0.97
2026-01-23 20:00:00-06:00,0.0,0.0,0.0,22.01,1.79
2026-01-23 21:00:00-06:00,0.0,0.0,0.0,20.08,2.07
2026-01-23 22:00:00-06:00,0.0,0.0,0.0,18.43,2.21
2026-01-23 23:00:00-06:00,0.0,0.0,0.0,16.54,2.14
2026-01-24 00:00:00-06:00,0.0,0.0,0.0,15.07,1.93
2026-01-24 01:00:00-06:00,0.0,0.0,0.0,14.32,1.79
2026-01-24 02:00:00-06:00,0.0,0.0,0.0,13.43,1.72
2026-01-24 03:00:00-06:00,0.0,0.0,0.0,12.67,1.72
2026-01-24 04:00:00-06:00,0.0,0.0,0.0,11.97,1.66
2026-01-24 05:00:00-06:00,0.0,0.0,0.0,11.33,1.66
2026-01-24 06:00:00-06:00,0.0,0.0,0.0,10.77,1.66
2026-01-24 07:00:00-06:00,0.0,0.0,0.0,10.26,1.59
2026-01-24 08:00:00-06:00,241.5,1065.16,63.75,10.88,1.24
2026-01-24 09:00:00-06:00,458.55,992.32,83.65,16.62,0.07
2026-01-24 10:00:00-06:00,647.85,971.23,108.1,20.09,0.9
2026-01-24 11:00:00-06:00,800.25,1014.95,101.4,22.18,1.17
2026-01-24 12:00:00-06:00,840.55,944.6,115.85,23.95,1.38
2026-01-24 13:00:00-06:00,843.0,920.73,119.0,24.88,1.59
2026-01-24 14:00:00-06:00,730.15,829.01,112.85,25.86,1.79
2026-01-24 15:00:00-06:00,522.35,626.66,118.2,26.23,1.79
2026-01-24 16:00:00-06:00,383.8,622.01,76.5,26.07,1.72
2026-01-24 17:00:00-06:00,154.4,351.38,48.2,25.57,1.45
2026-01-24 18:00:00-06:00,7.9,35.83,4.85,24.43,0.83
2026-01-24 19:00:00-06:00,0.0,0.0,0.0,22.98,0.48
2026-01-24 20:00:00-06:00,0.0,0.0,0.0,21.26,1.17
2026-01-24 21:00:00-06:00,0.0,0.0,0.0,19.66,1.66
2026-01-24 22:00:00-06:00,0.0,0.0,0.0,18.49,1.86
2026-01-24 23:00:00-06:00,0.0,0.0,0.0,16.7,1.86
2026-01-25 00:00:00-06:00,0.0,0.0,0.0,15.31,1.72
2026-01-25 01:00:00-06:00,0.0,0.0,0.0,14.62,1.66
2026-01-25 02:00:00-06:00,0.0,0.0,0.0,13.69,1.59
2026-01-25 03:00:00-06:00,0.0,0.0,0.0,12.91,1.59
2026-01-25 04:00:00-06:00,0.0,0.0,0.0,12.28,1.59
2026-01-25 05:00:00-06:00,0.0,0.0,0.0,11.74,1.59
2026-01-25 06:00:00-06:00,0.0,0.0,0.0,11.25,1.59
2026-01-25 07:00:00-06:00,0.0,0.0,0.0,10.78,1.59
2026-01-25 08:00:00-06:00,247.55,1105.61,62.2,11.16,1.24
2026-01-25 09:00:00-06:00,478.9,1041.71,84.1,17.1,0.21
2026-01-25 10:00:00-06:00,668.6,1027.71,95.8,20.55,0.83
2026-01-25 11:00:00-06:00,785.6,971.79,114.5,22.68,1.17
2026-01-25 12:00:00-06:00,869.45,993.65,104.75,24.33,1.38
2026-01-25 13:00:00-06:00,855.4,953.43,103.15,25.64,1.79
2026-01-25 14:00:00-06:00,764.75,891.87,98.1,26.69,1.93
2026-01-25 15:00:00-06:00,605.85,797.47,89.2,27.31,1.93
2026-01-25 16:00:00-06:00,396.1,646.55,74.8,27.34,1.79
2026-01-25 17:00:00-06:00,161.35,372.12,47.85,26.79,1.52
2026-01-25 18:00:00-06:00,8.55,39.93,5.05,25.51,0.9
2026-01-25 19:00:00-06:00,0.0,0.0,0.0,24.22,0.07
2026-01-25 20:00:00-06:00,0.0,0.0,0.0,21.79,1.03
2026-01-25 21:00:00-06:00,0.0,0.0,0.0,19.93,1.66
2026-01-25 22:00:00-06:00,0.0,0.0,0.0,18.58,2.0
2026-01-25 23:00:00-06:00,0.0,0.0,0.0,16.35,1.86
2026-01-26 00:00:00-06:00,0.0,0.0,0.0,15.24,1.79
2026-01-26 01:00:00-06:00,0.0,0.0,0.0,14.47,1.72
2026-01-26 02:00:00-06:00,0.0,0.0,0.0,14.01,1.72
2026-01-26 03:00:00-06:00,0.0,0.0,0.0,13.2,1.72
2026-01-26 04:00:00-06:00,0.0,0.0,0.0,12.51,1.72
2026-01-26 05:00:00-06:00,0.0,0.0,0.0,11.88,1.66
2026-01-26 06:00:00-06:00,0.0,0.0,0.0,11.6,1.66
2026-01-26 07:00:00-06:00,0.0,0.0,0.0,11.29,1.66
2026-01-26 08:00:00-06:00,252.9,1135.06,61.65,11.65,1.38
2026-01-26 09:00:00-06:00,485.4,1060.47,82.15,17.86,0.41
2026-01-26 10:00:00-06:00,679.95,1047.51,94.35,21.7,0.48
2026-01-26 11:00:00-06:00,816.1,1031.88,101.35,24.06,0.76
2026-01-26 12:00:00-06:00,882.5,1008.72,103.75,26.0,0.83
2026-01-26 13:00:00-06:00,869.55,968.55,102.75,27.55,1.17
2026-01-26 14:00:00-06:00,780.0,908.56,98.25,28.65,1.31
2026-01-26 15:00:00-06:00,620.9,816.43,89.55,29.2,1.38
2026-01-26 16:00:00-06:00,407.55,664.68,75.3,29.11,1.31
2026-01-26 17:00:00-06:00,169.0,390.7,48.75,28.34,1.17
2026-01-26 18:00:00-06:00,9.5,44.91,5.45,26.88,0.48
2026-01-26 19:00:00-06:00,0.0,0.0,0.0,25.32,0.83
2026-01-26 20:00:00-06:00,0.0,0.0,0.0,22.84,1.52
2026-01-26 21:00:00-06:00,0.0,0.0,0.0,21.09,2.0
2026-01-26 22:00:00-06:00,0.0,0.0,0.0,18.94,2.21
2026-01-26 23:00:00-06:00,0.0,0.0,0.0,16.67,2.0
2026-01-27 00:00:00-06:00,0.0,0.0,0.0,15.42,1.86
2026-01-27 01:00:00-06:00,0.0,0.0,0.0,15.07,1.79
2026-01-27 02:00:00-06:00,0.0,0.0,0.0,14.26,1.79
2026-01-27 03:00:00-06:00,0.0,0.0,0.0,13.46,1.72
2026-01-27 04:00:00-06:00,0.0,0.0,0.0,12.64,1.72
2026-01-27 05:00:00-06:00,0.0,0.0,0.0,11.87,1.66
2026-01-27 06:00:00-06:00,0.0,0.0,0.0,11.18,1.66
2026-01-27 07:00:00-06:00,0.0,0.0,0.0,10.59,1.72
2026-01-27 08:00:00-06:00,254.3,1134.47,62.1,10.95,1.38
2026-01-27 09:00:00-06:00,484.8,1051.5,83.55,17.51,0.41
2026-01-27 10:00:00-06:00,679.3,1040.3,95.9,21.27,0.62
2026-01-27 11:00:00-06:00,814.25,1023.51,103.1,23.37,1.17
2026-01-27 12:00:00-06:00,877.4,995.79,106.15,25.11,1.38
2026-01-27 13:00:00-06:00,863.45,955.19,104.6,26.24,1.59
2026-01-27 14:00:00-06:00,773.6,895.02,99.4,27.25,1.59
2026-01-27 15:00:00-06:00,615.25,803.0,90.25,27.9,1.66
2026-01-27 16:00:00-06:00,403.85,652.75,75.65,27.98,1.66
2026-01-27 17:00:00-06:00,168.1,383.19,49.1,27.4,1.45
2026-01-27 18:00:00-06:00,9.8,44.77,5.65,26.09,0.76
2026-01-27 19:00:00-06:00,0.0,0.0,0.0,24.6,0.41
2026-01-27 20:00:00-06:00,0.0,0.0,0.0,22.2,1.24
2026-01-27 21:00:00-06:00,0.0,0.0,0.0,20.16,1.72
2026-01-27 22:00:00-06:00,0.0,0.0,0.0,18.46,1.93
2026-01-27 23:00:00-06:00,0.0,0.0,0.0,16.84,1.93
2026-01-28 00:00:00-06:00,0.0,0.0,0.0,15.68,1.86
2026-01-28 01:00:00-06:00,0.0,0.0,0.0,14.69,1.72
2026-01-28 02:00:00-06:00,0.0,0.0,0.0,13.66,1.72
2026-01-28 03:00:00-06:00,0.0,0.0,0.0,12.79,1.72
2026-01-28 04:00:00-06:00,0.0,0.0,0.0,12.02,1.66
2026-01-28 05:00:00-06:00,0.0,0.0,0.0,11.39,1.72
2026-01-28 06:00:00-06:00,0.0,0.0,0.0,10.78,1.66
2026-01-28 07:00:00-06:00,0.0,0.0,0.0,10.32,1.72
2026-01-28 08:00:00-06:00,254.85,1133.66,61.65,10.7,1.31
2026-01-28 09:00:00-06:00,485.9,1051.0,83.35,17.13,0.34
2026-01-28 10:00:00-06:00,681.3,1041.27,95.45,21.09,0.97
2026-01-28 11:00:00-06:00,817.4,1025.71,102.45,23.19,1.38
2026-01-28 12:00:00-06:00,881.75,999.04,105.45,24.83,1.52
2026-01-28 13:00:00-06:00,866.9,956.62,104.25,25.6,1.72
2026-01-28 14:00:00-06:00,777.3,897.69,98.45,26.52,1.66
2026-01-28 15:00:00-06:00,618.2,803.61,90.4,26.96,1.59
2026-01-28 16:00:00-06:00,406.85,655.2,75.5,26.88,1.45
2026-01-28 17:00:00-06:00,171.15,388.9,49.3,26.37,1.24
2026-01-28 18:00:00-06:00,10.4,46.75,5.95,25.32,0.62
2026-01-28 19:00:00-06:00,0.0,0.0,0.0,24.02,0.9
2026-01-28 20:00:00-06:00,0.0,0.0,0.0,21.79,1.38
2026-01-28 21:00:00-06:00,0.0,0.0,0.0,20.11,1.79
2026-01-28 22:00:00-06:00,0.0,0.0,0.0,18.96,2.0
2026-01-28 23:00:00-06:00,0.0,0.0,0.0,16.93,2.0
2026-01-29 00:00:00-06:00,0.0,0.0,0.0,15.6,1.72
2026-01-29 01:00:00-06:00,0.0,0.0,0.0,15.98,1.24
2026-01-29 02:00:00-06:00,0.0,0.0,0.0,16.23,1.03
2026-01-29 03:00:00-06:00,0.0,0.0,0.0,16.01,0.97
2026-01-29 04:00:00-06:00,0.0,0.0,0.0,15.14,1.1
2026-01-29 05:00:00-06:00,0.0,0.0,0.0,14.13,1.31
2026-01-29 06:00:00-06:00,0.0,0.0,0.0,13.42,1.38
2026-01-29 07:00:00-06:00,0.0,0.0,0.0,12.36,1.38
2026-01-29 08:00:00-06:00,194.1,731.19,68.7,12.72,1.03
2026-01-29 09:00:00-06:00,358.1,616.37,121.1,16.88,0.14
2026-01-29 10:00:00-06:00,560.6,737.69,144.15,19.21,1.24
2026-01-29 11:00:00-06:00,712.8,767.77,175.9,20.91,1.79
2026-01-29 12:00:00-06:00,317.55,107.55,233.7,22.45,1.86
2026-01-29 13:00:00-06:00,481.75,309.41,234.2,19.79,1.38
2026-01-29 14:00:00-06:00,478.85,399.7,175.4,21.0,1.31
2026-01-29 15:00:00-06:00,403.05,367.46,160.6,21.46,1.45
2026-01-29 16:00:00-06:00,224.0,138.21,153.7,21.69,1.52
2026-01-29 17:00:00-06:00,136.95,251.2,57.55,21.31,1.24
2026-01-29 18:00:00-06:00,8.2,31.23,5.15,20.76,0.76
2026-01-29 19:00:00-06:00,0.0,0.0,0.0,19.77,0.55
2026-01-29 20:00:00-06:00,0.0,0.0,0.0,18.57,1.17
2026-01-29 21:00:00-06:00,0.0,0.0,0.0,17.53,1.17
2026-01-29 22:00:00-06:00,0.0,0.0,0.0,16.23,0.97
2026-01-29 23:00:00-06:00,0.0,0.0,0.0,16.33,0.28
2026-01-30 00:00:00-06:00,0.0,0.0,0.0,15.72,0.07
2026-01-30 01:00:00-06:00,0.0,0.0,0.0,14.83,0.48
2026-01-30 02:00:00-06:00,0.0,0.0,0.0,14.36,0.48
2026-01-30 03:00:00-06:00,0.0,0.0,0.0,13.65,0.41
2026-01-30 04:00:00-06:00,0.0,0.0,0.0,12.94,0.48
2026-01-30 05:00:00-06:00,0.0,0.0,0.0,12.31,0.62
2026-01-30 06:00:00-06:00,0.0,0.0,0.0,11.81,0.69
2026-01-30 07:00:00-06:00,0.0,0.0,0.0,11.26,0.69
2026-01-30 08:00:00-06:00,248.4,1038.75,69.05,11.66,0.55
2026-01-30 09:00:00-06:00,484.05,1030.9,86.05,15.19,0.48
2026-01-30 10:00:00-06:00,678.5,1020.84,100.2,17.97,1.1
2026-01-30 11:00:00-06:00,803.15,994.97,105.05,20.17,1.31
2026-01-30 12:00:00-06:00,865.55,950.75,121.8,21.98,1.38
2026-01-30 13:00:00-06:00,837.5,892.36,121.0,23.35,1.59
2026-01-30 14:00:00-06:00,698.35,723.84,146.65,24.15,1.66
2026-01-30 15:00:00-06:00,540.15,612.69,134.05,24.31,1.52
2026-01-30 16:00:00-06:00,363.25,533.43,90.35,24.24,1.31
2026-01-30 17:00:00-06:00,139.15,268.94,53.4,23.8,0.83
2026-01-30 18:00:00-06:00,9.6,37.45,5.85,22.74,0.07
2026-01-30 19:00:00-06:00,0.0,0.0,0.0,21.34,0.9
2026-01-30 20:00:00-06:00,0.0,0.0,0.0,20.04,1.59
2026-01-30 21:00:00-06:00,0.0,0.0,0.0,18.62,1.79
2026-01-30 22:00:00-06:00,0.0,0.0,0.0,16.97,1.72
2026-01-30 23:00:00-06:00,0.0,0.0,0.0,15.81,1.66
2026-01-31 00:00:00-06:00,0.0,0.0,0.0,14.85,1.66
2026-01-31 01:00:00-06:00,0.0,0.0,0.0,14.07,1.59
2026-01-31 02:00:00-06:00,0.0,0.0,0.0,13.3,1.52
2026-01-31 03:00:00-06:00,0.0,0.0,0.0,12.69,1.59
2026-01-31 04:00:00-06:00,0.0,0.0,0.0,12.17,1.59
2026-01-31 05:00:00-06:00,0.0,0.0,0.0,11.56,1.59
2026-01-31 06:00:00-06:00,0.0,0.0,0.0,10.94,1.52
2026-01-31 07:00:00-06:00,0.0,0.0,0.0,10.37,1.52
2026-01-31 08:00:00-06:00,251.9,1081.97,63.75,10.57,1.1
2026-01-31 09:00:00-06:00,481.35,1020.48,85.7,16.59,0.14
2026-01-31 10:00:00-06:00,675.9,1016.23,98.15,26.64,1.37
2026-01-31 11:00:00-06:00,811.65,1003.31,105.3,26.06,1.39
2026-01-31 12:00:00-06:00,878.45,978.53,110.35,25.48,1.42
2026-01-31 13:00:00-06:00,859.45,924.27,114.65,24.9,1.44
2026-01-31 14:00:00-06:00,728.9,781.11,131.2,24.32,1.46
2026-01-31 15:00:00-06:00,591.4,740.42,98.4,23.74,1.48
2026-01-31 16:00:00-06:00,386.9,592.77,81.9,23.16,1.5
2026-01-31 17:00:00-06:00,163.45,343.61,52.95,22.58,1.52
2026-01-31 18:00:00-06:00,11.85,50.68,6.65,22.0,1.55
2026-01-31 19:00:00-06:00,0.0,0.0,0.0,21.42,1.57
2026-01-31 20:00:00-06:00,0.0,0.0,0.0,20.83,1.59
2026-01-31 21:00:00-06:00,0.0,0.0,0.0,20.25,1.61
2026-01-31 22:00:00-06:00,0.0,0.0,0.0,19.67,1.63
2026-01-31 23:00:00-06:00,0.0,0.0,0.0,19.09,1.65
2026-02-01 00:00:00-06:00,0.0,0.0,0.0,18.51,1.68
2026-02-01 01:00:00-06:00,0.0,0.0,0.0,17.93,1.7
2026-02-01 02:00:00-06:00,0.0,0.0,0.0,13.39,1.66
2026-02-01 03:00:00-06:00,0.0,0.0,0.0,12.64,1.66
2026-02-01 04:00:00-06:00,0.0,0.0,0.0,12.21,1.66
2026-02-01 05:00:00-06:00,0.0,0.0,0.0,11.9,1.72
2026-02-01 06:00:00-06:00,0.0,0.0,0.0,11.69,1.79
2026-02-01 07:00:00-06:00,0.0,0.0,0.0,11.33,1.86
2026-02-01 08:00:00-06:00,242.35,977.7,71.05,11.82,1.59
2026-02-01 09:00:00-06:00,485.1,1022.42,86.95,17.75,0.69
2026-02-01 10:00:00-06:00,688.05,1043.95,92.35,21.23,0.48
2026-02-01 11:00:00-06:00,809.6,996.38,105.7,23.23,1.17
2026-02-01 12:00:00-06:00,755.5,739.07,173.35,24.73,1.52
2026-02-01 13:00:00-06:00,749.45,682.97,197.1,25.58,1.72
2026-02-01 14:00:00-06:00,657.5,659.83,150.6,26.26,1.66
2026-02-01 15:00:00-06:00,551.6,627.92,131.6,26.58,1.38
2026-02-01 16:00:00-06:00,356.5,498.77,98.4,26.44,1.03
2026-02-01 17:00:00-06:00,151.05,303.25,52.7,25.75,0.69
2026-02-01 18:00:00-06:00,9.45,33.8,5.9,24.69,0.34
2026-02-01 19:00:00-06:00,0.0,0.0,0.0,23.15,0.69
2026-02-01 20:00:00-06:00,0.0,0.0,0.0,21.8,1.03
2026-02-01 21:00:00-06:00,0.0,0.0,0.0,20.29,1.1
2026-02-01 22:00:00-06:00,0.0,0.0,0.0,18.9,1.1
2026-02-01 23:00:00-06:00,0.0,0.0,0.0,18.39,1.03
2026-02-02 00:00:00-06:00,0.0,0.0,0.0,19.1,0.9
2026-02-02 01:00:00-06:00,0.0,0.0,0.0,18.08,1.03
2026-02-02 02:00:00-06:00,0.0,0.0,0.0,17.14,1.1
2026-02-02 03:00:00-06:00,0.0,0.0,0.0,14.87,1.38
2026-02-02 04:00:00-06:00,0.0,0.0,0.0,13.16,1.59
2026-02-02 05:00:00-06:00,0.0,0.0,0.0,12.27,1.59
2026-02-02 06:00:00-06:00,0.0,0.0,0.0,11.42,1.52
2026-02-02 07:00:00-06:00,0.0,0.0,0.0,10.86,1.52
2026-02-02 08:00:00-06:00,253.1,1063.17,65.35,11.37,1.1
2026-02-02 09:00:00-06:00,484.0,1012.9,87.75,17.5,0.14
2026-02-02 10:00:00-06:00,679.5,1010.77,100.55,20.97,0.83
2026-02-02 11:00:00-06:00,816.8,1000.63,107.4,23.41,1.31
2026-02-02 12:00:00-06:00,883.1,978.11,109.95,25.29,1.72
2026-02-02 13:00:00-06:00,868.5,932.73,111.4,26.67,1.86
2026-02-02 14:00:00-06:00,768.65,849.76,113.25,27.62,1.93
2026-02-02 15:00:00-06:00,597.15,719.06,114.0,28.06,1.79
2026-02-02 16:00:00-06:00,360.85,518.55,91.0,27.87,1.66
2026-02-02 17:00:00-06:00,168.8,352.09,53.65,27.12,1.59
2026-02-02 18:00:00-06:00,12.0,47.0,6.95,26.11,0.76
2026-02-02 19:00:00-06:00,0.0,0.0,0.0,24.48,0.55
2026-02-02 20:00:00-06:00,0.0,0.0,0.0,22.78,1.38
2026-02-02 21:00:00-06:00,0.0,0.0,0.0,20.98,1.86
2026-02-02 22:00:00-06:00,0.0,0.0,0.0,19.36,1.93
2026-02-02 23:00:00-06:00,0.0,0.0,0.0,17.56,1.86
2026-02-03 00:00:00-06:00,0.0,0.0,0.0,16.31,1.72
2026-02-03 01:00:00-06:00,0.0,0.0,0.0,15.66,1.66
2026-02-03 02:00:00-06:00,0.0,0.0,0.0,14.59,1.59
2026-02-03 03:00:00-06:00,0.0,0.0,0.0,13.69,1.52
2026-02-03 04:00:00-06:00,0.0,0.0,0.0,12.95,1.45
2026-02-03 05:00:00-06:00,0.0,0.0,0.0,12.37,1.52
2026-02-03 06:00:00-06:00,0.0,0.0,0.0,11.82,1.59
2026-02-03 07:00:00-06:00,0.0,0.0,0.0,11.32,1.59
2026-02-03 08:00:00-06:00,254.85,1063.43,65.5,11.81,1.24
2026-02-03 09:00:00-06:00,486.3,1014.24,87.65,17.94,0.21
2026-02-03 10:00:00-06:00,682.2,1011.56,100.55,21.44,0.76
2026-02-03 11:00:00-06:00,819.3,999.99,107.8,23.74,1.24
2026-02-03 12:00:00-06:00,881.85,968.16,113.85,25.57,1.59
2026-02-03 13:00:00-06:00,866.7,925.26,112.9,27.2,1.93
2026-02-03 14:00:00-06:00,775.85,861.7,108.6,28.19,2.0
2026-02-03 15:00:00-06:00,581.95,700.04,109.45,28.67,1.93
2026-02-03 16:00:00-06:00,389.1,576.04,87.65,28.42,1.72
2026-02-03 17:00:00-06:00,165.4,318.42,60.4,27.73,1.59
2026-02-03 18:00:00-06:00,13.3,50.98,7.7,26.53,0.62
2026-02-03 19:00:00-06:00,0.0,0.0,0.0,24.85,0.62
2026-02-03 20:00:00-06:00,0.0,0.0,0.0,22.45,1.17
2026-02-03 21:00:00-06:00,0.0,0.0,0.0,20.42,1.59
2026-02-03 22:00:00-06:00,0.0,0.0,0.0,18.95,1.93
2026-02-03 23:00:00-06:00,0.0,0.0,0.0,17.36,1.93
2026-02-04 00:00:00-06:00,0.0,0.0,0.0,16.07,1.79
2026-02-04 01:00:00-06:00,0.0,0.0,0.0,15.15,1.59
2026-02-04 02:00:00-06:00,0.0,0.0,0.0,14.2,1.59
2026-02-04 03:00:00-06:00,0.0,0.0,0.0,13.4,1.52
2026-02-04 04:00:00-06:00,0.0,0.0,0.0,12.72,1.52
2026-02-04 05:00:00-06:00,0.0,0.0,0.0,12.17,1.59
2026-02-04 06:00:00-06:00,0.0,0.0,0.0,11.67,1.66
2026-02-04 07:00:00-06:00,0.0,0.0,0.0,11.18,1.66
2026-02-04 08:00:00-06:00,259.25,1078.26,65.6,11.64,1.31
2026-02-04 09:00:00-06:00,492.55,1025.13,87.65,18.08,0.34
2026-02-04 10:00:00-06:00,689.9,1021.51,100.2,21.77,0.62
2026-02-04 11:00:00-06:00,828.0,1009.24,107.3,24.06,1.1
2026-02-04 12:00:00-06:00,895.35,986.87,109.7,25.9,1.31
2026-02-04 13:00:00-06:00,885.6,952.37,106.85,27.34,1.45
2026-02-04 14:00:00-06:00,794.15,889.87,102.35,28.15,1.52
2026-02-04 15:00:00-06:00,637.65,799.56,95.55,28.48,1.59
2026-02-04 16:00:00-06:00,422.65,651.43,79.85,28.37,1.52
2026-02-04 17:00:00-06:00,171.7,364.87,50.4,27.75,1.38
2026-02-04 18:00:00-06:00,13.65,52.12,7.8,26.46,0.97
2026-02-04 19:00:00-06:00,0.0,0.0,0.0,24.77,0.62
2026-02-04 20:00:00-06:00,0.0,0.0,0.0,22.63,1.03
2026-02-04 21:00:00-06:00,0.0,0.0,0.0,20.62,1.52
2026-02-04 22:00:00-06:00,0.0,0.0,0.0,19.14,1.79
2026-02-04 23:00:00-06:00,0.0,0.0,0.0,17.61,1.86
2026-02-05 00:00:00-06:00,0.0,0.0,0.0,16.48,1.86
2026-02-05 01:00:00-06:00,0.0,0.0,0.0,15.46,1.79
2026-02-05 02:00:00-06:00,0.0,0.0,0.0,14.38,1.72
2026-02-05 03:00:00-06:00,0.0,0.0,0.0,13.51,1.66
2026-02-05 04:00:00-06:00,0.0,0.0,0.0,12.84,1.66
2026-02-05 05:00:00-06:00,0.0,0.0,0.0,12.34,1.66
2026-02-05 06:00:00-06:00,0.0,0.0,0.0,11.87,1.72
2026-02-05 07:00:00-06:00,0.0,0.0,0.0,11.43,1.72
2026-02-05 08:00:00-06:00,262.35,1083.02,66.1,11.98,1.38
2026-02-05 09:00:00-06:00,497.4,1031.33,88.0,18.04,0.28
2026-02-05 10:00:00-06:00,696.15,1027.39,100.65,21.76,0.9
2026-02-05 11:00:00-06:00,835.5,1015.28,107.8,23.91,1.31
2026-02-05 12:00:00-06:00,902.45,991.39,110.35,25.55,1.52
2026-02-05 13:00:00-06:00,890.0,951.11,109.4,26.91,1.72
2026-02-05 14:00:00-06:00,799.9,891.22,104.3,27.76,1.93
2026-02-05 15:00:00-06:00,639.85,799.73,95.2,28.17,1.93
2026-02-05 16:00:00-06:00,425.75,652.67,80.4,28.15,1.93
2026-02-05 17:00:00-06:00,186.15,394.48,53.95,27.55,1.72
2026-02-05 18:00:00-06:00,14.8,58.91,8.05,26.35,1.1
2026-02-05 19:00:00-06:00,0.0,0.0,0.0,24.65,0.55
2026-02-05 20:00:00-06:00,0.0,0.0,0.0,22.36,1.1
2026-02-05 21:00:00-06:00,0.0,0.0,0.0,20.25,1.79
2026-02-05 22:00:00-06:00,0.0,0.0,0.0,18.41,2.0
2026-02-05 23:00:00-06:00,0.0,0.0,0.0,16.5,1.86
2026-02-06 00:00:00-06:00,0.0,0.0,0.0,15.16,1.86
2026-02-06 01:00:00-06:00,0.0,0.0,0.0,14.35,1.79
2026-02-06 02:00:00-06:00,0.0,0.0,0.0,13.35,1.79
2026-02-06 03:00:00-06:00,0.0,0.0,0.0,12.42,1.72
2026-02-06 04:00:00-06:00,0.0,0.0,0.0,11.64,1.72
2026-02-06 05:00:00-06:00,0.0,0.0,0.0,11.02,1.72
2026-02-06 06:00:00-06:00,0.0,0.0,0.0,10.54,1.72
2026-02-06 07:00:00-06:00,0.0,0.0,0.0,10.08,1.72
2026-02-06 08:00:00-06:00,266.85,1101.19,65.45,10.69,1.38
2026-02-06 09:00:00-06:00,502.85,1043.31,86.55,17.56,0.41
2026-02-06 10:00:00-06:00,699.75,1031.14,99.6,21.23,0.55
2026-02-06 11:00:00-06:00,837.85,1015.86,107.0,23.57,1.17
2026-02-06 12:00:00-06:00,902.45,987.54,110.55,25.35,1.38
2026-02-06 13:00:00-06:00,889.45,946.74,109.55,26.49,1.52
2026-02-06 14:00:00-06:00,796.4,876.99,109.2,27.35,1.59
2026-02-06 15:00:00-06:00,623.45,748.01,111.75,27.71,1.52
2026-02-06 16:00:00-06:00,427.9,651.76,81.15,27.55,1.24
2026-02-06 17:00:00-06:00,188.75,399.97,53.65,26.99,0.76
2026-02-06 18:00:00-06:00,15.35,60.73,8.25,25.81,0.21
2026-02-06 19:00:00-06:00,0.0,0.0,0.0,23.94,0.55
2026-02-06 20:00:00-06:00,0.0,0.0,0.0,21.65,0.97
2026-02-06 21:00:00-06:00,0.0,0.0,0.0,19.71,1.52
2026-02-06 22:00:00-06:00,0.0,0.0,0.0,18.11,1.79
2026-02-06 23:00:00-06:00,0.0,0.0,0.0,16.28,1.66
2026-02-07 00:00:00-06:00,0.0,0.0,0.0,14.84,1.45
2026-02-07 01:00:00-06:00,0.0,0.0,0.0,14.04,1.45
2026-02-07 02:00:00-06:00,0.0,0.0,0.0,13.27,1.45
2026-02-07 03:00:00-06:00,0.0,0.0,0.0,12.49,1.45
2026-02-07 04:00:00-06:00,0.0,0.0,0.0,11.87,1.52
2026-02-07 05:00:00-06:00,0.0,0.0,0.0,11.36,1.52
2026-02-07 06:00:00-06:00,0.0,0.0,0.0,10.87,1.59
2026-02-07 07:00:00-06:00,0.0,0.0,0.0,10.4,1.59
2026-02-07 08:00:00-06:00,263.95,1066.88,66.95,11.05,1.24
2026-02-07 09:00:00-06:00,498.0,1021.34,88.3,17.31,0.21
2026-02-07 10:00:00-06:00,693.15,1009.62,103.05,20.72,0.9
2026-02-07 11:00:00-06:00,833.55,1003.22,109.05,22.96,1.38
2026-02-07 12:00:00-06:00,898.55,977.09,112.15,24.76,1.59
2026-02-07 13:00:00-06:00,884.55,932.46,113.55,26.41,1.93
2026-02-07 14:00:00-06:00,777.9,818.87,133.7,27.47,2.28
2026-02-07 15:00:00-06:00,608.8,728.63,108.15,27.88,2.34
2026-02-07 16:00:00-06:00,394.2,539.55,105.6,27.74,2.28
2026-02-07 17:00:00-06:00,173.85,330.48,61.35,26.93,1.66
2026-02-07 18:00:00-06:00,15.5,56.62,8.75,25.76,0.41
2026-02-07 19:00:00-06:00,0.0,0.0,0.0,24.0,0.62
2026-02-07 20:00:00-06:00,0.0,0.0,0.0,22.18,1.31
2026-02-07 21:00:00-06:00,0.0,0.0,0.0,20.45,1.66
2026-02-07 22:00:00-06:00,0.0,0.0,0.0,19.02,1.86
2026-02-07 23:00:00-06:00,0.0,0.0,0.0,17.58,1.93
2026-02-08 00:00:00-06:00,0.0,0.0,0.0,16.41,1.86
2026-02-08 01:00:00-06:00,0.0,0.0,0.0,15.43,1.72
2026-02-08 02:00:00-06:00,0.0,0.0,0.0,14.51,1.66
2026-02-08 03:00:00-06:00,0.0,0.0,0.0,13.71,1.66
2026-02-08 04:00:00-06:00,0.0,0.0,0.0,12.95,1.59
2026-02-08 05:00:00-06:00,0.0,0.0,0.0,12.26,1.59
2026-02-08 06:00:00-06:00,0.0,0.0,0.0,11.57,1.59
2026-02-08 07:00:00-06:00,0.0,0.0,0.0,11.05,1.66
2026-02-08 08:00:00-06:00,264.1,1054.53,67.45,11.64,1.31
2026-02-08 09:00:00-06:00,497.2,1009.98,89.85,17.91,0.28
2026-02-08 10:00:00-06:00,696.4,1011.27,102.8,21.2,0.62
2026-02-08 11:00:00-06:00,831.3,993.93,110.75,23.42,0.97
2026-02-08 12:00:00-06:00,893.3,951.95,124.3,25.16,1.17
2026-02-08 13:00:00-06:00,883.05,929.29,111.8,26.49,1.38
2026-02-08 14:00:00-06:00,788.95,855.48,113.3,27.3,1.66
2026-02-08 15:00:00-06:00,605.6,702.83,120.55,27.6,1.66
2026-02-08 16:00:00-06:00,402.55,566.15,98.1,27.41,1.66
2026-02-08 17:00:00-06:00,174.5,326.22,62.6,26.8,1.38
2026-02-08 18:00:00-06:00,15.35,51.44,9.1,25.73,0.76
2026-02-08 19:00:00-06:00,0.0,0.0,0.0,24.22,0.55
2026-02-08 20:00:00-06:00,0.0,0.0,0.0,22.51,1.17
2026-02-08 21:00:00-06:00,0.0,0.0,0.0,20.86,1.59
2026-02-08 22:00:00-06:00,0.0,0.0,0.0,19.5,1.86
2026-02-08 23:00:00-06:00,0.0,0.0,0.0,17.56,1.79
2026-02-09 00:00:00-06:00,0.0,0.0,0.0,16.19,1.79
2026-02-09 01:00:00-06:00,0.0,0.0,0.0,15.51,1.72
2026-02-09 02:00:00-06:00,0.0,0.0,0.0,14.85,1.66
2026-02-09 03:00:00-06:00,0.0,0.0,0.0,14.36,1.66
2026-02-09 04:00:00-06:00,0.0,0.0,0.0,13.67,1.66
2026-02-09 05:00:00-06:00,0.0,0.0,0.0,13.04,1.66
2026-02-09 06:00:00-06:00,0.0,0.0,0.0,12.69,1.59
2026-02-09 07:00:00-06:00,0.0,0.0,0.0,12.32,1.66
2026-02-09 08:00:00-06:00,251.45,940.1,74.35,12.88,1.38
2026-02-09 09:00:00-06:00,494.3,982.06,96.0,18.65,0.55
2026-02-09 10:00:00-06:00,689.8,979.31,112.45,22.13,0.34
2026-02-09 11:00:00-06:00,808.75,921.24,138.3,24.47,0.97
2026-02-09 12:00:00-06:00,839.2,767.5,216.9,26.29,1.24
2026-02-09 13:00:00-06:00,784.4,687.55,211.65,27.43,1.52
2026-02-09 14:00:00-06:00,650.9,545.66,218.25,28.03,1.66
2026-02-09 15:00:00-06:00,527.15,524.78,163.4,28.14,1.17
2026-02-09 16:00:00-06:00,290.05,242.14,159.15,27.94,0.69
2026-02-09 17:00:00-06:00,141.4,166.81,83.75,27.17,0.21
2026-02-09 18:00:00-06:00,12.95,33.53,8.8,26.46,0.41
2026-02-09 19:00:00-06:00,0.0,0.0,0.0,24.78,1.79
2026-02-09 20:00:00-06:00,0.0,0.0,0.0,22.88,2.07
2026-02-09 21:00:00-06:00,0.0,0.0,0.0,21.17,2.07
2026-02-09 22:00:00-06:00,0.0,0.0,0.0,20.06,1.79
2026-02-09 23:00:00-06:00,0.0,0.0,0.0,18.85,1.31
2026-02-10 00:00:00-06:00,0.0,0.0,0.0,18.13,1.86
2026-02-10 01:00:00-06:00,0.0,0.0,0.0,16.62,1.93
2026-02-10 02:00:00-06:00,0.0,0.0,0.0,16.03,1.79
2026-02-10 03:00:00-06:00,0.0,0.0,0.0,15.41,1.79
2026-02-10 04:00:00-06:00,0.0,0.0,0.0,14.86,1.72
2026-02-10 05:00:00-06:00,0.0,0.0,0.0,14.18,1.72
2026-02-10 06:00:00-06:00,0.0,0.0,0.0,13.6,1.66
2026-02-10 07:00:00-06:00,0.0,0.0,0.0,13.02,1.66
2026-02-10 08:00:00-06:00,262.1,984.47,74.7,13.4,1.31
2026-02-10 09:00:00-06:00,487.15,934.94,105.8,18.69,0.48
2026-02-10 10:00:00-06:00,691.4,974.14,114.55,21.41,0.76
2026-02-10 11:00:00-06:00,834.95,981.42,117.9,23.68,1.38
2026-02-10 12:00:00-06:00,896.15,941.58,129.85,25.48,1.66
2026-02-10 13:00:00-06:00,847.05,826.72,155.8,26.86,1.79
2026-02-10 14:00:00-06:00,726.05,741.46,135.85,27.57,1.79
2026-02-10 15:00:00-06:00,572.05,652.23,118.0,27.8,1.72
2026-02-10 16:00:00-06:00,371.0,498.15,100.3,27.42,1.17
2026-02-10 17:00:00-06:00,169.1,282.33,70.8,26.93,0.55
2026-02-10 18:00:00-06:00,12.9,16.27,10.85,26.23,0.48
2026-02-10 19:00:00-06:00,0.0,0.0,0.0,25.35,0.69
2026-02-10 20:00:00-06:00,0.0,0.0,0.0,23.55,1.31
2026-02-10 21:00:00-06:00,0.0,0.0,0.0,21.5,1.31
2026-02-10 22:00:00-06:00,0.0,0.0,0.0,19.66,1.17
2026-02-10 23:00:00-06:00,0.0,0.0,0.0,19.03,0.69
2026-02-11 00:00:00-06:00,0.0,0.0,0.0,19.06,0.34
2026-02-11 01:00:00-06:00,0.0,0.0,0.0,18.86,0.55
2026-02-11 02:00:00-06:00,0.0,0.0,0.0,18.31,0.55
2026-02-11 03:00:00-06:00,0.0,0.0,0.0,16.36,1.1
2026-02-11 04:00:00-06:00,0.0,0.0,0.0,15.47,1.31
2026-02-11 05:00:00-06:00,0.0,0.0,0.0,14.67,1.31
2026-02-11 06:00:00-06:00,0.0,0.0,0.0,14.14,1.24
2026-02-11 07:00:00-06:00,0.0,0.0,0.0,13.59,1.24
2026-02-11 08:00:00-06:00,239.35,744.03,96.2,13.87,0.9
2026-02-11 09:00:00-06:00,461.55,780.12,141.5,18.85,0.14
2026-02-11 10:00:00-06:00,671.95,899.93,136.65,21.05,0.76
2026-02-11 11:00:00-06:00,806.15,912.79,136.6,23.18,1.03
2026-02-11 12:00:00-06:00,799.8,792.76,152.2,24.89,1.1
2026-02-11 13:00:00-06:00,686.4,616.38,169.1,26.14,1.52
2026-02-11 14:00:00-06:00,665.65,669.7,130.5,26.41,1.72
2026-02-11 15:00:00-06:00,484.45,519.14,121.5,26.69,1.79
2026-02-11 16:00:00-06:00,324.25,377.33,118.15,26.54,1.86
2026-02-11 17:00:00-06:00,137.9,226.26,58.55,25.91,1.52
2026-02-11 18:00:00-06:00,13.25,37.84,8.4,24.68,1.66
2026-02-11 19:00:00-06:00,0.0,0.0,0.0,22.71,1.72
2026-02-11 20:00:00-06:00,0.0,0.0,0.0,21.47,1.45
2026-02-11 21:00:00-06:00,0.0,0.0,0.0,19.84,1.59
2026-02-11 22:00:00-06:00,0.0,0.0,0.0,18.25,1.66
2026-02-11 23:00:00-06:00,0.0,0.0,0.0,17.13,1.72
2026-02-12 00:00:00-06:00,0.0,0.0,0.0,16.3,1.72
2026-02-12 01:00:00-06:00,0.0,0.0,0.0,16.2,1.66
2026-02-12 02:00:00-06:00,0.0,0.0,0.0,15.46,1.66
2026-02-12 03:00:00-06:00,0.0,0.0,0.0,14.57,1.66
2026-02-12 04:00:00-06:00,0.0,0.0,0.0,13.76,1.66
2026-02-12 05:00:00-06:00,0.0,0.0,0.0,13.1,1.66
2026-02-12 06:00:00-06:00,0.0,0.0,0.0,12.55,1.66
2026-02-12 07:00:00-06:00,0.0,0.0,0.0,12.01,1.72
2026-02-12 08:00:00-06:00,271.5,1036.2,69.95,12.57,1.38
2026-02-12 09:00:00-06:00,506.55,1004.02,92.2,18.58,0.34
2026-02-12 10:00:00-06:00,704.6,1002.79,105.4,21.68,0.83
2026-02-12 11:00:00-06:00,791.95,884.92,140.25,23.78,1.45
2026-02-12 12:00:00-06:00,849.05,854.98,148.0,25.26,1.93
2026-02-12 13:00:00-06:00,859.95,869.32,127.65,26.34,2.28
2026-02-12 14:00:00-06:00,731.45,714.36,158.4,27.42,2.69
2026-02-12 15:00:00-06:00,586.9,671.12,115.7,27.74,3.03
2026-02-12 16:00:00-06:00,406.15,568.24,94.2,27.59,3.03
2026-02-12 17:00:00-06:00,196.3,389.56,58.7,26.98,2.9
2026-02-12 18:00:00-06:00,18.7,65.21,10.2,25.82,2.14
2026-02-12 19:00:00-06:00,0.0,0.0,0.0,23.99,1.1
2026-02-12 20:00:00-06:00,0.0,0.0,0.0,22.3,0.83
2026-02-12 21:00:00-06:00,0.0,0.0,0.0,20.39,1.24
2026-02-12 22:00:00-06:00,0.0,0.0,0.0,18.81,1.79
2026-02-12 23:00:00-06:00,0.0,0.0,0.0,17.49,1.79
2026-02-13 00:00:00-06:00,0.0,0.0,0.0,16.3,1.86
2026-02-13 01:00:00-06:00,0.0,0.0,0.0,15.77,1.72
2026-02-13 02:00:00-06:00,0.0,0.0,0.0,14.81,1.72
2026-02-13 03:00:00-06:00,0.0,0.0,0.0,13.97,1.72
2026-02-13 04:00:00-06:00,0.0,0.0,0.0,13.43,1.66
2026-02-13 05:00:00-06:00,0.0,0.0,0.0,12.84,1.66
2026-02-13 06:00:00-06:00,0.0,0.0,0.0,12.36,1.66
2026-02-13 07:00:00-06:00,0.0,0.0,0.0,11.92,1.59
2026-02-13 08:00:00-06:00,267.55,982.28,74.35,12.55,1.24
2026-02-13 09:00:00-06:00,493.9,967.53,92.2,18.57,0.41
2026-02-13 10:00:00-06:00,698.5,990.35,104.0,21.55,1.03
2026-02-13 11:00:00-06:00,826.05,951.77,122.3,23.61,1.31
2026-02-13 12:00:00-06:00,875.5,889.5,143.4,25.2,1.31
2026-02-13 13:00:00-06:00,838.85,800.81,161.75,26.37,1.24
2026-02-13 14:00:00-06:00,814.6,869.95,114.05,26.91,1.17
2026-02-13 15:00:00-06:00,645.1,763.9,106.5,27.49,1.1
2026-02-13 16:00:00-06:00,429.6,608.82,93.7,27.38,1.03
2026-02-13 17:00:00-06:00,178.7,327.25,62.3,26.79,0.69
2026-02-13 18:00:00-06:00,16.9,48.31,10.5,25.72,0.21
2026-02-13 19:00:00-06:00,0.0,0.0,0.0,24.12,0.69
2026-02-13 20:00:00-06:00,0.0,0.0,0.0,22.56,1.03
2026-02-13 21:00:00-06:00,0.0,0.0,0.0,20.82,1.24
2026-02-13 22:00:00-06:00,0.0,0.0,0.0,19.79,0.97
2026-02-13 23:00:00-06:00,0.0,0.0,0.0,18.87,1.17
2026-02-14 00:00:00-06:00,0.0,0.0,0.0,17.7,1.72
2026-02-14 01:00:00-06:00,0.0,0.0,0.0,17.09,1.31
2026-02-14 02:00:00-06:00,0.0,0.0,0.0,18.11,0.69
2026-02-14 03:00:00-06:00,0.0,0.0,0.0,15.93,1.31
2026-02-14 04:00:00-06:00,0.0,0.0,0.0,14.69,1.66
2026-02-14 05:00:00-06:00,0.0,0.0,0.0,13.61,1.45
2026-02-14 06:00:00-06:00,0.0,0.0,0.0,12.62,1.1
2026-02-14 07:00:00-06:00,0.0,0.0,0.0,12.31,1.31
2026-02-14 08:00:00-06:00,230.05,528.08,125.0,13.05,1.03
2026-02-14 09:00:00-06:00,447.65,617.87,189.55,18.07,0.41
2026-02-14 10:00:00-06:00,613.35,579.43,263.9,20.55,0.41
2026-02-14 11:00:00-06:00,755.7,629.71,288.2,22.65,0.9
2026-02-14 12:00:00-06:00,778.8,536.34,335.7,24.41,1.24
2026-02-14 13:00:00-06:00,782.55,584.46,286.55,25.8,1.52
2026-02-14 14:00:00-06:00,713.2,531.15,283.85,26.74,1.79
2026-02-14 15:00:00-06:00,558.2,469.42,225.85,27.19,1.86
2026-02-14 16:00:00-06:00,360.6,338.45,172.95,27.05,1.66
2026-02-14 17:00:00-06:00,161.1,199.5,89.65,26.56,1.1
2026-02-14 18:00:00-06:00,16.9,30.09,12.85,25.61,0.07
2026-02-14 19:00:00-06:00,0.0,0.0,0.0,24.25,0.69
2026-02-14 20:00:00-06:00,0.0,0.0,0.0,22.78,1.31
2026-02-14 21:00:00-06:00,0.0,0.0,0.0,21.33,1.72
2026-02-14 22:00:00-06:00,0.0,0.0,0.0,19.89,1.86
2026-02-14 23:00:00-06:00,0.0,0.0,0.0,18.11,1.93
2026-02-15 00:00:00-06:00,0.0,0.0,0.0,16.72,1.86
2026-02-15 01:00:00-06:00,0.0,0.0,0.0,16.25,1.86
2026-02-15 02:00:00-06:00,0.0,0.0,0.0,15.07,1.79
2026-02-15 03:00:00-06:00,0.0,0.0,0.0,14.05,1.72
2026-02-15 04:00:00-06:00,0.0,0.0,0.0,13.61,1.72
2026-02-15 05:00:00-06:00,0.0,0.0,0.0,13.04,1.72
2026-02-15 06:00:00-06:00,0.0,0.0,0.0,12.58,1.72
2026-02-15 07:00:00-06:00,0.0,0.0,0.0,12.18,1.79
2026-02-15 08:00:00-06:00,283.6,1064.66,69.35,12.91,1.38
2026-02-15 09:00:00-06:00,522.3,1027.06,90.6,19.52,0.41
2026-02-15 10:00:00-06:00,722.45,1021.31,103.6,23.19,0.69
2026-02-15 11:00:00-06:00,861.7,1006.21,111.65,25.57,1.24
2026-02-15 12:00:00-06:00,929.6,982.37,114.95,27.47,1.59
2026-02-15 13:00:00-06:00,910.3,923.06,124.05,28.93,1.79
2026-02-15 14:00:00-06:00,808.7,847.9,120.7,29.86,1.93
2026-02-15 15:00:00-06:00,649.3,748.12,117.45,30.33,2.07
2026-02-15 16:00:00-06:00,441.2,627.32,91.7,30.17,1.93
2026-02-15 17:00:00-06:00,203.75,404.65,57.85,29.54,1.52
2026-02-15 18:00:00-06:00,20.95,75.74,10.6,28.3,0.9
2026-02-15 19:00:00-06:00,0.0,0.0,0.0,26.89,0.28
2026-02-15 20:00:00-06:00,0.0,0.0,0.0,24.27,1.03
2026-02-15 21:00:00-06:00,0.0,0.0,0.0,21.74,1.52
2026-02-15 22:00:00-06:00,0.0,0.0,0.0,20.09,1.93
2026-02-15 23:00:00-06:00,0.0,0.0,0.0,18.57,2.07
2026-02-16 00:00:00-06:00,0.0,0.0,0.0,17.41,2.0
2026-02-16 01:00:00-06:00,0.0,0.0,0.0,16.68,1.86
2026-02-16 02:00:00-06:00,0.0,0.0,0.0,15.86,1.86
2026-02-16 03:00:00-06:00,0.0,0.0,0.0,14.9,1.79
2026-02-16 04:00:00-06:00,0.0,0.0,0.0,14.44,1.79
2026-02-16 05:00:00-06:00,0.0,0.0,0.0,13.84,1.79
2026-02-16 06:00:00-06:00,0.0,0.0,0.0,13.29,1.79
2026-02-16 07:00:00-06:00,0.0,0.0,0.0,12.77,1.79
2026-02-16 08:00:00-06:00,278.65,972.94,80.55,13.45,1.45
2026-02-16 09:00:00-06:00,519.95,991.42,100.6,20.04,0.41
2026-02-16 10:00:00-06:00,722.75,1001.94,112.75,23.65,0.76
2026-02-16 11:00:00-06:00,863.55,996.24,117.9,26.06,1.38
2026-02-16 12:00:00-06:00,913.45,904.73,160.35,27.93,1.79
2026-02-16 13:00:00-06:00,897.15,853.59,167.4,29.14,2.0
2026-02-16 14:00:00-06:00,791.75,753.99,177.65,30.06,2.28
2026-02-16 15:00:00-06:00,644.5,707.06,139.8,30.41,2.34
2026-02-16 16:00:00-06:00,431.55,577.62,108.2,30.42,2.34
2026-02-16 17:00:00-06:00,201.3,365.9,68.5,29.8,2.21
2026-02-16 18:00:00-06:00,21.35,66.34,12.15,28.6,1.72
2026-02-16 19:00:00-06:00,0.0,0.0,0.0,26.77,1.03
2026-02-16 20:00:00-06:00,0.0,0.0,0.0,25.59,0.55
2026-02-16 21:00:00-06:00,0.0,0.0,0.0,23.17,1.17
2026-02-16 22:00:00-06:00,0.0,0.0,0.0,20.5,1.93
2026-02-16 23:00:00-06:00,0.0,0.0,0.0,18.31,1.93
2026-02-17 00:00:00-06:00,0.0,0.0,0.0,17.36,1.93
2026-02-17 01:00:00-06:00,0.0,0.0,0.0,16.55,1.93
2026-02-17 02:00:00-06:00,0.0,0.0,0.0,15.69,1.93
2026-02-17 03:00:00-06:00,0.0,0.0,0.0,14.78,1.86
2026-02-17 04:00:00-06:00,0.0,0.0,0.0,14.07,1.86
2026-02-17 05:00:00-06:00,0.0,0.0,0.0,13.36,1.79
2026-02-17 06:00:00-06:00,0.0,0.0,0.0,12.76,1.79
2026-02-17 07:00:00-06:00,0.0,0.0,0.0,12.15,1.79
2026-02-17 08:00:00-06:00,295.3,1089.09,70.9,12.7,1.38
2026-02-17 09:00:00-06:00,538.65,1050.2,91.6,19.54,0.41
2026-02-17 10:00:00-06:00,742.45,1043.09,104.35,23.26,0.83
2026-02-17 11:00:00-06:00,884.3,1027.56,112.05,25.76,1.38
2026-02-17 12:00:00-06:00,950.8,999.7,115.5,27.79,1.86
2026-02-17 13:00:00-06:00,937.15,958.4,114.8,29.08,2.28
2026-02-17 14:00:00-06:00,844.8,898.9,109.95,30.01,2.41
2026-02-17 15:00:00-06:00,681.75,810.84,100.65,30.45,2.41
2026-02-17 16:00:00-06:00,462.95,670.93,85.6,30.36,2.21
2026-02-17 17:00:00-06:00,215.25,425.7,59.75,29.72,1.93
2026-02-17 18:00:00-06:00,23.2,82.81,11.55,28.4,1.31
2026-02-17 19:00:00-06:00,0.0,0.0,0.0,26.59,0.76
2026-02-17 20:00:00-06:00,0.0,0.0,0.0,24.68,0.76
2026-02-17 21:00:00-06:00,0.0,0.0,0.0,21.71,1.38
2026-02-17 22:00:00-06:00,0.0,0.0,0.0,19.55,1.93
2026-02-17 23:00:00-06:00,0.0,0.0,0.0,17.61,2.0
2026-02-18 00:00:00-06:00,0.0,0.0,0.0,16.01,1.93
2026-02-18 01:00:00-06:00,0.0,0.0,0.0,15.2,1.86
2026-02-18 02:00:00-06:00,0.0,0.0,0.0,14.36,1.79
2026-02-18 03:00:00-06:00,0.0,0.0,0.0,13.6,1.79
2026-02-18 04:00:00-06:00,0.0,0.0,0.0,12.81,1.79
2026-02-18 05:00:00-06:00,0.0,0.0,0.0,12.1,1.79
2026-02-18 06:00:00-06:00,0.0,0.0,0.0,11.76,1.79
2026-02-18 07:00:00-06:00,0.0,0.0,0.0,11.36,1.79
2026-02-18 08:00:00-06:00,300.05,1102.19,70.2,12.06,1.38
2026-02-18 09:00:00-06:00,542.85,1053.25,91.6,19.02,0.28
2026-02-18 10:00:00-06:00,746.7,1044.74,104.5,22.87,0.69
2026-02-18 11:00:00-06:00,887.75,1027.39,112.45,25.33,1.1
2026-02-18 12:00:00-06:00,951.3,996.13,115.85,27.25,1.38
2026-02-18 13:00:00-06:00,938.0,955.56,115.1,28.6,1.66
2026-02-18 14:00:00-06:00,845.55,896.33,110.1,29.58,1.86
2026-02-18 15:00:00-06:00,682.15,808.47,100.45,30.03,1.86
2026-02-18 16:00:00-06:00,460.0,654.84,90.0,29.9,1.66
2026-02-18 17:00:00-06:00,215.65,423.15,60.1,29.28,1.24
2026-02-18 18:00:00-06:00,23.75,83.77,11.8,28.13,0.48
2026-02-18 19:00:00-06:00,0.0,0.0,0.0,26.28,0.55
2026-02-18 20:00:00-06:00,0.0,0.0,0.0,23.6,1.1
2026-02-18 21:00:00-06:00,0.0,0.0,0.0,21.44,1.79
2026-02-18 22:00:00-06:00,0.0,0.0,0.0,19.72,2.07
2026-02-18 23:00:00-06:00,0.0,0.0,0.0,17.56,1.93
2026-02-19 00:00:00-06:00,0.0,0.0,0.0,16.61,1.86
2026-02-19 01:00:00-06:00,0.0,0.0,0.0,15.59,1.66
2026-02-19 02:00:00-06:00,0.0,0.0,0.0,14.54,1.66
2026-02-19 03:00:00-06:00,0.0,0.0,0.0,13.98,1.66
2026-02-19 04:00:00-06:00,0.0,0.0,0.0,13.46,1.72
2026-02-19 05:00:00-06:00,0.0,0.0,0.0,12.91,1.79
2026-02-19 06:00:00-06:00,0.0,0.0,0.0,12.45,1.79
2026-02-19 07:00:00-06:00,0.0,0.0,0.0,11.98,1.79
2026-02-19 08:00:00-06:00,290.7,1049.3,69.2,12.98,1.38
2026-02-19 09:00:00-06:00,526.1,992.26,98.2,19.63,0.28
2026-02-19 10:00:00-06:00,727.35,1001.39,108.8,22.79,0.76
2026-02-19 11:00:00-06:00,868.95,997.63,113.0,24.86,1.24
2026-02-19 12:00:00-06:00,937.25,976.18,115.45,26.49,1.45
2026-02-19 13:00:00-06:00,918.3,921.98,121.45,27.7,1.52
2026-02-19 14:00:00-06:00,827.6,866.96,113.65,28.67,1.72
2026-02-19 15:00:00-06:00,644.9,739.57,110.7,29.25,1.72
2026-02-19 16:00:00-06:00,429.75,588.28,95.85,29.2,1.66
2026-02-19 17:00:00-06:00,209.9,405.01,60.1,28.5,1.38
2026-02-19 18:00:00-06:00,23.6,80.58,11.95,27.53,0.97
2026-02-19 19:00:00-06:00,0.0,0.0,0.0,26.24,0.34
2026-02-19 20:00:00-06:00,0.0,0.0,0.0,24.48,0.76
2026-02-19 21:00:00-06:00,0.0,0.0,0.0,21.97,1.24
2026-02-19 22:00:00-06:00,0.0,0.0,0.0,20.22,1.79
2026-02-19 23:00:00-06:00,0.0,0.0,0.0,18.63,1.86
2026-02-20 00:00:00-06:00,0.0,0.0,0.0,17.34,1.79
2026-02-20 01:00:00-06:00,0.0,0.0,0.0,16.52,1.66
2026-02-20 02:00:00-06:00,0.0,0.0,0.0,15.53,1.66
2026-02-20 03:00:00-06:00,0.0,0.0,0.0,14.71,1.59
2026-02-20 04:00:00-06:00,0.0,0.0,0.0,14.05,1.59
2026-02-20 05:00:00-06:00,0.0,0.0,0.0,13.5,1.66
2026-02-20 06:00:00-06:00,0.0,0.0,0.0,13.0,1.66
2026-02-20 07:00:00-06:00,0.0,0.0,0.0,12.53,1.66
2026-02-20 08:00:00-06:00,292.5,1029.22,72.55,13.62,1.17
2026-02-20 09:00:00-06:00,530.95,1005.32,94.55,19.94,0.07
2026-02-20 10:00:00-06:00,731.85,1005.29,107.85,23.0,1.03
2026-02-20 11:00:00-06:00,873.0,996.02,115.15,25.16,1.45
2026-02-20 12:00:00-06:00,942.7,976.08,117.9,26.92,1.66
2026-02-20 13:00:00-06:00,925.5,930.61,118.3,28.42,1.86
2026-02-20 14:00:00-06:00,830.9,860.51,119.7,29.42,2.0
2026-02-20 15:00:00-06:00,651.95,731.35,121.65,29.99,1.93
2026-02-20 16:00:00-06:00,447.8,617.33,95.85,29.96,1.79
2026-02-20 17:00:00-06:00,215.55,410.63,62.75,29.51,1.66
2026-02-20 18:00:00-06:00,24.7,84.66,12.3,28.4,1.03
2026-02-20 19:00:00-06:00,0.0,0.0,0.0,26.8,0.41
2026-02-20 20:00:00-06:00,0.0,0.0,0.0,24.37,0.9
2026-02-20 21:00:00-06:00,0.0,0.0,0.0,21.8,1.45
2026-02-20 22:00:00-06:00,0.0,0.0,0.0,19.98,1.79
2026-02-20 23:00:00-06:00,0.0,0.0,0.0,18.12,1.79
2026-02-21 00:00:00-06:00,0.0,0.0,0.0,16.74,1.72
2026-02-21 01:00:00-06:00,0.0,0.0,0.0,15.85,1.66
2026-02-21 02:00:00-06:00,0.0,0.0,0.0,14.96,1.66
2026-02-21 03:00:00-06:00,0.0,0.0,0.0,14.15,1.59
2026-02-21 04:00:00-06:00,0.0,0.0,0.0,13.45,1.52
2026-02-21 05:00:00-06:00,0.0,0.0,0.0,12.91,1.52
2026-02-21 06:00:00-06:00,0.0,0.0,0.0,12.49,1.52
2026-02-21 07:00:00-06:00,0.0,0.0,0.0,12.1,1.59
2026-02-21 08:00:00-06:00,272.8,743.39,111.95,13.35,1.24
2026-02-21 09:00:00-06:00,516.5,856.44,142.25,19.25,0.21
2026-02-21 10:00:00-06:00,721.55,901.13,159.45,22.62,0.9
2026-02-21 11:00:00-06:00,872.35,935.83,157.35,24.99,1.31
2026-02-21 12:00:00-06:00,926.6,866.21,191.9,26.98,1.66
2026-02-21 13:00:00-06:00,918.9,859.52,170.7,28.5,1.86
2026-02-21 14:00:00-06:00,833.1,813.5,158.35,29.51,2.14
2026-02-21 15:00:00-06:00,676.45,754.63,127.2,30.07,2.21
2026-02-21 16:00:00-06:00,452.05,590.9,113.7,30.03,2.14
2026-02-21 17:00:00-06:00,206.05,339.42,79.0,29.42,2.0
2026-02-21 18:00:00-06:00,24.35,65.06,14.7,28.17,1.52
2026-02-21 19:00:00-06:00,0.0,0.0,0.0,26.4,0.9
2026-02-21 20:00:00-06:00,0.0,0.0,0.0,24.88,0.62
2026-02-21 21:00:00-06:00,0.0,0.0,0.0,22.26,1.31
2026-02-21 22:00:00-06:00,0.0,0.0,0.0,20.22,1.86
2026-02-21 23:00:00-06:00,0.0,0.0,0.0,18.19,1.86
2026-02-22 00:00:00-06:00,0.0,0.0,0.0,17.06,1.86
2026-02-22 01:00:00-06:00,0.0,0.0,0.0,16.09,1.79
2026-02-22 02:00:00-06:00,0.0,0.0,0.0,15.08,1.79
2026-02-22 03:00:00-06:00,0.0,0.0,0.0,14.17,1.79
2026-02-22 04:00:00-06:00,0.0,0.0,0.0,13.41,1.79
2026-02-22 05:00:00-06:00,0.0,0.0,0.0,12.7,1.79
2026-02-22 06:00:00-06:00,0.0,0.0,0.0,12.1,1.79
2026-02-22 07:00:00-06:00,0.0,0.0,0.0,11.63,1.79
2026-02-22 08:00:00-06:00,305.85,1053.41,75.05,12.67,1.45
2026-02-22 09:00:00-06:00,548.8,1023.71,98.45,19.45,0.21
2026-02-22 10:00:00-06:00,738.55,977.41,125.85,23.11,1.03
2026-02-22 11:00:00-06:00,879.4,944.42,154.85,25.62,1.52
2026-02-22 12:00:00-06:00,958.15,973.24,129.6,27.68,1.79
2026-02-22 13:00:00-06:00,930.35,898.73,145.25,29.2,1.93
2026-02-22 14:00:00-06:00,833.9,843.31,131.95,30.35,2.14
2026-02-22 15:00:00-06:00,648.6,732.32,113.6,31.02,2.14
2026-02-22 16:00:00-06:00,409.1,570.03,81.3,30.68,2.34
2026-02-22 17:00:00-06:00,208.05,385.82,62.8,29.65,1.52
2026-02-22 18:00:00-06:00,25.4,83.58,12.85,28.52,0.55
2026-02-22 19:00:00-06:00,0.0,0.0,0.0,26.83,0.55
2026-02-22 20:00:00-06:00,0.0,0.0,0.0,24.57,1.24
2026-02-22 21:00:00-06:00,0.0,0.0,0.0,22.41,1.66
2026-02-22 22:00:00-06:00,0.0,0.0,0.0,20.7,1.93
2026-02-22 23:00:00-06:00,0.0,0.0,0.0,19.13,2.0
2026-02-23 00:00:00-06:00,0.0,0.0,0.0,17.81,1.93
2026-02-23 01:00:00-06:00,0.0,0.0,0.0,16.67,1.86
2026-02-23 02:00:00-06:00,0.0,0.0,0.0,15.57,1.72
2026-02-23 03:00:00-06:00,0.0,0.0,0.0,14.72,1.72
2026-02-23 04:00:00-06:00,0.0,0.0,0.0,14.07,1.72
2026-02-23 05:00:00-06:00,0.0,0.0,0.0,13.52,1.72
2026-02-23 06:00:00-06:00,0.0,0.0,0.0,13.1,1.79
2026-02-23 07:00:00-06:00,0.0,0.0,0.0,12.7,1.79
2026-02-23 08:00:00-06:00,306.75,1065.01,70.45,13.9,1.38
2026-02-23 09:00:00-06:00,544.8,1022.25,92.05,20.88,0.41
2026-02-23 10:00:00-06:00,742.35,1007.98,107.35,24.24,0.62
2026-02-23 11:00:00-06:00,879.45,985.25,120.45,26.5,1.17
2026-02-23 12:00:00-06:00,948.8,972.62,117.7,28.31,1.38
2026-02-23 13:00:00-06:00,933.4,932.54,115.9,29.99,1.79
2026-02-23 14:00:00-06:00,794.4,764.72,155.65,30.95,2.07
2026-02-23 15:00:00-06:00,603.8,657.9,121.4,31.28,1.86
2026-02-23 16:00:00-06:00,368.05,439.41,114.3,31.13,1.59
2026-02-23 17:00:00-06:00,191.35,323.04,69.05,30.21,1.52
2026-02-23 18:00:00-06:00,21.6,63.18,12.0,29.31,0.55
2026-02-23 19:00:00-06:00,0.0,0.0,0.0,28.02,1.59
2026-02-23 20:00:00-06:00,0.0,0.0,0.0,25.23,2.07
2026-02-23 21:00:00-06:00,0.0,0.0,0.0,23.1,2.07
2026-02-23 22:00:00-06:00,0.0,0.0,0.0,21.65,2.0
2026-02-23 23:00:00-06:00,0.0,0.0,0.0,20.24,2.0
2026-02-24 00:00:00-06:00,0.0,0.0,0.0,19.11,1.72
2026-02-24 01:00:00-06:00,0.0,0.0,0.0,18.16,1.59
2026-02-24 02:00:00-06:00,0.0,0.0,0.0,17.35,1.59
2026-02-24 03:00:00-06:00,0.0,0.0,0.0,16.65,1.66
2026-02-24 04:00:00-06:00,0.0,0.0,0.0,15.86,1.66
2026-02-24 05:00:00-06:00,0.0,0.0,0.0,14.85,1.66
2026-02-24 06:00:00-06:00,0.0,0.0,0.0,14.06,1.66
2026-02-24 07:00:00-06:00,0.0,0.0,0.0,13.41,1.59
2026-02-24 08:00:00-06:00,308.35,1046.94,73.1,14.58,1.1
2026-02-24 09:00:00-06:00,550.0,1021.39,94.55,21.56,0.07
2026-02-24 10:00:00-06:00,753.6,1020.99,107.2,24.88,1.03
2026-02-24 11:00:00-06:00,895.65,1009.05,115.1,27.29,1.45
2026-02-24 12:00:00-06:00,963.55,985.95,117.95,29.43,1.79
2026-02-24 13:00:00-06:00,941.55,933.69,120.2,31.25,2.14
2026-02-24 14:00:00-06:00,842.75,861.0,121.1,32.49,2.69
2026-02-24 15:00:00-06:00,656.1,707.58,135.4,32.9,2.9
2026-02-24 16:00:00-06:00,434.75,539.45,121.95,32.43,3.03
2026-02-24 17:00:00-06:00,202.85,341.1,73.0,31.43,2.28
2026-02-24 18:00:00-06:00,25.5,82.63,12.8,30.15,0.83
2026-02-24 19:00:00-06:00,0.0,0.0,0.0,28.18,1.03
2026-02-24 20:00:00-06:00,0.0,0.0,0.0,26.07,1.79
2026-02-24 21:00:00-06:00,0.0,0.0,0.0,23.53,1.93
2026-02-24 22:00:00-06:00,0.0,0.0,0.0,21.18,1.59
2026-02-24 23:00:00-06:00,0.0,0.0,0.0,19.92,1.03
2026-02-25 00:00:00-06:00,0.0,0.0,0.0,20.6,0.21
2026-02-25 01:00:00-06:00,0.0,0.0,0.0,20.09,0.62
2026-02-25 02:00:00-06:00,0.0,0.0,0.0,17.11,1.38
2026-02-25 03:00:00-06:00,0.0,0.0,0.0,15.41,1.66
2026-02-25 04:00:00-06:00,0.0,0.0,0.0,14.47,1.66
2026-02-25 05:00:00-06:00,0.0,0.0,0.0,13.59,1.59
2026-02-25 06:00:00-06:00,0.0,0.0,0.0,12.97,1.59
2026-02-25 07:00:00-06:00,0.0,0.0,0.0,12.49,1.66
2026-02-25 08:00:00-06:00,315.25,1062.7,73.4,13.71,1.17
2026-02-25 09:00:00-06:00,556.7,1027.82,95.25,20.35,0.14
2026-02-25 10:00:00-06:00,759.2,1023.39,108.05,23.06,1.17
2026-02-25 11:00:00-06:00,900.25,1010.31,115.5,25.31,1.52
2026-02-25 12:00:00-06:00,969.55,988.39,118.75,27.16,1.79
2026-02-25 13:00:00-06:00,954.65,948.27,117.6,28.82,2.14
2026-02-25 14:00:00-06:00,860.35,890.55,111.4,29.82,2.07
2026-02-25 15:00:00-06:00,692.35,789.51,109.3,30.3,2.0
2026-02-25 16:00:00-06:00,470.8,652.54,90.9,30.32,2.28
2026-02-25 17:00:00-06:00,221.0,406.69,65.35,29.72,2.14
2026-02-25 18:00:00-06:00,27.6,92.01,13.3,28.5,0.97
2026-02-25 19:00:00-06:00,0.0,0.0,0.0,26.61,0.34
2026-02-25 20:00:00-06:00,0.0,0.0,0.0,24.64,1.03
2026-02-25 21:00:00-06:00,0.0,0.0,0.0,22.99,1.72
2026-02-25 22:00:00-06:00,0.0,0.0,0.0,21.19,1.93
2026-02-25 23:00:00-06:00,0.0,0.0,0.0,19.29,1.79
2026-02-26 00:00:00-06:00,0.0,0.0,0.0,18.1,1.66
2026-02-26 01:00:00-06:00,0.0,0.0,0.0,16.95,1.59
2026-02-26 02:00:00-06:00,0.0,0.0,0.0,15.82,1.59
2026-02-26 03:00:00-06:00,0.0,0.0,0.0,14.82,1.52
2026-02-26 04:00:00-06:00,0.0,0.0,0.0,14.0,1.52
2026-02-26 05:00:00-06:00,0.0,0.0,0.0,13.27,1.52
2026-02-26 06:00:00-06:00,0.0,0.0,0.0,12.63,1.52
2026-02-26 07:00:00-06:00,0.0,0.0,0.0,12.13,1.59
2026-02-26 08:00:00-06:00,316.2,1052.25,73.65,13.7,1.03
2026-02-26 09:00:00-06:00,558.45,1026.66,94.35,20.44,0.21
2026-02-26 10:00:00-06:00,760.85,1022.21,107.2,23.5,1.24
2026-02-26 11:00:00-06:00,901.35,1008.22,115.0,25.89,1.59
2026-02-26 12:00:00-06:00,966.9,982.13,118.4,27.95,1.93
2026-02-26 13:00:00-06:00,916.3,866.47,148.85,29.59,2.21
2026-02-26 14:00:00-06:00,822.3,787.14,158.1,30.37,2.41
2026-02-26 15:00:00-06:00,663.45,720.25,129.7,30.58,2.21
2026-02-26 16:00:00-06:00,446.7,578.98,108.3,30.46,1.72
2026-02-26 17:00:00-06:00,202.2,345.32,69.35,29.97,1.31
2026-02-26 18:00:00-06:00,27.5,85.62,14.05,29.02,0.97
2026-02-26 19:00:00-06:00,0.0,0.0,0.0,27.59,0.48
2026-02-26 20:00:00-06:00,0.0,0.0,0.0,25.51,1.52
2026-02-26 21:00:00-06:00,0.0,0.0,0.0,23.28,2.07
2026-02-26 22:00:00-06:00,0.0,0.0,0.0,20.97,1.93
2026-02-26 23:00:00-06:00,0.0,0.0,0.0,19.81,1.93
2026-02-27 00:00:00-06:00,0.0,0.0,0.0,18.83,1.79
2026-02-27 01:00:00-06:00,0.0,0.0,0.0,18.0,1.59
2026-02-27 02:00:00-06:00,0.0,0.0,0.0,17.07,1.31
2026-02-27 03:00:00-06:00,0.0,0.0,0.0,16.87,1.17
2026-02-27 04:00:00-06:00,0.0,0.0,0.0,16.57,1.17
2026-02-27 05:00:00-06:00,0.0,0.0,0.0,16.29,1.1
2026-02-27 06:00:00-06:00,0.0,0.0,0.0,15.89,1.17
2026-02-27 07:00:00-06:00,0.0,0.0,0.0,15.12,1.38
2026-02-27 08:00:00-06:00,239.55,656.81,86.2,16.16,0.97
2026-02-27 09:00:00-06:00,492.25,800.36,127.95,19.54,0.41
2026-02-27 10:00:00-06:00,639.95,791.26,131.45,22.06,1.45
2026-02-27 11:00:00-06:00,715.35,671.47,189.5,23.74,1.86
2026-02-27 12:00:00-06:00,853.25,796.88,162.3,25.01,2.0
2026-02-27 13:00:00-06:00,766.4,620.67,214.8,26.0,1.66
2026-02-27 14:00:00-06:00,718.75,657.57,162.05,26.62,1.72
2026-02-27 15:00:00-06:00,527.25,530.53,132.75,26.84,1.59
2026-02-27 16:00:00-06:00,395.4,487.79,109.2,26.0,0.83
2026-02-27 17:00:00-06:00,178.5,317.19,55.85,25.79,0.34
2026-02-27 18:00:00-06:00,20.15,54.81,11.45,24.73,0.28
2026-02-27 19:00:00-06:00,0.0,0.0,0.0,23.59,0.21
2026-02-27 20:00:00-06:00,0.0,0.0,0.0,22.93,0.83
2026-02-27 21:00:00-06:00,0.0,0.0,0.0,21.62,1.66
2026-02-27 22:00:00-06:00,0.0,0.0,0.0,20.37,2.0
2026-02-27 23:00:00-06:00,0.0,0.0,0.0,19.07,1.38
2026-02-28 00:00:00-06:00,0.0,0.0,0.0,17.49,0.97
2026-02-28 01:00:00-06:00,0.0,0.0,0.0,16.99,0.62
2026-02-28 02:00:00-06:00,0.0,0.0,0.0,16.67,0.48
2026-02-28 03:00:00-06:00,0.0,0.0,0.0,16.06,0.21
2026-02-28 04:00:00-06:00,0.0,0.0,0.0,15.36,0.07
2026-02-28 05:00:00-06:00,0.0,0.0,0.0,14.51,0.28
2026-02-28 06:00:00-06:00,0.0,0.0,0.0,13.7,0.34
2026-02-28 07:00:00-06:00,0.0,0.0,0.0,13.12,0.41
2026-02-28 08:00:00-06:00,312.15,971.92,82.3,14.05,0.28
2026-02-28 09:00:00-06:00,554.7,990.8,100.6,17.19,0.55
2026-02-28 10:00:00-06:00,742.15,953.92,126.05,26.48,1.28
2026-02-28 11:00:00-06:00,870.85,921.99,145.85,26.03,1.31
2026-02-28 12:00:00-06:00,908.65,880.39,142.55,25.57,1.34
2026-02-28 13:00:00-06:00,929.25,895.0,131.2,25.12,1.37
2026-02-28 14:00:00-06:00,831.3,827.28,128.65,24.67,1.4
2026-02-28 15:00:00-06:00,635.95,695.83,116.8,24.22,1.43
2026-02-28 16:00:00-06:00,421.0,550.82,96.6,23.76,1.46
2026-02-28 17:00:00-06:00,198.7,344.31,64.9,23.31,1.49
2026-02-28 18:00:00-06:00,18.55,7.48,17.35,22.86,1.51
2026-02-28 19:00:00-06:00,0.0,0.0,0.0,22.41,1.54
2026-02-28 20:00:00-06:00,0.0,0.0,0.0,21.95,1.57
2026-02-28 21:00:00-06:00,0.0,0.0,0.0,21.5,1.6
2026-02-28 22:00:00-06:00,0.0,0.0,0.0,21.05,1.63
2026-02-28 23:00:00-06:00,0.0,0.0,0.0,20.6,1.66
2026-03-01 00:00:00-06:00,0.0,0.0,0.0,20.14,1.69
2026-03-01 01:00:00-06:00,0.0,0.0,0.0,19.69,1.72
2026-03-01 02:00:00-06:00,0.0,0.0,0.0,15.21,1.79
2026-03-01 03:00:00-06:00,0.0,0.0,0.0,14.17,1.79
2026-03-01 04:00:00-06:00,0.0,0.0,0.0,13.29,1.79
2026-03-01 05:00:00-06:00,0.0,0.0,0.0,12.57,1.79
2026-03-01 06:00:00-06:00,0.0,0.0,0.0,11.89,1.79
2026-03-01 07:00:00-06:00,0.0,0.0,0.0,11.24,1.72
2026-03-01 08:00:00-06:00,336.05,1092.06,74.45,13.14,1.17
2026-03-01 09:00:00-06:00,578.3,1046.59,95.3,19.67,0.07
2026-03-01 10:00:00-06:00,778.75,1032.45,108.6,22.69,0.83
2026-03-01 11:00:00-06:00,917.65,1014.45,116.7,24.79,1.31
2026-03-01 12:00:00-06:00,985.2,990.57,120.15,26.43,1.86
2026-03-01 13:00:00-06:00,967.4,947.06,120.15,28.04,2.28
2026-03-01 14:00:00-06:00,873.15,884.8,119.25,29.04,2.34
2026-03-01 15:00:00-06:00,708.65,803.23,107.4,29.71,2.48
2026-03-01 16:00:00-06:00,488.45,675.94,88.9,29.79,2.48
2026-03-01 17:00:00-06:00,236.85,443.82,63.55,29.16,2.21
2026-03-01 18:00:00-06:00,31.45,103.77,14.65,27.74,1.38
2026-03-01 19:00:00-06:00,0.0,0.0,0.0,25.9,0.48
2026-03-01 20:00:00-06:00,0.0,0.0,0.0,23.45,1.1
2026-03-01 21:00:00-06:00,0.0,0.0,0.0,20.98,1.52
2026-03-01 22:00:00-06:00,0.0,0.0,0.0,19.06,1.72
2026-03-01 23:00:00-06:00,0.0,0.0,0.0,17.21,1.72
2026-03-02 00:00:00-06:00,0.0,0.0,0.0,15.6,1.59
2026-03-02 01:00:00-06:00,0.0,0.0,0.0,15.17,1.52
2026-03-02 02:00:00-06:00,0.0,0.0,0.0,14.3,1.59
2026-03-02 03:00:00-06:00,0.0,0.0,0.0,13.7,1.59
2026-03-02 04:00:00-06:00,0.0,0.0,0.0,13.19,1.59
2026-03-02 05:00:00-06:00,0.0,0.0,0.0,12.69,1.59
2026-03-02 06:00:00-06:00,0.0,0.0,0.0,12.07,1.59
2026-03-02 07:00:00-06:00,33.65,0.0,33.65,11.45,1.59
2026-03-02 08:00:00-06:00,333.65,1062.05,75.95,13.73,0.97
2026-03-02 09:00:00-06:00,550.75,902.94,131.15,19.6,0.48
2026-03-02 10:00:00-06:00,754.55,938.64,142.25,22.14,1.1
2026-03-02 11:00:00-06:00,893.7,917.89,166.05,24.08,1.31
2026-03-02 12:00:00-06:00,935.75,811.98,224.15,25.78,1.45
2026-03-02 13:00:00-06:00,913.75,753.25,237.7,27.1,1.59
2026-03-02 14:00:00-06:00,768.5,557.89,291.65,28.12,1.79
2026-03-02 15:00:00-06:00,578.6,418.2,264.55,28.5,2.0
2026-03-02 16:00:00-06:00,424.95,425.39,172.6,28.43,1.93
2026-03-02 17:00:00-06:00,230.15,406.31,70.75,28.07,1.72
2026-03-02 18:00:00-06:00,30.45,87.8,16.1,27.04,0.9
2026-03-02 19:00:00-06:00,0.0,0.0,0.0,25.27,0.62
2026-03-02 20:00:00-06:00,0.0,0.0,0.0,23.44,1.03
2026-03-02 21:00:00-06:00,0.0,0.0,0.0,21.58,1.45
2026-03-02 22:00:00-06:00,0.0,0.0,0.0,20.05,1.59
2026-03-02 23:00:00-06:00,0.0,0.0,0.0,18.68,1.66
2026-03-03 00:00:00-06:00,0.0,0.0,0.0,17.49,1.59
2026-03-03 01:00:00-06:00,0.0,0.0,0.0,16.67,1.52
2026-03-03 02:00:00-06:00,0.0,0.0,0.0,15.77,1.59
2026-03-03 03:00:00-06:00,0.0,0.0,0.0,15.36,1.45
2026-03-03 04:00:00-06:00,0.0,0.0,0.0,14.98,1.38
2026-03-03 05:00:00-06:00,0.0,0.0,0.0,14.78,1.31
2026-03-03 06:00:00-06:00,0.0,0.0,0.0,14.1,1.45
2026-03-03 07:00:00-06:00,46.05,0.0,46.05,13.57,1.52
2026-03-03 08:00:00-06:00,308.15,847.1,99.95,15.33,0.97
2026-03-03 09:00:00-06:00,562.55,942.02,121.75,20.61,0.07
2026-03-03 10:00:00-06:00,758.45,960.98,128.45,23.21,0.83
2026-03-03 11:00:00-06:00,912.5,992.98,122.15,25.44,1.31
2026-03-03 12:00:00-06:00,981.4,978.07,121.25,27.43,2.0
2026-03-03 13:00:00-06:00,940.8,907.05,124.1,28.99,2.48
2026-03-03 14:00:00-06:00,850.45,847.64,123.7,30.01,2.69
2026-03-03 15:00:00-06:00,670.45,729.84,120.65,30.78,2.9
2026-03-03 16:00:00-06:00,464.85,617.08,97.5,30.86,3.17
2026-03-03 17:00:00-06:00,220.75,392.03,66.25,30.08,2.9
2026-03-03 18:00:00-06:00,29.65,92.16,14.45,28.54,2.14
2026-03-03 19:00:00-06:00,0.0,0.0,0.0,26.58,1.31
2026-03-03 20:00:00-06:00,0.0,0.0,0.0,25.11,0.83
2026-03-03 21:00:00-06:00,0.0,0.0,0.0,24.65,0.48
2026-03-03 22:00:00-06:00,0.0,0.0,0.0,21.65,1.52
2026-03-03 23:00:00-06:00,0.0,0.0,0.0,20.07,1.86
2026-03-04 00:00:00-06:00,0.0,0.0,0.0,18.91,1.86
2026-03-04 01:00:00-06:00,0.0,0.0,0.0,18.14,1.79
2026-03-04 02:00:00-06:00,0.0,0.0,0.0,17.27,1.72
2026-03-04 03:00:00-06:00,0.0,0.0,0.0,16.51,1.66
2026-03-04 04:00:00-06:00,0.0,0.0,0.0,15.5,1.59
2026-03-04 05:00:00-06:00,0.0,0.0,0.0,14.73,1.52
2026-03-04 06:00:00-06:00,0.0,0.0,0.0,14.36,1.45
2026-03-04 07:00:00-06:00,37.65,0.0,37.65,14.12,1.45
2026-03-04 08:00:00-06:00,324.6,961.04,85.35,16.34,0.97
2026-03-04 09:00:00-06:00,565.8,983.27,102.5,20.67,0.48
2026-03-04 10:00:00-06:00,759.3,961.77,125.65,22.88,1.17
2026-03-04 11:00:00-06:00,893.45,941.84,140.8,24.69,1.38
2026-03-04 12:00:00-06:00,936.45,871.06,167.75,26.32,1.66
2026-03-04 13:00:00-06:00,938.5,883.32,140.65,28.0,2.07
2026-03-04 14:00:00-06:00,832.05,800.37,143.75,29.12,2.41
2026-03-04 15:00:00-06:00,670.15,695.84,144.35,29.72,2.55
2026-03-04 16:00:00-06:00,462.0,590.71,109.15,29.73,2.55
2026-03-04 17:00:00-06:00,221.15,369.45,74.9,29.04,2.28
2026-03-04 18:00:00-06:00,30.85,92.55,15.45,27.8,1.59
2026-03-04 19:00:00-06:00,0.0,0.0,0.0,26.05,0.62
2026-03-04 20:00:00-06:00,0.0,0.0,0.0,24.86,0.41
2026-03-04 21:00:00-06:00,0.0,0.0,0.0,22.79,0.97
2026-03-04 22:00:00-06:00,0.0,0.0,0.0,20.83,1.66
2026-03-04 23:00:00-06:00,0.0,0.0,0.0,19.26,1.79
2026-03-05 00:00:00-06:00,0.0,0.0,0.0,17.94,1.72
2026-03-05 01:00:00-06:00,0.0,0.0,0.0,17.15,1.66
2026-03-05 02:00:00-06:00,0.0,0.0,0.0,16.12,1.59
2026-03-05 03:00:00-06:00,0.0,0.0,0.0,15.26,1.52
2026-03-05 04:00:00-06:00,0.0,0.0,0.0,14.55,1.38
2026-03-05 05:00:00-06:00,0.0,0.0,0.0,14.11,1.31
2026-03-05 06:00:00-06:00,0.0,0.0,0.0,13.68,1.31
2026-03-05 07:00:00-06:00,51.3,0.0,51.3,13.24,1.45
2026-03-05 08:00:00-06:00,312.6,810.22,108.3,15.53,0.97
2026-03-05 09:00:00-06:00,553.5,884.18,134.0,20.75,0.14
2026-03-05 10:00:00-06:00,748.55,893.6,156.9,23.21,0.62
2026-03-05 11:00:00-06:00,872.8,841.14,197.95,25.43,1.03
2026-03-05 12:00:00-06:00,935.3,818.79,210.25,27.19,1.45
2026-03-05 13:00:00-06:00,898.25,745.43,222.85,28.72,1.72
2026-03-05 14:00:00-06:00,791.35,640.96,238.5,29.62,2.0
2026-03-05 15:00:00-06:00,598.7,476.44,237.6,30.05,2.0
2026-03-05 16:00:00-06:00,412.6,387.11,180.6,29.91,1.72
2026-03-05 17:00:00-06:00,195.8,241.47,99.8,29.38,1.45
2026-03-05 18:00:00-06:00,28.1,48.56,19.95,28.28,0.97
2026-03-05 19:00:00-06:00,0.0,0.0,0.0,26.66,0.55
2026-03-05 20:00:00-06:00,0.0,0.0,0.0,25.05,0.97
2026-03-05 21:00:00-06:00,0.0,0.0,0.0,23.19,1.38
2026-03-05 22:00:00-06:00,0.0,0.0,0.0,21.66,1.59
2026-03-05 23:00:00-06:00,0.0,0.0,0.0,20.43,1.72
2026-03-06 00:00:00-06:00,0.0,0.0,0.0,19.06,1.72
2026-03-06 01:00:00-06:00,0.0,0.0,0.0,18.48,1.59
2026-03-06 02:00:00-06:00,0.0,0.0,0.0,17.4,1.52
2026-03-06 03:00:00-06:00,0.0,0.0,0.0,16.61,1.52
2026-03-06 04:00:00-06:00,0.0,0.0,0.0,15.98,1.52
2026-03-06 05:00:00-06:00,0.0,0.0,0.0,15.41,1.52
2026-03-06 06:00:00-06:00,0.0,0.0,0.0,14.95,1.52
2026-03-06 07:00:00-06:00,37.7,0.0,37.7,14.62,1.52
2026-03-06 08:00:00-06:00,324.25,923.1,88.5,16.93,1.03
2026-03-06 09:00:00-06:00,556.0,900.17,125.95,22.06,0.0
2026-03-06 10:00:00-06:00,766.9,979.76,115.0,24.41,0.55
2026-03-06 11:00:00-06:00,895.55,951.49,129.15,26.41,1.1
2026-03-06 12:00:00-06:00,845.55,675.34,245.5,27.95,1.66
2026-03-06 13:00:00-06:00,922.6,822.31,175.25,27.9,1.59
2026-03-06 14:00:00-06:00,736.8,637.36,185.45,28.87,2.0
2026-03-06 15:00:00-06:00,625.7,660.79,123.4,28.79,2.0
2026-03-06 16:00:00-06:00,397.9,471.43,114.45,28.93,0.0
2026-03-06 17:00:00-06:00,162.3,195.13,84.4,28.54,0.0
2026-03-06 18:00:00-06:00,23.4,56.73,13.8,27.56,2.07
2026-03-06 19:00:00-06:00,0.0,0.0,0.0,26.23,1.38
2026-03-06 20:00:00-06:00,0.0,0.0,0.0,25.12,1.31
2026-03-06 21:00:00-06:00,0.0,0.0,0.0,24.09,0.97
2026-03-06 22:00:00-06:00,0.0,0.0,0.0,23.77,0.48
2026-03-06 23:00:00-06:00,0.0,0.0,0.0,22.29,0.97
2026-03-07 00:00:00-06:00,0.0,0.0,0.0,20.81,1.17
2026-03-07 01:00:00-06:00,0.0,0.0,0.0,21.35,0.69
2026-03-07 02:00:00-06:00,0.0,0.0,0.0,21.09,0.55
2026-03-07 03:00:00-06:00,0.0,0.0,0.0,20.68,0.62
2026-03-07 04:00:00-06:00,0.0,0.0,0.0,20.24,0.62
2026-03-07 05:00:00-06:00,0.0,0.0,0.0,19.84,0.69
2026-03-07 06:00:00-06:00,0.0,0.0,0.0,19.26,0.83
2026-03-07 07:00:00-06:00,40.7,0.0,40.7,18.75,0.83
2026-03-07 08:00:00-06:00,254.15,613.37,95.5,19.35,0.48
2026-03-07 09:00:00-06:00,492.8,734.75,139.35,21.02,0.21
2026-03-07 10:00:00-06:00,668.65,781.67,146.0,22.9,0.55
2026-03-07 11:00:00-06:00,858.6,880.44,146.65,24.26,0.97
2026-03-07 12:00:00-06:00,863.2,751.21,193.5,26.03,1.31
2026-03-07 13:00:00-06:00,841.0,716.44,187.9,27.2,2.0
2026-03-07 14:00:00-06:00,788.1,722.22,161.55,27.9,2.28
2026-03-07 15:00:00-06:00,612.6,602.43,153.35,28.23,2.34
2026-03-07 16:00:00-06:00,352.45,381.41,122.4,28.15,2.83
2026-03-07 17:00:00-06:00,158.05,212.05,73.05,26.93,3.24
2026-03-07 18:00:00-06:00,20.6,48.37,12.35,25.07,2.21
2026-03-07 19:00:00-06:00,0.0,0.0,0.0,23.82,0.48
2026-03-07 20:00:00-06:00,0.0,0.0,0.0,23.07,0.97
2026-03-07 21:00:00-06:00,0.0,0.0,0.0,21.98,1.38
2026-03-07 22:00:00-06:00,0.0,0.0,0.0,20.97,1.52
2026-03-07 23:00:00-06:00,0.0,0.0,0.0,20.18,1.52
2026-03-08 00:00:00-06:00,0.0,0.0,0.0,19.54,1.45
2026-03-08 01:00:00-06:00,0.0,0.0,0.0,18.76,1.31
2026-03-08 02:00:00-06:00,0.0,0.0,0.0,17.81,1.45
2026-03-08 03:00:00-06:00,0.0,0.0,0.0,16.95,1.45
2026-03-08 04:00:00-06:00,0.0,0.0,0.0,16.23,1.52
2026-03-08 05:00:00-06:00,0.0,0.0,0.0,15.68,1.52
2026-03-08 06:00:00-06:00,0.0,0.0,0.0,15.32,1.45
2026-03-08 07:00:00-06:00,39.9,0.0,39.9,14.98,1.45
2026-03-08 08:00:00-06:00,335.3,962.04,83.3,17.2,0.83
2026-03-08 09:00:00-06:00,570.65,961.88,104.75,21.03,0.21
2026-03-08 10:00:00-06:00,761.5,950.81,122.65,23.13,0.76
2026-03-08 11:00:00-06:00,852.1,862.37,152.05,24.89,1.17
2026-03-08 12:00:00-06:00,923.95,875.62,140.75,26.35,1.79
2026-03-08 13:00:00-06:00,943.5,880.4,138.55,27.62,2.34
2026-03-08 14:00:00-06:00,826.5,790.84,138.5,28.66,2.62
2026-03-08 15:00:00-06:00,680.85,726.19,125.7,29.15,3.03
2026-03-08 16:00:00-06:00,428.8,505.86,122.75,29.24,3.38
2026-03-08 17:00:00-06:00,232.95,408.51,68.55,28.41,3.31
2026-03-08 18:00:00-06:00,29.75,79.99,16.0,27.19,2.69
2026-03-08 19:00:00-06:00,0.0,0.0,0.0,25.34,1.24
2026-03-08 20:00:00-06:00,0.0,0.0,0.0,23.84,0.62
2026-03-08 21:00:00-06:00,0.0,0.0,0.0,22.23,0.69
2026-03-08 22:00:00-06:00,0.0,0.0,0.0,20.85,0.9
2026-03-08 23:00:00-06:00,0.0,0.0,0.0,19.64,1.1
2026-03-09 00:00:00-06:00,0.0,0.0,0.0,18.59,1.17
2026-03-09 01:00:00-06:00,0.0,0.0,0.0,19.66,0.62
2026-03-09 02:00:00-06:00,0.0,0.0,0.0,18.6,0.9
2026-03-09 03:00:00-06:00,0.0,0.0,0.0,17.1,1.1
2026-03-09 04:00:00-06:00,0.0,0.0,0.0,16.29,1.17
2026-03-09 05:00:00-06:00,0.0,0.0,0.0,15.34,1.24
2026-03-09 06:00:00-06:00,0.0,0.0,0.0,13.93,1.45
2026-03-09 07:00:00-06:00,41.5,0.0,41.5,12.83,1.45
2026-03-09 08:00:00-06:00,350.05,1007.31,82.85,15.32,0.9
2026-03-09 09:00:00-06:00,595.2,1003.81,105.65,19.91,0.14
2026-03-09 10:00:00-06:00,799.35,1013.31,115.2,22.08,0.62
2026-03-09 11:00:00-06:00,888.3,886.62,165.8,24.1,1.24
2026-03-09 12:00:00-06:00,973.95,919.24,149.05,25.81,1.79
2026-03-09 13:00:00-06:00,986.5,942.5,122.25,27.42,2.21
2026-03-09 14:00:00-06:00,890.75,888.23,115.9,28.73,2.41
2026-03-09 15:00:00-06:00,723.45,804.89,106.45,29.49,2.48
2026-03-09 16:00:00-06:00,500.1,674.51,90.8,29.64,2.34
2026-03-09 17:00:00-06:00,247.7,451.51,65.3,29.09,1.86
2026-03-09 18:00:00-06:00,36.2,114.04,16.45,27.72,0.83
2026-03-09 19:00:00-06:00,0.0,0.0,0.0,25.7,0.69
2026-03-09 20:00:00-06:00,0.0,0.0,0.0,23.82,1.59
2026-03-09 21:00:00-06:00,0.0,0.0,0.0,22.1,1.93
2026-03-09 22:00:00-06:00,0.0,0.0,0.0,20.55,2.0
2026-03-09 23:00:00-06:00,0.0,0.0,0.0,18.53,2.07
2026-03-10 00:00:00-06:00,0.0,0.0,0.0,16.93,1.79
2026-03-10 01:00:00-06:00,0.0,0.0,0.0,16.35,1.52
2026-03-10 02:00:00-06:00,0.0,0.0,0.0,15.79,1.45
2026-03-10 03:00:00-06:00,0.0,0.0,0.0,15.35,1.38
2026-03-10 04:00:00-06:00,0.0,0.0,0.0,14.64,1.31
2026-03-10 05:00:00-06:00,0.0,0.0,0.0,14.34,1.17
2026-03-10 06:00:00-06:00,0.0,0.0,0.0,13.97,1.17
2026-03-10 07:00:00-06:00,41.95,0.0,41.95,13.5,1.17
2026-03-10 08:00:00-06:00,280.75,681.87,97.6,16.07,0.62
2026-03-10 09:00:00-06:00,517.55,808.0,120.8,19.31,0.28
2026-03-10 10:00:00-06:00,755.3,905.86,140.75,21.47,1.17
2026-03-10 11:00:00-06:00,914.35,921.21,160.8,23.54,1.31
2026-03-10 12:00:00-06:00,904.05,670.74,300.2,25.32,1.31
2026-03-10 13:00:00-06:00,875.2,651.26,276.3,26.36,1.38
2026-03-10 14:00:00-06:00,776.7,606.61,246.1,27.22,1.59
2026-03-10 15:00:00-06:00,634.95,541.17,219.0,27.7,1.72
2026-03-10 16:00:00-06:00,454.25,537.65,127.05,27.73,1.59
2026-03-10 17:00:00-06:00,221.6,350.57,79.45,27.29,1.31
2026-03-10 18:00:00-06:00,34.95,104.91,16.65,26.37,0.41
2026-03-10 19:00:00-06:00,0.0,0.0,0.0,24.67,0.83
2026-03-10 20:00:00-06:00,0.0,0.0,0.0,23.01,1.31
2026-03-10 21:00:00-06:00,0.0,0.0,0.0,21.7,1.66
2026-03-10 22:00:00-06:00,0.0,0.0,0.0,20.42,1.79
2026-03-10 23:00:00-06:00,0.0,0.0,0.0,18.97,1.79
2026-03-11 00:00:00-06:00,0.0,0.0,0.0,17.77,1.79
2026-03-11 01:00:00-06:00,0.0,0.0,0.0,17.15,1.66
2026-03-11 02:00:00-06:00,0.0,0.0,0.0,15.82,1.66
2026-03-11 03:00:00-06:00,0.0,0.0,0.0,14.79,1.52
2026-03-11 04:00:00-06:00,0.0,0.0,0.0,13.98,1.52
2026-03-11 05:00:00-06:00,0.0,0.0,0.0,13.34,1.59
2026-03-11 06:00:00-06:00,0.0,0.0,0.0,12.83,1.59
2026-03-11 07:00:00-06:00,41.65,0.0,41.65,12.38,1.66
2026-03-11 08:00:00-06:00,362.7,1033.99,81.5,15.19,1.03
2026-03-11 09:00:00-06:00,608.2,1028.48,99.75,20.9,0.07
2026-03-11 10:00:00-06:00,810.0,1025.5,110.95,23.55,0.83
2026-03-11 11:00:00-06:00,947.85,1009.7,118.8,25.74,1.24
2026-03-11 12:00:00-06:00,1007.25,979.04,123.05,27.54,1.66
2026-03-11 13:00:00-06:00,987.15,932.61,127.1,29.04,2.0
2026-03-11 14:00:00-06:00,889.2,876.85,120.2,30.02,2.21
2026-03-11 15:00:00-06:00,719.45,784.51,114.9,30.52,2.21
2026-03-11 16:00:00-06:00,500.7,664.28,95.3,30.46,2.0
2026-03-11 17:00:00-06:00,247.15,440.24,68.0,29.76,1.52
2026-03-11 18:00:00-06:00,36.9,113.28,17.0,28.43,0.41
2026-03-11 19:00:00-06:00,0.0,0.0,0.0,26.43,0.55
2026-03-11 20:00:00-06:00,0.0,0.0,0.0,24.7,1.31
2026-03-11 21:00:00-06:00,0.0,0.0,0.0,22.84,1.72
2026-03-11 22:00:00-06:00,0.0,0.0,0.0,21.45,1.86
2026-03-11 23:00:00-06:00,0.0,0.0,0.0,19.31,1.93
2026-03-12 00:00:00-06:00,0.0,0.0,0.0,17.98,1.79
2026-03-12 01:00:00-06:00,0.0,0.0,0.0,17.23,1.72
2026-03-12 02:00:00-06:00,0.0,0.0,0.0,16.12,1.59
2026-03-12 03:00:00-06:00,0.0,0.0,0.0,15.23,1.59
2026-03-12 04:00:00-06:00,0.0,0.0,0.0,14.65,1.59
2026-03-12 05:00:00-06:00,0.0,0.0,0.0,14.18,1.66
2026-03-12 06:00:00-06:00,0.0,0.0,0.0,13.7,1.72
2026-03-12 07:00:00-06:00,43.05,0.0,43.05,13.22,1.66
2026-03-12 08:00:00-06:00,357.8,999.7,82.55,15.88,0.97
2026-03-12 09:00:00-06:00,600.65,998.86,103.5,21.23,0.14
2026-03-12 10:00:00-06:00,800.15,998.24,116.45,23.61,1.03
2026-03-12 11:00:00-06:00,936.75,986.23,123.95,25.6,1.45
2026-03-12 12:00:00-06:00,996.35,960.03,126.6,27.22,1.79
2026-03-12 13:00:00-06:00,978.35,923.6,124.25,28.48,2.0
2026-03-12 14:00:00-06:00,873.8,841.28,134.1,29.48,2.28
2026-03-12 15:00:00-06:00,697.25,741.3,124.55,30.05,2.41
2026-03-12 16:00:00-06:00,477.95,610.67,104.25,30.12,2.41
2026-03-12 17:00:00-06:00,219.4,303.41,95.5,29.64,2.21
2026-03-12 18:00:00-06:00,33.85,76.61,20.3,28.47,1.66
2026-03-12 19:00:00-06:00,0.0,0.0,0.0,26.6,0.83
2026-03-12 20:00:00-06:00,0.0,0.0,0.0,24.99,0.9
2026-03-12 21:00:00-06:00,0.0,0.0,0.0,23.13,1.52
2026-03-12 22:00:00-06:00,0.0,0.0,0.0,20.98,1.79
2026-03-12 23:00:00-06:00,0.0,0.0,0.0,19.11,1.72
2026-03-13 00:00:00-06:00,0.0,0.0,0.0,18.18,1.66
2026-03-13 01:00:00-06:00,0.0,0.0,0.0,17.39,1.45
2026-03-13 02:00:00-06:00,0.0,0.0,0.0,16.48,1.45
2026-03-13 03:00:00-06:00,0.0,0.0,0.0,15.79,1.45
2026-03-13 04:00:00-06:00,0.0,0.0,0.0,15.08,1.52
2026-03-13 05:00:00-06:00,0.0,0.0,0.0,14.59,1.59
2026-03-13 06:00:00-06:00,0.0,0.0,0.0,14.06,1.59
2026-03-13 07:00:00-06:00,52.45,0.0,52.45,13.69,1.52
2026-03-13 08:00:00-06:00,352.9,912.19,98.65,16.46,0.9
2026-03-13 09:00:00-06:00,578.2,865.16,144.7,21.66,0.28
2026-03-13 10:00:00-06:00,783.45,909.99,157.25,24.06,1.03
2026-03-13 11:00:00-06:00,919.55,912.61,164.65,26.13,1.52
2026-03-13 12:00:00-06:00,973.7,881.81,172.35,27.73,1.79
2026-03-13 13:00:00-06:00,960.3,873.21,150.6,29.0,2.28
2026-03-13 14:00:00-06:00,831.3,752.27,168.2,29.82,2.41
2026-03-13 15:00:00-06:00,626.3,528.62,216.9,30.12,2.48
2026-03-13 16:00:00-06:00,371.95,297.36,189.5,29.65,2.76
2026-03-13 17:00:00-06:00,154.9,139.11,97.9,28.46,2.62
2026-03-13 18:00:00-06:00,23.9,25.84,19.3,27.49,1.72
2026-03-13 19:00:00-06:00,0.0,0.0,0.0,26.1,0.69
2026-03-13 20:00:00-06:00,0.0,0.0,0.0,25.09,0.34
2026-03-13 21:00:00-06:00,0.0,0.0,0.0,23.57,0.83
2026-03-13 22:00:00-06:00,0.0,0.0,0.0,22.06,1.31
2026-03-13 23:00:00-06:00,0.0,0.0,0.0,20.82,1.59
2026-03-14 00:00:00-06:00,0.0,0.0,0.0,19.38,1.59
2026-03-14 01:00:00-06:00,0.0,0.0,0.0,18.72,1.38
2026-03-14 02:00:00-06:00,0.0,0.0,0.0,18.14,1.24
2026-03-14 03:00:00-06:00,0.0,0.0,0.0,17.5,1.31
2026-03-14 04:00:00-06:00,0.0,0.0,0.0,17.04,1.24
2026-03-14 05:00:00-06:00,0.0,0.0,0.0,16.66,1.31
2026-03-14 06:00:00-06:00,0.0,0.0,0.0,15.89,1.24
2026-03-14 07:00:00-06:00,51.2,0.0,51.2,15.57,1.17
2026-03-14 08:00:00-06:00,315.05,736.9,107.15,18.3,0.69
2026-03-14 09:00:00-06:00,576.4,904.22,120.3,22.12,0.41
2026-03-14 10:00:00-06:00,752.6,827.0,180.85,24.38,0.97
2026-03-14 11:00:00-06:00,846.5,726.21,243.6,26.32,1.17
2026-03-14 12:00:00-06:00,945.9,832.35,187.2,27.86,1.45
2026-03-14 13:00:00-06:00,888.2,758.34,183.15,29.17,1.66
2026-03-14 14:00:00-06:00,769.15,665.5,181.1,29.69,2.0
2026-03-14 15:00:00-06:00,623.35,641.23,125.55,29.88,2.0
2026-03-14 16:00:00-06:00,359.3,337.97,151.4,29.67,1.93
2026-03-14 17:00:00-06:00,126.05,99.13,85.3,28.71,2.62
2026-03-14 18:00:00-06:00,16.35,17.02,13.3,25.22,1.52
2026-03-14 19:00:00-06:00,0.0,0.0,0.0,24.14,0.48
2026-03-14 20:00:00-06:00,0.0,0.0,0.0,23.6,0.48
2026-03-14 21:00:00-06:00,0.0,0.0,0.0,22.81,0.76
2026-03-14 22:00:00-06:00,0.0,0.0,0.0,21.62,0.9
2026-03-14 23:00:00-06:00,0.0,0.0,0.0,20.57,0.69
2026-03-15 00:00:00-06:00,0.0,0.0,0.0,20.57,0.34
2026-03-15 01:00:00-06:00,0.0,0.0,0.0,19.67,0.69
2026-03-15 02:00:00-06:00,0.0,0.0,0.0,19.62,0.34
2026-03-15 03:00:00-06:00,0.0,0.0,0.0,19.38,0.41
2026-03-15 04:00:00-06:00,0.0,0.0,0.0,19.09,0.21
2026-03-15 05:00:00-06:00,0.0,0.0,0.0,18.78,0.14
2026-03-15 06:00:00-06:00,0.0,0.0,0.0,18.52,0.34
2026-03-15 07:00:00-06:00,78.2,324.03,64.25,18.26,0.34
2026-03-15 08:00:00-06:00,248.95,349.51,149.15,18.4,0.41
2026-03-15 09:00:00-06:00,442.35,423.63,227.25,20.01,0.28
2026-03-15 10:00:00-06:00,602.7,484.05,266.5,21.69,0.48
2026-03-15 11:00:00-06:00,620.35,331.26,344.35,23.12,0.9
2026-03-15 12:00:00-06:00,491.35,154.01,350.55,24.35,1.31
2026-03-15 13:00:00-06:00,582.3,355.95,250.5,23.92,1.1
2026-03-15 14:00:00-06:00,615.55,443.93,222.35,24.52,1.24
2026-03-15 15:00:00-06:00,318.9,161.41,193.3,25.25,1.45
2026-03-15 16:00:00-06:00,282.9,202.78,157.85,23.25,1.86
2026-03-15 17:00:00-06:00,132.15,83.78,97.6,21.87,2.0
2026-03-15 18:00:00-06:00,22.6,40.21,15.35,20.77,0.48
2026-03-15 19:00:00-06:00,0.0,0.0,0.0,20.19,0.55
2026-03-15 20:00:00-06:00,0.0,0.0,0.0,19.44,0.34
2026-03-15 21:00:00-06:00,0.0,0.0,0.0,18.09,0.69
2026-03-15 22:00:00-06:00,0.0,0.0,0.0,17.51,0.83
2026-03-15 23:00:00-06:00,0.0,0.0,0.0,16.95,0.48
2026-03-16 00:00:00-06:00,0.0,0.0,0.0,16.42,0.55
2026-03-16 01:00:00-06:00,0.0,0.0,0.0,16.22,0.41
2026-03-16 02:00:00-06:00,0.0,0.0,0.0,15.91,0.48
2026-03-16 03:00:00-06:00,0.0,0.0,0.0,16.01,0.21
2026-03-16 04:00:00-06:00,0.0,0.0,0.0,15.88,0.07
2026-03-16 05:00:00-06:00,0.0,0.0,0.0,15.79,0.21
2026-03-16 06:00:00-06:00,0.0,0.0,0.0,15.58,0.14
2026-03-16 07:00:00-06:00,58.9,432.48,38.8,15.57,0.34
2026-03-16 08:00:00-06:00,196.75,314.05,106.0,15.65,0.34
2026-03-16 09:00:00-06:00,348.8,334.77,177.7,16.63,0.41
2026-03-16 10:00:00-06:00,595.75,544.77,215.65,18.08,0.69
2026-03-16 11:00:00-06:00,769.6,658.8,218.75,19.84,1.1
2026-03-16 12:00:00-06:00,740.8,563.9,223.75,21.52,1.31
2026-03-16 13:00:00-06:00,748.55,558.3,226.8,22.28,1.59
2026-03-16 14:00:00-06:00,661.55,479.95,235.45,23.29,1.93
2026-03-16 15:00:00-06:00,537.35,504.37,144.0,23.7,2.28
2026-03-16 16:00:00-06:00,443.65,536.91,111.75,23.72,2.41
2026-03-16 17:00:00-06:00,206.05,304.6,80.05,23.68,2.21
2026-03-16 18:00:00-06:00,30.5,81.05,15.8,22.8,1.52
2026-03-16 19:00:00-06:00,0.0,0.0,0.0,21.67,0.55
2026-03-16 20:00:00-06:00,0.0,0.0,0.0,20.47,0.48
2026-03-16 21:00:00-06:00,0.0,0.0,0.0,19.14,0.76
2026-03-16 22:00:00-06:00,0.0,0.0,0.0,18.76,0.69
2026-03-16 23:00:00-06:00,0.0,0.0,0.0,18.41,0.76
2026-03-17 00:00:00-06:00,0.0,0.0,0.0,18.52,0.69
2026-03-17 01:00:00-06:00,0.0,0.0,0.0,17.32,0.83
2026-03-17 02:00:00-06:00,0.0,0.0,0.0,17.0,0.76
2026-03-17 03:00:00-06:00,0.0,0.0,0.0,17.22,0.41
2026-03-17 04:00:00-06:00,0.0,0.0,0.0,17.02,0.14
2026-03-17 05:00:00-06:00,0.0,0.0,0.0,16.74,0.34
2026-03-17 06:00:00-06:00,0.0,0.0,0.0,16.43,0.34
2026-03-17 07:00:00-06:00,106.95,1199.92,47.05,16.2,0.34
2026-03-17 08:00:00-06:00,283.45,663.49,89.45,16.34,0.07
2026-03-17 09:00:00-06:00,546.7,787.48,141.6,18.15,0.34
2026-03-17 10:00:00-06:00,661.2,701.32,169.65,20.18,0.97
2026-03-17 11:00:00-06:00,885.6,873.7,152.5,21.85,1.59
2026-03-17 12:00:00-06:00,994.45,910.82,156.9,23.72,2.48
2026-03-17 13:00:00-06:00,988.6,882.62,161.7,25.01,2.69
2026-03-17 14:00:00-06:00,899.3,871.7,123.65,26.07,2.83
2026-03-17 15:00:00-06:00,704.7,745.39,122.1,26.57,2.97
2026-03-17 16:00:00-06:00,511.25,675.67,92.6,26.45,2.97
2026-03-17 17:00:00-06:00,256.35,455.19,67.5,25.82,2.76
2026-03-17 18:00:00-06:00,39.55,119.5,17.75,24.59,2.0
2026-03-17 19:00:00-06:00,0.0,0.0,0.0,22.83,0.69
2026-03-17 20:00:00-06:00,0.0,0.0,0.0,21.76,0.55
2026-03-17 21:00:00-06:00,0.0,0.0,0.0,19.06,1.1
2026-03-17 22:00:00-06:00,0.0,0.0,0.0,17.49,1.59
2026-03-17 23:00:00-06:00,0.0,0.0,0.0,16.32,1.79
2026-03-18 00:00:00-06:00,0.0,0.0,0.0,15.4,1.86
2026-03-18 01:00:00-06:00,0.0,0.0,0.0,14.65,1.72
2026-03-18 02:00:00-06:00,0.0,0.0,0.0,13.99,1.86
2026-03-18 03:00:00-06:00,0.0,0.0,0.0,13.04,1.79
2026-03-18 04:00:00-06:00,0.0,0.0,0.0,12.28,1.66
2026-03-18 05:00:00-06:00,0.0,0.0,0.0,11.7,1.66
2026-03-18 06:00:00-06:00,0.0,0.0,0.0,11.19,1.59
2026-03-18 07:00:00-06:00,139.0,1242.26,72.69,10.8,1.52
2026-03-18 08:00:00-06:00,390.4,1032.02,85.1,14.51,0.83
2026-03-18 09:00:00-06:00,634.5,1021.53,105.6,19.52,0.34
2026-03-18 10:00:00-06:00,835.0,1017.86,118.4,21.63,0.9
2026-03-18 11:00:00-06:00,971.75,1005.5,125.15,23.46,1.24
2026-03-18 12:00:00-06:00,1032.6,982.31,126.75,25.17,1.66
2026-03-18 13:00:00-06:00,1010.75,943.46,124.7,26.7,2.0
2026-03-18 14:00:00-06:00,909.7,887.22,118.5,27.73,2.21
2026-03-18 15:00:00-06:00,732.15,788.62,114.45,28.38,2.34
2026-03-18 16:00:00-06:00,512.0,675.51,92.5,28.5,2.41
2026-03-18 17:00:00-06:00,256.95,455.81,67.3,28.07,2.34
2026-03-18 18:00:00-06:00,41.0,124.83,18.1,26.86,1.79
2026-03-18 19:00:00-06:00,0.0,0.0,0.0,24.93,0.9
2026-03-18 20:00:00-06:00,0.0,0.0,0.0,22.51,0.9
2026-03-18 21:00:00-06:00,0.0,0.0,0.0,20.21,1.52
2026-03-18 22:00:00-06:00,0.0,0.0,0.0,18.42,1.86
2026-03-18 23:00:00-06:00,0.0,0.0,0.0,16.29,1.86
2026-03-19 00:00:00-06:00,0.0,0.0,0.0,14.81,1.79
2026-03-19 01:00:00-06:00,0.0,0.0,0.0,13.79,1.79
2026-03-19 02:00:00-06:00,0.0,0.0,0.0,12.88,1.72
2026-03-19 03:00:00-06:00,0.0,0.0,0.0,12.07,1.72
2026-03-19 04:00:00-06:00,0.0,0.0,0.0,11.33,1.66
2026-03-19 05:00:00-06:00,0.0,0.0,0.0,10.72,1.59
2026-03-19 06:00:00-06:00,0.0,0.0,0.0,10.37,1.52
2026-03-19 07:00:00-06:00,147.6,1241.59,77.01,10.24,1.52
2026-03-19 08:00:00-06:00,405.25,1074.82,83.6,14.46,0.83
2026-03-19 09:00:00-06:00,653.45,1057.17,102.6,19.72,0.48
2026-03-19 10:00:00-06:00,855.1,1046.96,114.75,22.17,1.31
2026-03-19 11:00:00-06:00,991.15,1028.73,122.05,24.14,1.72
2026-03-19 12:00:00-06:00,1048.85,999.38,124.7,25.86,2.0
2026-03-19 13:00:00-06:00,1025.7,958.32,123.55,27.33,2.14
2026-03-19 14:00:00-06:00,922.7,900.37,118.05,28.33,2.14
2026-03-19 15:00:00-06:00,748.55,816.05,108.05,28.93,2.28
2026-03-19 16:00:00-06:00,519.1,685.37,92.55,29.02,2.28
2026-03-19 17:00:00-06:00,260.85,463.65,67.4,28.5,2.21
2026-03-19 18:00:00-06:00,41.8,127.67,18.25,27.24,1.52
2026-03-19 19:00:00-06:00,0.0,0.0,0.0,25.57,0.62
2026-03-19 20:00:00-06:00,0.0,0.0,0.0,23.21,0.9
2026-03-19 21:00:00-06:00,0.0,0.0,0.0,20.85,1.66
2026-03-19 22:00:00-06:00,0.0,0.0,0.0,19.07,2.0
2026-03-19 23:00:00-06:00,0.0,0.0,0.0,16.44,1.93
2026-03-20 00:00:00-06:00,0.0,0.0,0.0,15.69,1.93
2026-03-20 01:00:00-06:00,0.0,0.0,0.0,14.87,1.93
2026-03-20 02:00:00-06:00,0.0,0.0,0.0,13.94,1.86
2026-03-20 03:00:00-06:00,0.0,0.0,0.0,13.13,1.79
2026-03-20 04:00:00-06:00,0.0,0.0,0.0,12.38,1.79
2026-03-20 05:00:00-06:00,0.0,0.0,0.0,11.71,1.72
2026-03-20 06:00:00-06:00,0.0,0.0,0.0,11.13,1.72
2026-03-20 07:00:00-06:00,148.7,1240.9,73.83,10.68,1.66
2026-03-20 08:00:00-06:00,404.0,1060.32,83.05,14.28,1.03
2026-03-20 09:00:00-06:00,649.65,1044.8,101.8,21.18,0.28
2026-03-20 10:00:00-06:00,849.6,1035.79,113.95,23.82,1.24
2026-03-20 11:00:00-06:00,984.3,1017.99,121.4,25.83,1.66
2026-03-20 12:00:00-06:00,1041.3,988.69,124.55,27.51,1.93
2026-03-20 13:00:00-06:00,1018.0,948.25,123.25,28.92,2.14
2026-03-20 14:00:00-06:00,907.85,876.72,122.7,29.81,2.34
2026-03-20 15:00:00-06:00,722.15,755.04,128.35,30.25,2.34
2026-03-20 16:00:00-06:00,487.65,608.4,108.2,30.17,2.21
2026-03-20 17:00:00-06:00,254.05,448.42,66.45,29.48,1.86
2026-03-20 18:00:00-06:00,41.2,124.02,18.2,28.35,1.17
2026-03-20 19:00:00-06:00,0.0,0.0,0.0,26.62,0.83
2026-03-20 20:00:00-06:00,0.0,0.0,0.0,24.13,1.1
2026-03-20 21:00:00-06:00,0.0,0.0,0.0,22.31,1.66
2026-03-20 22:00:00-06:00,0.0,0.0,0.0,20.09,2.0
2026-03-20 23:00:00-06:00,0.0,0.0,0.0,17.87,1.86
2026-03-21 00:00:00-06:00,0.0,0.0,0.0,16.51,1.79
2026-03-21 01:00:00-06:00,0.0,0.0,0.0,15.71,1.72
2026-03-21 02:00:00-06:00,0.0,0.0,0.0,14.62,1.66
2026-03-21 03:00:00-06:00,0.0,0.0,0.0,13.71,1.59
2026-03-21 04:00:00-06:00,0.0,0.0,0.0,12.99,1.59
2026-03-21 05:00:00-06:00,0.0,0.0,0.0,12.42,1.52
2026-03-21 06:00:00-06:00,0.0,0.0,0.0,11.97,0.0
2026-03-21 07:00:00-06:00,151.3,1240.22,72.13,11.64,0.0
2026-03-21 08:00:00-06:00,406.5,1056.61,83.05,15.64,0.97
2026-03-21 09:00:00-06:00,651.8,1042.57,101.7,21.53,0.21
2026-03-21 10:00:00-06:00,851.5,1034.21,113.8,24.19,1.03
2026-03-21 11:00:00-06:00,986.3,1017.19,121.25,26.38,1.66
2026-03-21 12:00:00-06:00,1043.45,988.7,124.25,28.25,2.14
2026-03-21 13:00:00-06:00,1020.4,948.8,123.1,29.64,2.55
2026-03-21 14:00:00-06:00,918.35,892.33,117.6,30.6,2.76
2026-03-21 15:00:00-06:00,745.9,809.99,107.65,31.07,2.76
2026-03-21 16:00:00-06:00,518.35,681.81,92.25,31.01,2.76
2026-03-21 17:00:00-06:00,261.45,462.39,67.5,30.33,2.62
2026-03-21 18:00:00-06:00,42.65,129.55,18.5,28.95,2.07
2026-03-21 19:00:00-06:00,0.0,0.0,0.0,26.89,1.17
2026-03-21 20:00:00-06:00,0.0,0.0,0.0,24.72,0.83
2026-03-21 21:00:00-06:00,0.0,0.0,0.0,22.31,1.52
2026-03-21 22:00:00-06:00,0.0,0.0,0.0,20.36,1.93
2026-03-21 23:00:00-06:00,0.0,0.0,0.0,17.96,1.86
2026-03-22 00:00:00-06:00,0.0,0.0,0.0,16.86,1.79
2026-03-22 01:00:00-06:00,0.0,0.0,0.0,15.69,1.66
2026-03-22 02:00:00-06:00,0.0,0.0,0.0,14.6,1.59
2026-03-22 03:00:00-06:00,0.0,0.0,0.0,13.75,1.52
2026-03-22 04:00:00-06:00,0.0,0.0,0.0,13.11,1.52
2026-03-22 05:00:00-06:00,0.0,0.0,0.0,12.6,1.59
2026-03-22 06:00:00-06:00,0.0,0.0,0.0,12.15,1.66
2026-03-22 07:00:00-06:00,154.5,1239.53,71.04,11.79,1.66
2026-03-22 08:00:00-06:00,409.95,1055.27,83.3,15.88,0.9
2026-03-22 09:00:00-06:00,655.05,1042.0,101.85,21.83,0.34
2026-03-22 10:00:00-06:00,854.55,1033.96,113.9,24.49,1.1
2026-03-22 11:00:00-06:00,989.05,1017.19,121.2,26.65,1.59
2026-03-22 12:00:00-06:00,1046.95,989.77,124.35,28.46,1.86
2026-03-22 13:00:00-06:00,1009.55,914.95,142.35,29.92,2.14
2026-03-22 14:00:00-06:00,916.5,882.45,123.05,30.86,2.28
2026-03-22 15:00:00-06:00,744.95,803.86,110.35,31.39,2.21
2026-03-22 16:00:00-06:00,515.45,677.11,91.45,31.48,2.07
2026-03-22 17:00:00-06:00,261.95,458.97,68.95,30.96,1.86
2026-03-22 18:00:00-06:00,43.0,127.83,19.05,29.71,1.1
2026-03-22 19:00:00-06:00,0.0,0.0,0.0,27.82,0.48
2026-03-22 20:00:00-06:00,0.0,0.0,0.0,25.22,1.1
2026-03-22 21:00:00-06:00,0.0,0.0,0.0,22.79,1.66
2026-03-22 22:00:00-06:00,0.0,0.0,0.0,20.57,1.79
2026-03-22 23:00:00-06:00,0.0,0.0,0.0,18.25,1.66
2026-03-23 00:00:00-06:00,0.0,0.0,0.0,16.57,1.38
2026-03-23 01:00:00-06:00,0.0,0.0,0.0,21.55,0.9
2026-03-23 02:00:00-06:00,0.0,0.0,0.0,20.45,1.03
2026-03-23 03:00:00-06:00,0.0,0.0,0.0,19.21,1.1
2026-03-23 04:00:00-06:00,0.0,0.0,0.0,17.45,1.31
2026-03-23 05:00:00-06:00,0.0,0.0,0.0,15.91,1.52
2026-03-23 06:00:00-06:00,0.0,0.0,0.0,14.38,1.66
2026-03-23 07:00:00-06:00,158.05,1238.84,70.29,12.77,1.79
2026-03-23 08:00:00-06:00,413.95,1057.34,83.05,16.89,0.76
2026-03-23 09:00:00-06:00,655.8,1037.83,101.45,21.35,0.62
2026-03-23 10:00:00-06:00,853.2,1027.91,113.8,23.73,1.17
2026-03-23 11:00:00-06:00,985.8,1010.3,121.1,25.76,1.38
2026-03-23 12:00:00-06:00,1044.85,985.27,124.1,27.54,1.59
2026-03-23 13:00:00-06:00,1020.05,944.51,122.9,28.98,1.79
2026-03-23 14:00:00-06:00,916.65,887.21,117.4,30.05,2.14
2026-03-23 15:00:00-06:00,743.45,804.24,107.4,30.58,2.28
2026-03-23 16:00:00-06:00,516.25,676.23,92.0,30.6,2.14
2026-03-23 17:00:00-06:00,260.55,458.57,67.25,30.09,1.93
2026-03-23 18:00:00-06:00,43.15,129.86,18.7,28.87,1.24
2026-03-23 19:00:00-06:00,0.0,0.0,0.0,27.2,0.55
2026-03-23 20:00:00-06:00,0.0,0.0,0.0,25.19,0.97
2026-03-23 21:00:00-06:00,0.0,0.0,0.0,23.06,1.66
2026-03-23 22:00:00-06:00,0.0,0.0,0.0,20.87,2.0
2026-03-23 23:00:00-06:00,0.0,0.0,0.0,18.62,1.86
2026-03-24 00:00:00-06:00,0.0,0.0,0.0,17.36,1.86
2026-03-24 01:00:00-06:00,0.0,0.0,0.0,16.57,1.86
2026-03-24 02:00:00-06:00,0.0,0.0,0.0,15.6,1.79
2026-03-24 03:00:00-06:00,0.0,0.0,0.0,14.61,1.79
2026-03-24 04:00:00-06:00,0.0,0.0,0.0,13.78,1.79
2026-03-24 05:00:00-06:00,0.0,0.0,0.0,13.1,1.79
2026-03-24 06:00:00-06:00,0.0,0.0,0.0,12.49,1.79
2026-03-24 07:00:00-06:00,162.6,1238.15,70.55,12.09,1.79
2026-03-24 08:00:00-06:00,420.35,1062.88,84.1,15.86,1.03
2026-03-24 09:00:00-06:00,665.85,1048.36,102.5,22.27,0.07
2026-03-24 10:00:00-06:00,863.65,1034.9,116.15,24.97,0.9
2026-03-24 11:00:00-06:00,997.95,1020.61,121.7,27.09,1.31
2026-03-24 12:00:00-06:00,1054.95,993.06,124.6,28.84,1.59
2026-03-24 13:00:00-06:00,1029.6,952.36,123.1,30.32,1.93
2026-03-24 14:00:00-06:00,925.2,894.71,117.7,31.25,2.28
2026-03-24 15:00:00-06:00,750.85,811.36,108.05,31.68,2.28
2026-03-24 16:00:00-06:00,522.8,685.33,92.05,31.67,2.07
2026-03-24 17:00:00-06:00,264.15,464.35,67.95,31.17,1.86
2026-03-24 18:00:00-06:00,44.2,132.15,19.2,29.97,1.24
2026-03-24 19:00:00-06:00,0.0,0.0,0.0,28.18,0.55
2026-03-24 20:00:00-06:00,0.0,0.0,0.0,25.99,1.38
2026-03-24 21:00:00-06:00,0.0,0.0,0.0,23.71,1.93
2026-03-24 22:00:00-06:00,0.0,0.0,0.0,20.92,2.0
2026-03-24 23:00:00-06:00,0.0,0.0,0.0,19.03,1.79
2026-03-25 00:00:00-06:00,0.0,0.0,0.0,17.74,1.79
2026-03-25 01:00:00-06:00,0.0,0.0,0.0,16.76,1.45
2026-03-25 02:00:00-06:00,0.0,0.0,0.0,15.72,1.45
2026-03-25 03:00:00-06:00,0.0,0.0,0.0,14.86,1.52
2026-03-25 04:00:00-06:00,0.0,0.0,0.0,14.04,1.59
2026-03-25 05:00:00-06:00,0.0,0.0,0.0,13.29,1.66
2026-03-25 06:00:00-06:00,0.0,0.0,0.0,12.56,1.66
2026-03-25 07:00:00-06:00,159.6,1237.45,63.27,12.05,1.59
2026-03-25 08:00:00-06:00,406.9,925.73,110.9,16.48,0.83
2026-03-25 09:00:00-06:00,636.25,866.42,167.9,21.93,0.48
2026-03-25 10:00:00-06:00,836.7,898.48,185.1,24.56,1.17
2026-03-25 11:00:00-06:00,954.6,815.75,252.1,26.77,1.45
2026-03-25 12:00:00-06:00,1044.2,930.43,170.4,28.61,1.52
2026-03-25 13:00:00-06:00,1015.45,884.0,172.3,30.38,1.93
2026-03-25 14:00:00-06:00,876.65,725.66,220.55,31.4,2.07
2026-03-25 15:00:00-06:00,662.6,507.76,259.65,31.8,2.28
2026-03-25 16:00:00-06:00,440.6,373.94,205.15,31.53,2.14
2026-03-25 17:00:00-06:00,187.1,127.98,132.9,30.78,1.79
2026-03-25 18:00:00-06:00,28.2,11.31,26.05,29.36,1.24
2026-03-25 19:00:00-06:00,0.0,0.0,0.0,27.8,0.9
2026-03-25 20:00:00-06:00,0.0,0.0,0.0,26.22,0.97
2026-03-25 21:00:00-06:00,0.0,0.0,0.0,24.46,1.45
2026-03-25 22:00:00-06:00,0.0,0.0,0.0,22.31,1.86
2026-03-25 23:00:00-06:00,0.0,0.0,0.0,20.02,1.79
2026-03-26 00:00:00-06:00,0.0,0.0,0.0,19.04,1.72
2026-03-26 01:00:00-06:00,0.0,0.0,0.0,17.8,1.79
2026-03-26 02:00:00-06:00,0.0,0.0,0.0,17.01,1.72
2026-03-26 03:00:00-06:00,0.0,0.0,0.0,16.25,1.72
2026-03-26 04:00:00-06:00,0.0,0.0,0.0,15.39,1.72
2026-03-26 05:00:00-06:00,0.0,0.0,0.0,14.68,1.79
2026-03-26 06:00:00-06:00,0.0,0.0,0.0,13.94,1.79
2026-03-26 07:00:00-06:00,166.3,1236.75,65.69,13.28,1.72
2026-03-26 08:00:00-06:00,412.7,968.52,99.75,17.01,0.97
2026-03-26 09:00:00-06:00,616.85,829.83,165.65,23.06,0.21
2026-03-26 10:00:00-06:00,714.7,642.68,246.75,25.48,0.9
2026-03-26 11:00:00-06:00,676.0,408.86,322.85,27.04,1.17
2026-03-26 12:00:00-06:00,735.05,365.16,391.3,27.82,1.45
2026-03-26 13:00:00-06:00,635.5,230.83,414.9,29.46,1.93
2026-03-26 14:00:00-06:00,576.8,235.34,363.65,29.99,2.14
2026-03-26 15:00:00-06:00,386.35,205.82,222.75,30.65,2.55
2026-03-26 16:00:00-06:00,286.5,185.9,169.25,30.18,2.55
2026-03-26 17:00:00-06:00,140.0,65.85,112.05,29.4,2.34
2026-03-26 18:00:00-06:00,27.95,24.88,23.2,28.01,1.59
2026-03-26 19:00:00-06:00,0.0,0.0,0.0,26.51,1.03
2026-03-26 20:00:00-06:00,0.0,0.0,0.0,25.04,1.24
2026-03-26 21:00:00-06:00,0.0,0.0,0.0,23.16,1.45
2026-03-26 22:00:00-06:00,0.0,0.0,0.0,21.35,1.59
2026-03-26 23:00:00-06:00,0.0,0.0,0.0,19.7,1.79
2026-03-27 00:00:00-06:00,0.0,0.0,0.0,18.29,2.0
2026-03-27 01:00:00-06:00,0.0,0.0,0.0,16.91,1.86
2026-03-27 02:00:00-06:00,0.0,0.0,0.0,15.81,0.0
2026-03-27 03:00:00-06:00,0.0,0.0,0.0,14.93,0.0
2026-03-27 04:00:00-06:00,0.0,0.0,0.0,14.01,1.86
2026-03-27 05:00:00-06:00,0.0,0.0,0.0,13.23,1.86
2026-03-27 06:00:00-06:00,0.0,0.0,0.0,12.56,1.86
2026-03-27 07:00:00-06:00,172.7,1236.05,67.83,12.38,1.79
2026-03-27 08:00:00-06:00,429.3,1055.66,84.65,16.24,1.1
2026-03-27 09:00:00-06:00,676.1,1047.24,103.4,23.63,0.14
2026-03-27 10:00:00-06:00,866.1,1002.14,133.55,26.58,1.03
2026-03-27 11:00:00-06:00,995.05,977.16,148.55,28.81,1.45
2026-03-27 12:00:00-06:00,1031.55,878.8,202.35,30.55,1.72
2026-03-27 13:00:00-06:00,976.55,770.27,239.0,31.61,1.79
2026-03-27 14:00:00-06:00,851.35,653.52,258.45,32.28,1.86
2026-03-27 15:00:00-06:00,668.55,531.39,245.5,32.58,1.72
2026-03-27 16:00:00-06:00,416.9,324.65,211.8,32.38,1.52
2026-03-27 17:00:00-06:00,168.85,89.22,130.9,31.61,1.03
2026-03-27 18:00:00-06:00,26.5,0.0,26.5,30.23,0.28
2026-03-27 19:00:00-06:00,0.0,0.0,0.0,28.57,0.83
2026-03-27 20:00:00-06:00,0.0,0.0,0.0,26.82,1.45
2026-03-27 21:00:00-06:00,0.0,0.0,0.0,25.03,1.79
2026-03-27 22:00:00-06:00,0.0,0.0,0.0,23.19,1.86
2026-03-27 23:00:00-06:00,0.0,0.0,0.0,21.75,1.72
2026-03-28 00:00:00-06:00,0.0,0.0,0.0,20.19,1.45
2026-03-28 01:00:00-06:00,0.0,0.0,0.0,18.66,1.52
2026-03-28 02:00:00-06:00,0.0,0.0,0.0,18.52,1.38
2026-03-28 03:00:00-06:00,0.0,0.0,0.0,17.69,1.45
2026-03-28 04:00:00-06:00,0.0,0.0,0.0,16.54,1.66
2026-03-28 05:00:00-06:00,0.0,0.0,0.0,15.53,1.72
2026-03-28 06:00:00-06:00,0.0,0.0,0.0,14.41,1.59
2026-03-28 07:00:00-06:00,153.65,911.91,73.1,13.87,1.38
2026-03-28 08:00:00-06:00,401.5,865.49,116.05,17.96,0.76
2026-03-28 09:00:00-06:00,634.8,920.96,128.3,22.35,0.69
2026-03-28 10:00:00-06:00,838.7,949.37,142.05,24.55,1.1
2026-03-28 11:00:00-06:00,965.05,927.11,159.6,26.59,1.24
2026-03-28 12:00:00-06:00,1018.2,908.75,158.8,28.45,1.38
2026-03-28 13:00:00-06:00,986.95,884.85,138.1,30.07,1.72
2026-03-28 14:00:00-06:00,891.2,833.77,133.55,31.05,1.93
2026-03-28 15:00:00-06:00,706.95,706.73,143.45,31.52,2.0
2026-03-28 16:00:00-06:00,481.45,574.94,117.65,31.43,1.79
2026-03-28 17:00:00-06:00,220.75,297.61,93.9,30.89,1.52
2026-03-28 18:00:00-06:00,38.8,82.02,23.0,29.75,0.69
2026-03-28 19:00:00-06:00,0.0,0.0,0.0,28.26,0.41
2026-03-28 20:00:00-06:00,0.0,0.0,0.0,26.43,0.76
2026-03-28 21:00:00-06:00,0.0,0.0,0.0,24.24,1.24
2026-03-28 22:00:00-06:00,0.0,0.0,0.0,22.55,1.38
2026-03-28 23:00:00-06:00,0.0,0.0,0.0,21.68,1.24
2026-03-29 00:00:00-06:00,0.0,0.0,0.0,20.72,1.24
2026-03-29 01:00:00-06:00,0.0,0.0,0.0,18.96,1.45
2026-03-29 02:00:00-06:00,0.0,0.0,0.0,17.79,1.52
2026-03-29 03:00:00-06:00,0.0,0.0,0.0,16.74,1.52
2026-03-29 04:00:00-06:00,0.0,0.0,0.0,15.94,1.52
2026-03-29 05:00:00-06:00,0.0,0.0,0.0,15.29,1.59
2026-03-29 06:00:00-06:00,0.0,0.0,0.0,14.78,1.66
2026-03-29 07:00:00-06:00,167.5,1201.97,57.15,14.43,1.59
2026-03-29 08:00:00-06:00,410.75,925.02,102.6,19.17,0.69
2026-03-29 09:00:00-06:00,636.6,880.39,149.7,23.43,0.69
2026-03-29 10:00:00-06:00,824.0,880.35,175.55,25.7,1.38
2026-03-29 11:00:00-06:00,959.45,890.83,183.35,27.57,1.72
2026-03-29 12:00:00-06:00,890.35,521.96,395.65,29.12,1.93
2026-03-29 13:00:00-06:00,829.2,447.58,399.05,29.73,2.14
2026-03-29 14:00:00-06:00,717.55,399.89,353.6,30.18,2.28
2026-03-29 15:00:00-06:00,602.75,410.65,274.85,30.39,2.34
2026-03-29 16:00:00-06:00,422.3,384.94,178.35,30.32,2.41
2026-03-29 17:00:00-06:00,194.15,173.62,120.0,29.79,2.34
2026-03-29 18:00:00-06:00,33.9,38.25,26.5,28.76,2.0
2026-03-29 19:00:00-06:00,0.0,0.0,0.0,27.06,1.03
2026-03-29 20:00:00-06:00,0.0,0.0,0.0,25.72,0.69
2026-03-29 21:00:00-06:00,0.0,0.0,0.0,23.95,1.17
2026-03-29 22:00:00-06:00,0.0,0.0,0.0,22.6,1.72
2026-03-29 23:00:00-06:00,0.0,0.0,0.0,20.7,1.72
2026-03-30 00:00:00-06:00,0.0,0.0,0.0,19.38,1.66
2026-03-30 01:00:00-06:00,0.0,0.0,0.0,18.91,1.59
2026-03-30 02:00:00-06:00,0.0,0.0,0.0,18.12,1.52
2026-03-30 03:00:00-06:00,0.0,0.0,0.0,17.26,1.52
2026-03-30 04:00:00-06:00,0.0,0.0,0.0,16.35,1.52
2026-03-30 05:00:00-06:00,0.0,0.0,0.0,15.6,1.52
2026-03-30 06:00:00-06:00,0.0,0.0,0.0,15.0,1.52
2026-03-30 07:00:00-06:00,171.9,1217.59,55.9,14.77,1.52
2026-03-30 08:00:00-06:00,405.05,946.29,86.7,19.46,0.69
2026-03-30 09:00:00-06:00,664.3,1009.73,102.8,23.43,0.41
2026-03-30 10:00:00-06:00,856.5,1004.04,114.2,25.94,1.1
2026-03-30 11:00:00-06:00,986.05,990.78,120.5,28.11,1.59
2026-03-30 12:00:00-06:00,1021.7,932.34,136.15,29.93,1.93
2026-03-30 13:00:00-06:00,973.05,855.68,149.25,31.25,2.14
2026-03-30 14:00:00-06:00,863.45,786.77,146.3,32.05,2.34
2026-03-30 15:00:00-06:00,687.75,696.53,130.8,32.39,2.21
2026-03-30 16:00:00-06:00,493.6,609.22,106.95,32.21,2.07
2026-03-30 17:00:00-06:00,251.15,404.86,77.9,31.64,1.93
2026-03-30 18:00:00-06:00,43.0,120.18,19.65,30.48,1.72
2026-03-30 19:00:00-06:00,0.0,0.0,0.0,28.59,1.17
2026-03-30 20:00:00-06:00,0.0,0.0,0.0,27.17,0.97
2026-03-30 21:00:00-06:00,0.0,0.0,0.0,25.48,0.9
2026-03-30 22:00:00-06:00,0.0,0.0,0.0,24.46,0.97
2026-03-30 23:00:00-06:00,0.0,0.0,0.0,22.5,1.31
2026-03-31 00:00:00-06:00,0.0,0.0,0.0,20.54,1.31
2026-03-31 01:00:00-06:00,0.0,0.0,0.0,18.75,1.24
2026-03-31 02:00:00-06:00,0.0,0.0,0.0,17.86,1.31
2026-03-31 03:00:00-06:00,0.0,0.0,0.0,17.1,1.31
2026-03-31 04:00:00-06:00,0.0,0.0,0.0,16.41,1.31
2026-03-31 05:00:00-06:00,0.0,0.0,0.0,15.82,1.45
2026-03-31 06:00:00-06:00,0.0,0.0,0.0,15.36,1.52
2026-03-31 07:00:00-06:00,170.35,1159.87,55.85,15.05,1.45
2026-03-31 08:00:00-06:00,413.8,953.98,89.75,20.24,0.41
2026-03-31 09:00:00-06:00,662.5,993.84,106.85,23.54,0.83
2026-03-31 10:00:00-06:00,852.4,986.25,120.6,31.68,1.79
2026-03-31 11:00:00-06:00,956.85,928.02,143.95,31.18,1.74
2026-03-31 12:00:00-06:00,1011.7,899.09,155.95,30.68,1.68
2026-03-31 13:00:00-06:00,979.7,826.03,183.1,30.18,1.63
2026-03-31 14:00:00-06:00,878.0,795.11,152.2,29.67,1.58
2026-03-31 15:00:00-06:00,726.35,745.05,129.8,29.17,1.53
2026-03-31 16:00:00-06:00,526.15,684.11,91.35,28.67,1.48
2026-03-31 17:00:00-06:00,262.6,441.18,73.45,28.17,1.43
2026-03-31 18:00:00-06:00,29.45,77.4,14.35,27.67,1.38
2026-03-31 19:00:00-06:00,0.0,0.0,0.0,27.16,1.32
2026-03-31 20:00:00-06:00,0.0,0.0,0.0,26.66,1.27
2026-03-31 21:00:00-06:00,0.0,0.0,0.0,26.16,1.22
2026-03-31 22:00:00-06:00,0.0,0.0,0.0,25.66,1.17
2026-03-31 23:00:00-06:00,0.0,0.0,0.0,25.16,1.12
2026-04-01 00:00:00-06:00,0.0,0.0,0.0,24.65,1.07
2026-04-01 01:00:00-06:00,0.0,0.0,0.0,24.15,1.01
2026-04-01 02:00:00-06:00,0.0,0.0,0.0,23.01,0.62
2026-04-01 03:00:00-06:00,0.0,0.0,0.0,20.46,1.17
2026-04-01 04:00:00-06:00,0.0,0.0,0.0,18.81,1.24
2026-04-01 05:00:00-06:00,0.0,0.0,0.0,18.02,1.17
2026-04-01 06:00:00-06:00,0.0,0.0,0.0,17.42,1.17
2026-04-01 07:00:00-06:00,156.5,934.93,61.0,17.19,1.17
2026-04-01 08:00:00-06:00,390.65,844.38,101.1,20.91,0.48
2026-04-01 09:00:00-06:00,614.35,895.72,110.9,23.51,0.41
2026-04-01 10:00:00-06:00,780.1,874.03,129.25,25.56,0.97
2026-04-01 11:00:00-06:00,868.45,826.43,142.65,27.23,1.45
2026-04-01 12:00:00-06:00,920.8,756.56,199.25,28.35,1.72
2026-04-01 13:00:00-06:00,790.4,635.74,176.3,29.86,1.72
2026-04-01 14:00:00-06:00,743.95,664.52,136.5,30.12,1.66
2026-04-01 15:00:00-06:00,609.2,565.1,156.15,30.35,1.45
2026-04-01 16:00:00-06:00,410.55,452.99,122.25,30.33,1.38
2026-04-01 17:00:00-06:00,128.75,112.33,80.5,29.88,1.59
2026-04-01 18:00:00-06:00,30.0,41.35,21.9,27.34,1.45
2026-04-01 19:00:00-06:00,0.0,0.0,0.0,26.23,1.03
2026-04-01 20:00:00-06:00,0.0,0.0,0.0,24.96,0.55
2026-04-01 21:00:00-06:00,0.0,0.0,0.0,24.09,0.76
2026-04-01 22:00:00-06:00,0.0,0.0,0.0,23.04,1.59
2026-04-01 23:00:00-06:00,0.0,0.0,0.0,22.16,2.0
2026-04-02 00:00:00-06:00,0.0,0.0,0.0,21.55,1.38
2026-04-02 01:00:00-06:00,0.0,0.0,0.0,20.84,0.34
2026-04-02 02:00:00-06:00,0.0,0.0,0.0,20.38,0.97
2026-04-02 03:00:00-06:00,0.0,0.0,0.0,19.99,1.1
2026-04-02 04:00:00-06:00,0.0,0.0,0.0,19.21,1.1
2026-04-02 05:00:00-06:00,0.0,0.0,0.0,18.62,0.83
2026-04-02 06:00:00-06:00,0.0,0.0,0.0,18.3,0.55
2026-04-02 07:00:00-06:00,162.5,906.62,66.8,18.28,0.62
2026-04-02 08:00:00-06:00,392.2,799.0,115.65,20.23,0.34
2026-04-02 09:00:00-06:00,617.35,857.63,132.8,22.57,0.62
2026-04-02 10:00:00-06:00,737.05,761.53,168.0,24.67,0.97
2026-04-02 11:00:00-06:00,822.85,757.94,155.5,26.34,1.24
2026-04-02 12:00:00-06:00,927.95,806.66,157.1,27.7,1.66
2026-04-02 13:00:00-06:00,871.95,686.36,207.9,29.02,2.0
2026-04-02 14:00:00-06:00,729.85,583.88,195.4,29.62,1.79
2026-04-02 15:00:00-06:00,579.8,568.88,123.15,29.89,1.59
2026-04-02 16:00:00-06:00,435.6,515.55,107.05,29.8,1.66
2026-04-02 17:00:00-06:00,217.45,309.2,84.4,29.63,1.93
2026-04-02 18:00:00-06:00,34.25,90.5,16.45,28.11,2.48
2026-04-02 19:00:00-06:00,0.0,0.0,0.0,26.42,1.72
2026-04-02 20:00:00-06:00,0.0,0.0,0.0,25.35,1.45
2026-04-02 21:00:00-06:00,0.0,0.0,0.0,24.34,1.1
2026-04-02 22:00:00-06:00,0.0,0.0,0.0,23.31,1.24
2026-04-02 23:00:00-06:00,0.0,0.0,0.0,22.33,1.17
2026-04-03 00:00:00-06:00,0.0,0.0,0.0,21.67,1.1
2026-04-03 01:00:00-06:00,0.0,0.0,0.0,21.32,1.17
2026-04-03 02:00:00-06:00,0.0,0.0,0.0,21.28,0.9
2026-04-03 03:00:00-06:00,0.0,0.0,0.0,20.38,1.17
2026-04-03 04:00:00-06:00,0.0,0.0,0.0,19.3,1.45
2026-04-03 05:00:00-06:00,0.0,0.0,0.0,18.39,1.45
2026-04-03 06:00:00-06:00,0.0,0.0,0.0,17.4,1.38
2026-04-03 07:00:00-06:00,174.75,1036.78,61.8,16.95,1.24
2026-04-03 08:00:00-06:00,422.0,939.33,93.9,21.06,0.41
2026-04-03 09:00:00-06:00,654.0,950.21,114.4,23.92,0.55
2026-04-03 10:00:00-06:00,831.65,924.18,138.7,26.05,1.03
2026-04-03 11:00:00-06:00,964.7,935.97,138.55,27.92,1.38
2026-04-03 12:00:00-06:00,995.45,849.83,181.8,29.49,1.66
2026-04-03 13:00:00-06:00,923.35,778.19,169.3,30.33,1.66
2026-04-03 14:00:00-06:00,758.8,647.98,164.9,31.01,1.66
2026-04-03 15:00:00-06:00,623.6,621.21,124.35,31.01,1.45
2026-04-03 16:00:00-06:00,423.6,447.35,138.15,31.02,1.03
2026-04-03 17:00:00-06:00,176.15,216.1,83.0,30.8,1.86
2026-04-03 18:00:00-06:00,34.95,67.6,21.6,29.24,2.14
2026-04-03 19:00:00-06:00,0.0,0.0,0.0,27.63,1.03
2026-04-03 20:00:00-06:00,0.0,0.0,0.0,26.23,1.31
2026-04-03 21:00:00-06:00,0.0,0.0,0.0,24.48,1.38
2026-04-03 22:00:00-06:00,0.0,0.0,0.0,23.13,1.38
2026-04-03 23:00:00-06:00,0.0,0.0,0.0,21.77,1.38
2026-04-04 00:00:00-06:00,0.0,0.0,0.0,20.64,1.45
2026-04-04 01:00:00-06:00,0.0,0.0,0.0,19.83,1.45
2026-04-04 02:00:00-06:00,0.0,0.0,0.0,18.95,1.52
2026-04-04 03:00:00-06:00,0.0,0.0,0.0,18.14,1.59
2026-04-04 04:00:00-06:00,0.0,0.0,0.0,17.51,1.59
2026-04-04 05:00:00-06:00,0.0,0.0,0.0,16.9,1.52
2026-04-04 06:00:00-06:00,0.0,0.0,0.0,16.5,1.52
2026-04-04 07:00:00-06:00,176.15,1046.25,58.65,16.23,1.45
2026-04-04 08:00:00-06:00,420.7,896.07,104.9,20.48,0.69
2026-04-04 09:00:00-06:00,658.55,954.15,114.0,23.95,0.41
2026-04-04 10:00:00-06:00,849.7,949.62,135.3,26.42,1.24
2026-04-04 11:00:00-06:00,948.7,904.15,148.7,28.35,1.66
2026-04-04 12:00:00-06:00,926.9,769.6,188.7,29.78,2.0
2026-04-04 13:00:00-06:00,862.8,704.39,179.25,30.61,2.14
2026-04-04 14:00:00-06:00,779.4,667.12,167.2,30.82,2.07
2026-04-04 15:00:00-06:00,653.35,636.28,141.4,30.7,2.07
2026-04-04 16:00:00-06:00,431.4,476.0,127.3,31.1,2.07
2026-04-04 17:00:00-06:00,205.5,274.44,87.0,30.49,1.93
2026-04-04 18:00:00-06:00,38.2,95.08,19.35,29.56,2.62
2026-04-04 19:00:00-06:00,0.0,0.0,0.0,27.9,1.59
2026-04-04 20:00:00-06:00,0.0,0.0,0.0,26.93,0.9
2026-04-04 21:00:00-06:00,0.0,0.0,0.0,25.26,0.55
2026-04-04 22:00:00-06:00,0.0,0.0,0.0,22.75,0.76
2026-04-04 23:00:00-06:00,0.0,0.0,0.0,21.2,1.38
2026-04-05 00:00:00-06:00,0.0,0.0,0.0,19.76,1.24
2026-04-05 01:00:00-06:00,0.0,0.0,0.0,19.19,1.03
2026-04-05 02:00:00-06:00,0.0,0.0,0.0,18.46,1.1
2026-04-05 03:00:00-06:00,0.0,0.0,0.0,18.03,1.03
2026-04-05 04:00:00-06:00,0.0,0.0,0.0,17.89,0.83
2026-04-05 05:00:00-06:00,0.0,0.0,0.0,16.92,0.97
2026-04-05 06:00:00-06:00,0.0,0.0,0.0,16.23,1.03
2026-04-05 07:00:00-06:00,165.55,841.83,68.2,15.91,1.1
2026-04-05 08:00:00-06:00,405.65,826.94,111.65,18.96,0.69
2026-04-05 09:00:00-06:00,657.1,930.84,123.25,21.94,0.28
2026-04-05 10:00:00-06:00,801.85,856.24,155.6,24.39,0.9
2026-04-05 11:00:00-06:00,851.15,777.15,161.9,26.08,0.97
2026-04-05 12:00:00-06:00,896.05,690.28,232.75,27.2,0.76
2026-04-05 13:00:00-06:00,780.25,558.86,237.15,28.05,0.69
2026-04-05 14:00:00-06:00,730.9,541.21,233.65,28.54,0.69
2026-04-05 15:00:00-06:00,562.5,498.46,161.0,29.27,1.24
2026-04-05 16:00:00-06:00,391.55,431.74,115.4,29.3,1.59
2026-04-05 17:00:00-06:00,186.5,244.73,80.65,28.9,1.31
2026-04-05 18:00:00-06:00,36.45,85.67,19.4,28.2,1.03
2026-04-05 19:00:00-06:00,0.0,0.0,0.0,27.26,0.28
2026-04-05 20:00:00-06:00,0.0,0.0,0.0,26.33,0.9
2026-04-05 21:00:00-06:00,0.0,0.0,0.0,24.82,1.59
2026-04-05 22:00:00-06:00,0.0,0.0,0.0,23.2,1.38
2026-04-05 23:00:00-06:00,0.0,0.0,0.0,22.04,0.76
2026-04-06 00:00:00-06:00,0.0,0.0,0.0,21.71,0.48
2026-04-06 01:00:00-06:00,0.0,0.0,0.0,20.95,0.76
2026-04-06 02:00:00-06:00,0.0,0.0,0.0,20.2,0.69
2026-04-06 03:00:00-06:00,0.0,0.0,0.0,19.69,0.55
2026-04-06 04:00:00-06:00,0.0,0.0,0.0,19.37,0.62
2026-04-06 05:00:00-06:00,0.0,0.0,0.0,18.83,0.62
2026-04-06 06:00:00-06:00,0.0,0.0,0.0,17.91,0.69
2026-04-06 07:00:00-06:00,179.05,989.94,61.3,17.41,0.69
2026-04-06 08:00:00-06:00,442.15,974.38,92.75,19.75,0.41
2026-04-06 09:00:00-06:00,679.55,982.79,113.2,22.52,0.83
2026-04-06 10:00:00-06:00,871.4,992.0,120.3,24.83,1.24
2026-04-06 11:00:00-06:00,976.55,917.18,161.25,27.05,1.31
2026-04-06 12:00:00-06:00,1000.4,877.9,155.35,29.04,1.79
2026-04-06 13:00:00-06:00,901.95,762.95,159.5,30.64,2.48
2026-04-06 14:00:00-06:00,834.45,764.38,131.35,31.31,3.1
2026-04-06 15:00:00-06:00,681.0,662.63,146.7,31.43,2.48
2026-04-06 16:00:00-06:00,496.05,602.33,110.35,30.99,1.59
2026-04-06 17:00:00-06:00,235.75,363.79,78.15,30.24,1.1
2026-04-06 18:00:00-06:00,41.95,113.86,19.2,29.08,0.48
2026-04-06 19:00:00-06:00,0.0,0.0,0.0,27.6,0.55
2026-04-06 20:00:00-06:00,0.0,0.0,0.0,25.87,0.62
2026-04-06 21:00:00-06:00,0.0,0.0,0.0,24.72,0.83
2026-04-06 22:00:00-06:00,0.0,0.0,0.0,23.84,1.24
2026-04-06 23:00:00-06:00,0.0,0.0,0.0,23.22,2.21
2026-04-07 00:00:00-06:00,0.0,0.0,0.0,22.2,2.41
2026-04-07 01:00:00-06:00,0.0,0.0,0.0,20.96,1.31
2026-04-07 02:00:00-06:00,0.0,0.0,0.0,19.9,0.76
2026-04-07 03:00:00-06:00,0.0,0.0,0.0,20.08,0.34
2026-04-07 04:00:00-06:00,0.0,0.0,0.0,19.69,0.14
2026-04-07 05:00:00-06:00,0.0,0.0,0.0,19.17,0.62
2026-04-07 06:00:00-06:00,0.0,0.0,0.0,17.86,0.9
2026-04-07 07:00:00-06:00,167.0,862.78,61.55,17.57,0.83
2026-04-07 08:00:00-06:00,387.5,803.77,96.85,19.81,0.21
2026-04-07 09:00:00-06:00,672.25,974.66,107.95,21.77,0.9
2026-04-07 10:00:00-06:00,836.55,927.58,132.05,24.07,1.24
2026-04-07 11:00:00-06:00,857.65,795.66,148.8,25.85,1.45
2026-04-07 12:00:00-06:00,984.95,874.25,142.0,26.97,1.86
2026-04-07 13:00:00-06:00,827.75,669.38,175.5,28.91,2.48
2026-04-07 14:00:00-06:00,761.95,664.88,149.7,29.05,2.83
2026-04-07 15:00:00-06:00,634.05,607.21,143.95,29.35,2.76
2026-04-07 16:00:00-06:00,449.15,531.94,108.15,29.47,2.69
2026-04-07 17:00:00-06:00,242.75,385.92,75.3,29.17,2.62
2026-04-07 18:00:00-06:00,39.25,108.94,17.4,28.23,2.34
2026-04-07 19:00:00-06:00,0.0,0.0,0.0,26.83,1.31
2026-04-07 20:00:00-06:00,0.0,0.0,0.0,25.64,1.45
2026-04-07 21:00:00-06:00,0.0,0.0,0.0,24.48,1.66
2026-04-07 22:00:00-06:00,0.0,0.0,0.0,23.28,1.72
2026-04-07 23:00:00-06:00,0.0,0.0,0.0,22.07,1.52
2026-04-08 00:00:00-06:00,0.0,0.0,0.0,20.7,1.38
2026-04-08 01:00:00-06:00,0.0,0.0,0.0,21.06,0.69
2026-04-08 02:00:00-06:00,0.0,0.0,0.0,19.8,0.9
2026-04-08 03:00:00-06:00,0.0,0.0,0.0,18.4,1.17
2026-04-08 04:00:00-06:00,0.0,0.0,0.0,17.33,1.31
2026-04-08 05:00:00-06:00,0.0,0.0,0.0,16.54,1.38
2026-04-08 06:00:00-06:00,0.0,0.0,0.0,15.85,1.38
2026-04-08 07:00:00-06:00,181.15,939.72,63.25,15.59,1.17
2026-04-08 08:00:00-06:00,435.6,930.92,96.2,19.62,0.34
2026-04-08 09:00:00-06:00,665.7,954.73,110.4,22.08,0.76
2026-04-08 10:00:00-06:00,819.6,895.25,137.6,24.25,1.45
2026-04-08 11:00:00-06:00,929.25,881.03,142.65,26.1,1.93
2026-04-08 12:00:00-06:00,1006.05,887.08,149.35,27.58,2.28
2026-04-08 13:00:00-06:00,1000.0,889.1,132.55,28.8,2.55
2026-04-08 14:00:00-06:00,825.0,717.29,163.8,29.63,2.76
2026-04-08 15:00:00-06:00,728.3,765.8,109.6,29.83,2.9
2026-04-08 16:00:00-06:00,511.0,629.39,107.1,29.74,2.83
2026-04-08 17:00:00-06:00,260.05,413.62,80.3,29.09,2.55
2026-04-08 18:00:00-06:00,45.0,89.9,26.9,27.97,2.14
2026-04-08 19:00:00-06:00,0.0,0.0,0.0,26.26,1.1
2026-04-08 20:00:00-06:00,0.0,0.0,0.0,24.8,0.83
2026-04-08 21:00:00-06:00,0.0,0.0,0.0,23.16,0.76
2026-04-08 22:00:00-06:00,0.0,0.0,0.0,23.16,0.69
2026-04-08 23:00:00-06:00,0.0,0.0,0.0,22.28,0.83
2026-04-09 00:00:00-06:00,0.0,0.0,0.0,20.99,0.9
2026-04-09 01:00:00-06:00,0.0,0.0,0.0,21.11,0.76
2026-04-09 02:00:00-06:00,0.0,0.0,0.0,19.37,0.97
2026-04-09 03:00:00-06:00,0.0,0.0,0.0,17.14,1.31
2026-04-09 04:00:00-06:00,0.0,0.0,0.0,15.62,1.38
2026-04-09 05:00:00-06:00,0.0,0.0,0.0,14.72,1.38
2026-04-09 06:00:00-06:00,0.0,0.0,0.0,14.1,1.38
2026-04-09 07:00:00-06:00,177.3,622.52,97.2,14.17,1.24
2026-04-09 08:00:00-06:00,427.65,787.43,138.25,18.73,0.28
2026-04-09 09:00:00-06:00,663.65,849.14,167.55,21.29,0.83
2026-04-09 10:00:00-06:00,828.4,786.74,227.3,23.5,1.31
2026-04-09 11:00:00-06:00,944.95,756.52,268.1,25.31,1.79
2026-04-09 12:00:00-06:00,992.95,724.47,292.2,26.97,2.34
2026-04-09 13:00:00-06:00,983.95,779.2,222.8,28.41,2.9
2026-04-09 14:00:00-06:00,897.6,772.05,185.2,29.32,3.24
2026-04-09 15:00:00-06:00,719.3,683.91,166.25,29.72,3.52
2026-04-09 16:00:00-06:00,492.0,519.62,158.2,29.42,3.66
2026-04-09 17:00:00-06:00,242.1,312.7,106.0,28.48,3.59
2026-04-09 18:00:00-06:00,46.6,98.46,26.7,27.09,2.97
2026-04-09 19:00:00-06:00,0.0,0.0,0.0,25.27,1.52
2026-04-09 20:00:00-06:00,0.0,0.0,0.0,23.9,0.83
2026-04-09 21:00:00-06:00,0.0,0.0,0.0,22.54,0.69
2026-04-09 22:00:00-06:00,0.0,0.0,0.0,21.14,0.97
2026-04-09 23:00:00-06:00,0.0,0.0,0.0,19.06,1.45
2026-04-10 00:00:00-06:00,0.0,0.0,0.0,17.56,1.45
2026-04-10 01:00:00-06:00,0.0,0.0,0.0,16.47,1.45
2026-04-10 02:00:00-06:00,0.0,0.0,0.0,15.55,1.45
2026-04-10 03:00:00-06:00,0.0,0.0,0.0,14.81,1.52
2026-04-10 04:00:00-06:00,0.0,0.0,0.0,14.09,1.45
2026-04-10 05:00:00-06:00,0.0,0.0,0.0,13.5,1.45
2026-04-10 06:00:00-06:00,0.0,0.0,0.0,12.96,1.45
2026-04-10 07:00:00-06:00,210.7,1134.34,61.15,13.1,1.31
2026-04-10 08:00:00-06:00,466.25,1016.3,89.8,17.75,0.41
2026-04-10 09:00:00-06:00,704.9,1021.57,105.45,21.26,0.9
2026-04-10 10:00:00-06:00,896.2,1016.73,117.15,23.61,1.59
2026-04-10 11:00:00-06:00,1023.2,1004.58,122.6,25.69,2.14
2026-04-10 12:00:00-06:00,1076.0,982.64,124.1,27.48,2.62
2026-04-10 13:00:00-06:00,1049.05,947.73,122.2,29.03,3.03
2026-04-10 14:00:00-06:00,939.7,889.44,118.2,30.09,3.38
2026-04-10 15:00:00-06:00,757.85,795.8,113.75,30.58,3.52
2026-04-10 16:00:00-06:00,533.85,690.8,89.65,30.42,3.66
2026-04-10 17:00:00-06:00,284.4,495.88,68.25,29.58,3.59
2026-04-10 18:00:00-06:00,54.45,162.16,21.55,28.13,3.1
2026-04-10 19:00:00-06:00,0.0,0.0,0.0,25.96,1.66
2026-04-10 20:00:00-06:00,0.0,0.0,0.0,24.42,1.03
2026-04-10 21:00:00-06:00,0.0,0.0,0.0,23.65,0.55
2026-04-10 22:00:00-06:00,0.0,0.0,0.0,21.25,1.17
2026-04-10 23:00:00-06:00,0.0,0.0,0.0,18.79,1.79
2026-04-11 00:00:00-06:00,0.0,0.0,0.0,16.88,1.66
2026-04-11 01:00:00-06:00,0.0,0.0,0.0,15.83,1.59
2026-04-11 02:00:00-06:00,0.0,0.0,0.0,14.88,1.52
2026-04-11 03:00:00-06:00,0.0,0.0,0.0,14.06,1.52
2026-04-11 04:00:00-06:00,0.0,0.0,0.0,13.36,1.52
2026-04-11 05:00:00-06:00,0.0,0.0,0.0,12.73,1.45
2026-04-11 06:00:00-06:00,0.0,0.0,0.0,12.19,1.45
2026-04-11 07:00:00-06:00,219.35,1175.46,60.7,12.33,1.38
2026-04-11 08:00:00-06:00,478.45,1046.33,87.9,18.48,0.41
2026-04-11 09:00:00-06:00,717.95,1041.76,104.05,21.47,0.9
2026-04-11 10:00:00-06:00,908.7,1033.24,114.8,23.91,1.45
2026-04-11 11:00:00-06:00,1033.95,1016.36,121.0,25.95,1.66
2026-04-11 12:00:00-06:00,1080.05,979.88,129.45,27.76,1.93
2026-04-11 13:00:00-06:00,1050.95,946.17,124.6,28.95,2.14
2026-04-11 14:00:00-06:00,945.05,895.49,117.2,29.96,2.07
2026-04-11 15:00:00-06:00,769.7,816.61,108.2,30.57,2.07
2026-04-11 16:00:00-06:00,535.9,677.25,100.0,30.67,2.07
2026-04-11 17:00:00-06:00,273.35,468.0,69.05,30.13,2.0
2026-04-11 18:00:00-06:00,54.5,160.57,21.8,28.99,1.72
2026-04-11 19:00:00-06:00,0.0,0.0,0.0,26.99,1.1
2026-04-11 20:00:00-06:00,0.0,0.0,0.0,25.0,0.9
2026-04-11 21:00:00-06:00,0.0,0.0,0.0,22.31,1.31
2026-04-11 22:00:00-06:00,0.0,0.0,0.0,20.26,1.72
2026-04-11 23:00:00-06:00,0.0,0.0,0.0,18.39,1.86
2026-04-12 00:00:00-06:00,0.0,0.0,0.0,16.72,1.79
2026-04-12 01:00:00-06:00,0.0,0.0,0.0,15.65,1.59
2026-04-12 02:00:00-06:00,0.0,0.0,0.0,14.71,1.52
2026-04-12 03:00:00-06:00,0.0,0.0,0.0,14.07,1.52
2026-04-12 04:00:00-06:00,0.0,0.0,0.0,13.32,1.52
2026-04-12 05:00:00-06:00,0.0,0.0,0.0,12.6,1.59
2026-04-12 06:00:00-06:00,0.0,0.0,0.0,12.07,1.66
2026-04-12 07:00:00-06:00,220.45,1136.12,63.6,12.03,1.52
2026-04-12 08:00:00-06:00,478.3,1026.99,92.1,18.86,0.69
2026-04-12 09:00:00-06:00,718.65,1035.25,106.05,22.52,0.34
2026-04-12 10:00:00-06:00,910.4,1031.04,116.05,25.14,0.9
2026-04-12 11:00:00-06:00,1035.8,1015.33,122.05,27.22,1.24
2026-04-12 12:00:00-06:00,1079.5,974.05,133.25,28.78,1.72
2026-04-12 13:00:00-06:00,1050.15,942.05,126.85,29.74,2.0
2026-04-12 14:00:00-06:00,942.45,889.85,119.1,30.5,2.07
2026-04-12 15:00:00-06:00,767.5,813.73,107.8,30.91,2.07
2026-04-12 16:00:00-06:00,539.5,695.32,91.55,30.92,2.0
2026-04-12 17:00:00-06:00,282.3,489.28,68.4,30.39,1.93
2026-04-12 18:00:00-06:00,54.7,160.94,21.8,29.35,1.72
2026-04-12 19:00:00-06:00,0.0,0.0,0.0,27.3,0.97
2026-04-12 20:00:00-06:00,0.0,0.0,0.0,25.46,1.1
2026-04-12 21:00:00-06:00,0.0,0.0,0.0,23.21,1.45
2026-04-12 22:00:00-06:00,0.0,0.0,0.0,21.04,1.79
2026-04-12 23:00:00-06:00,0.0,0.0,0.0,18.77,1.72
2026-04-13 00:00:00-06:00,0.0,0.0,0.0,17.11,1.66
2026-04-13 01:00:00-06:00,0.0,0.0,0.0,16.09,1.72
2026-04-13 02:00:00-06:00,0.0,0.0,0.0,15.0,1.59
2026-04-13 03:00:00-06:00,0.0,0.0,0.0,14.26,1.59
2026-04-13 04:00:00-06:00,0.0,0.0,0.0,13.74,1.59
2026-04-13 05:00:00-06:00,0.0,0.0,0.0,13.32,1.59
2026-04-13 06:00:00-06:00,0.0,0.0,0.0,12.93,1.66
2026-04-13 07:00:00-06:00,186.5,577.59,105.0,13.02,1.52
2026-04-13 08:00:00-06:00,426.35,687.71,165.85,18.75,0.69
2026-04-13 09:00:00-06:00,689.5,884.22,164.15,22.65,0.34
2026-04-13 10:00:00-06:00,901.55,953.58,164.95,25.3,1.03
2026-04-13 11:00:00-06:00,1037.95,990.52,144.9,27.36,1.59
2026-04-13 12:00:00-06:00,1075.65,919.14,181.55,28.98,2.07
2026-04-13 13:00:00-06:00,1050.8,904.35,163.55,30.14,2.21
2026-04-13 14:00:00-06:00,933.95,824.21,170.7,30.96,2.34
2026-04-13 15:00:00-06:00,713.7,616.76,213.3,31.37,2.48
2026-04-13 16:00:00-06:00,437.35,372.2,197.35,30.98,2.48
2026-04-13 17:00:00-06:00,220.6,207.4,129.8,30.05,2.34
2026-04-13 18:00:00-06:00,44.8,75.78,29.25,28.8,2.07
2026-04-13 19:00:00-06:00,0.0,0.0,0.0,26.93,1.17
2026-04-13 20:00:00-06:00,0.0,0.0,0.0,25.33,0.9
2026-04-13 21:00:00-06:00,0.0,0.0,0.0,23.15,1.17
2026-04-13 22:00:00-06:00,0.0,0.0,0.0,21.2,1.52
2026-04-13 23:00:00-06:00,0.0,0.0,0.0,19.29,1.66
2026-04-14 00:00:00-06:00,0.0,0.0,0.0,17.74,1.66
2026-04-14 01:00:00-06:00,0.0,0.0,0.0,16.92,1.66
2026-04-14 02:00:00-06:00,0.0,0.0,0.0,15.9,1.66
2026-04-14 03:00:00-06:00,0.0,0.0,0.0,15.03,1.66
2026-04-14 04:00:00-06:00,0.0,0.0,0.0,14.37,1.59
2026-04-14 05:00:00-06:00,0.0,0.0,0.0,13.72,1.52
2026-04-14 06:00:00-06:00,0.0,0.0,0.0,13.41,1.52
2026-04-14 07:00:00-06:00,218.45,1023.21,71.0,13.63,1.45
2026-04-14 08:00:00-06:00,477.95,992.43,99.35,19.73,0.62
2026-04-14 09:00:00-06:00,706.35,961.82,132.65,23.14,0.48
2026-04-14 10:00:00-06:00,786.75,806.35,162.3,25.7,1.1
2026-04-14 11:00:00-06:00,977.75,880.44,182.55,27.54,1.38
2026-04-14 12:00:00-06:00,1000.55,796.41,224.85,29.59,1.66
2026-04-14 13:00:00-06:00,959.55,819.92,154.35,30.96,1.86
2026-04-14 14:00:00-06:00,865.05,776.46,145.45,31.93,1.93
2026-04-14 15:00:00-06:00,748.3,763.43,128.45,32.36,2.14
2026-04-14 16:00:00-06:00,531.15,667.99,100.05,32.33,2.0
2026-04-14 17:00:00-06:00,264.75,413.41,83.5,31.76,1.72
2026-04-14 18:00:00-06:00,49.25,116.03,25.35,30.57,0.9
2026-04-14 19:00:00-06:00,0.0,0.0,0.0,28.63,0.48
2026-04-14 20:00:00-06:00,0.0,0.0,0.0,26.51,0.9
2026-04-14 21:00:00-06:00,0.0,0.0,0.0,24.43,1.59
2026-04-14 22:00:00-06:00,0.0,0.0,0.0,22.87,2.0
2026-04-14 23:00:00-06:00,0.0,0.0,0.0,20.84,2.21
2026-04-15 00:00:00-06:00,0.0,0.0,0.0,19.0,2.0
2026-04-15 01:00:00-06:00,0.0,0.0,0.0,18.06,1.86
2026-04-15 02:00:00-06:00,0.0,0.0,0.0,16.9,1.72
2026-04-15 03:00:00-06:00,0.0,0.0,0.0,15.94,1.66
2026-04-15 04:00:00-06:00,0.0,0.0,0.0,15.11,1.66
2026-04-15 05:00:00-06:00,0.0,0.0,0.0,14.63,1.66
2026-04-15 06:00:00-06:00,0.0,0.0,0.0,14.17,1.66
2026-04-15 07:00:00-06:00,217.75,1045.49,64.0,14.23,1.45
2026-04-15 08:00:00-06:00,465.9,978.97,89.85,21.05,0.41
2026-04-15 09:00:00-06:00,694.65,969.92,113.9,23.53,1.17
2026-04-15 10:00:00-06:00,880.7,982.78,117.75,25.64,1.52
2026-04-15 11:00:00-06:00,1000.5,968.37,124.4,27.64,1.52
2026-04-15 12:00:00-06:00,1044.35,931.46,136.0,29.44,1.52
2026-04-15 13:00:00-06:00,990.35,879.39,125.95,30.77,1.66
2026-04-15 14:00:00-06:00,890.2,817.07,132.4,31.42,1.59
2026-04-15 15:00:00-06:00,686.5,689.23,126.5,31.86,1.38
2026-04-15 16:00:00-06:00,482.9,588.62,102.7,31.61,1.24
2026-04-15 17:00:00-06:00,232.5,374.11,68.25,31.12,0.97
2026-04-15 18:00:00-06:00,48.4,126.71,22.2,30.35,0.34
2026-04-15 19:00:00-06:00,0.0,0.0,0.0,28.76,0.76
2026-04-15 20:00:00-06:00,0.0,0.0,0.0,27.25,1.17
2026-04-15 21:00:00-06:00,0.0,0.0,0.0,26.13,1.79
2026-04-15 22:00:00-06:00,0.0,0.0,0.0,24.58,2.55
2026-04-15 23:00:00-06:00,0.0,0.0,0.0,22.93,1.72
2026-04-16 00:00:00-06:00,0.0,0.0,0.0,21.37,0.9
2026-04-16 01:00:00-06:00,0.0,0.0,0.0,21.76,0.48
2026-04-16 02:00:00-06:00,0.0,0.0,0.0,20.67,0.9
2026-04-16 03:00:00-06:00,0.0,0.0,0.0,18.9,1.24
2026-04-16 04:00:00-06:00,0.0,0.0,0.0,17.31,1.45
2026-04-16 05:00:00-06:00,0.0,0.0,0.0,16.2,1.38
2026-04-16 06:00:00-06:00,0.0,0.0,0.0,15.39,1.31
2026-04-16 07:00:00-06:00,218.45,1036.56,63.0,15.67,1.03
2026-04-16 08:00:00-06:00,466.4,971.77,90.6,20.38,0.21
2026-04-16 09:00:00-06:00,696.0,979.06,107.6,23.53,0.83
2026-04-16 10:00:00-06:00,882.25,982.24,117.9,26.02,1.17
2026-04-16 11:00:00-06:00,1000.9,968.23,123.5,28.23,1.38
2026-04-16 12:00:00-06:00,1046.1,942.86,125.55,30.1,1.59
2026-04-16 13:00:00-06:00,1005.6,890.92,129.1,31.42,1.79
2026-04-16 14:00:00-06:00,902.05,837.82,124.45,32.33,2.0
2026-04-16 15:00:00-06:00,723.85,738.52,123.4,32.66,1.93
2026-04-16 16:00:00-06:00,504.85,627.12,99.45,32.69,2.07
2026-04-16 17:00:00-06:00,252.65,390.42,81.0,32.02,1.86
2026-04-16 18:00:00-06:00,52.05,143.8,22.2,31.05,1.17
2026-04-16 19:00:00-06:00,0.0,0.0,0.0,29.44,0.28
2026-04-16 20:00:00-06:00,0.0,0.0,0.0,28.21,0.41
2026-04-16 21:00:00-06:00,0.0,0.0,0.0,27.34,0.62
2026-04-16 22:00:00-06:00,0.0,0.0,0.0,25.47,1.24
2026-04-16 23:00:00-06:00,0.0,0.0,0.0,25.34,0.97
2026-04-17 00:00:00-06:00,0.0,0.0,0.0,24.77,0.83
2026-04-17 01:00:00-06:00,0.0,0.0,0.0,22.37,1.24
2026-04-17 02:00:00-06:00,0.0,0.0,0.0,20.37,1.38
2026-04-17 03:00:00-06:00,0.0,0.0,0.0,18.77,1.52
2026-04-17 04:00:00-06:00,0.0,0.0,0.0,17.81,1.52
2026-04-17 05:00:00-06:00,0.0,0.0,0.0,16.98,1.45
2026-04-17 06:00:00-06:00,0.0,0.0,0.0,16.32,1.38
2026-04-17 07:00:00-06:00,219.95,1007.03,66.05,16.51,1.24
2026-04-17 08:00:00-06:00,469.05,971.62,90.85,21.71,0.41
2026-04-17 09:00:00-06:00,697.55,972.89,110.75,25.18,0.9
2026-04-17 10:00:00-06:00,879.8,963.45,128.35,27.6,1.52
2026-04-17 11:00:00-06:00,1001.1,959.61,130.15,29.69,2.0
2026-04-17 12:00:00-06:00,1009.4,860.02,168.8,31.51,2.41
2026-04-17 13:00:00-06:00,979.95,853.47,139.6,32.79,2.62
2026-04-17 14:00:00-06:00,857.25,760.11,151.3,33.65,2.76
2026-04-17 15:00:00-06:00,686.0,677.08,135.15,34.1,2.76
2026-04-17 16:00:00-06:00,461.95,551.43,105.2,33.82,2.76
2026-04-17 17:00:00-06:00,236.75,373.3,72.4,33.07,2.62
2026-04-17 18:00:00-06:00,48.8,136.29,20.4,31.93,2.34
2026-04-17 19:00:00-06:00,0.0,0.0,0.0,30.14,1.45
2026-04-17 20:00:00-06:00,0.0,0.0,0.0,28.73,0.9
2026-04-17 21:00:00-06:00,0.0,0.0,0.0,27.66,0.69
2026-04-17 22:00:00-06:00,0.0,0.0,0.0,27.33,0.34
2026-04-17 23:00:00-06:00,0.0,0.0,0.0,25.59,0.07
2026-04-18 00:00:00-06:00,0.0,0.0,0.0,23.66,0.48
2026-04-18 01:00:00-06:00,0.0,0.0,0.0,21.63,1.03
2026-04-18 02:00:00-06:00,0.0,0.0,0.0,20.22,1.17
2026-04-18 03:00:00-06:00,0.0,0.0,0.0,19.27,1.24
2026-04-18 04:00:00-06:00,0.0,0.0,0.0,18.74,1.17
2026-04-18 05:00:00-06:00,0.0,0.0,0.0,18.31,1.1
2026-04-18 06:00:00-06:00,0.0,0.0,0.0,17.73,1.17
2026-04-18 07:00:00-06:00,224.55,1038.99,62.85,17.57,1.17
2026-04-18 08:00:00-06:00,473.7,980.15,89.75,21.47,0.07
2026-04-18 09:00:00-06:00,700.55,977.52,108.9,25.0,1.1
2026-04-18 10:00:00-06:00,883.95,978.02,119.45,27.39,1.59
2026-04-18 11:00:00-06:00,998.65,960.26,125.8,29.49,1.93
2026-04-18 12:00:00-06:00,1022.55,883.02,158.55,31.28,2.14
2026-04-18 13:00:00-06:00,976.05,825.85,162.25,32.63,2.34
2026-04-18 14:00:00-06:00,896.5,822.79,131.85,33.46,2.28
2026-04-18 15:00:00-06:00,725.35,742.57,120.85,34.14,2.21
2026-04-18 16:00:00-06:00,467.75,545.82,114.35,33.98,2.07
2026-04-18 17:00:00-06:00,231.3,354.98,74.8,33.14,2.28
2026-04-18 18:00:00-06:00,45.2,120.71,19.95,32.0,2.0
2026-04-18 19:00:00-06:00,0.0,0.0,0.0,30.49,1.1
2026-04-18 20:00:00-06:00,0.0,0.0,0.0,29.02,0.76
2026-04-18 21:00:00-06:00,0.0,0.0,0.0,27.48,0.83
2026-04-18 22:00:00-06:00,0.0,0.0,0.0,27.57,0.55
2026-04-18 23:00:00-06:00,0.0,0.0,0.0,26.39,0.48
2026-04-19 00:00:00-06:00,0.0,0.0,0.0,24.44,0.97
2026-04-19 01:00:00-06:00,0.0,0.0,0.0,22.99,1.03
2026-04-19 02:00:00-06:00,0.0,0.0,0.0,23.05,0.83
2026-04-19 03:00:00-06:00,0.0,0.0,0.0,22.81,0.83
2026-04-19 04:00:00-06:00,0.0,0.0,0.0,21.71,0.9
2026-04-19 05:00:00-06:00,0.0,0.0,0.0,20.29,1.17
2026-04-19 06:00:00-06:00,0.0,0.0,0.0,19.29,1.38
2026-04-19 07:00:00-06:00,218.35,949.89,67.9,18.77,1.31
2026-04-19 08:00:00-06:00,457.95,897.26,104.3,22.51,0.28
2026-04-19 09:00:00-06:00,683.95,922.18,123.9,24.69,0.9
2026-04-19 10:00:00-06:00,819.85,874.95,134.45,26.92,1.31
2026-04-19 11:00:00-06:00,936.45,860.83,152.85,28.89,1.66
2026-04-19 12:00:00-06:00,995.0,826.18,185.8,30.66,2.0
2026-04-19 13:00:00-06:00,956.4,767.79,199.25,32.3,2.41
2026-04-19 14:00:00-06:00,833.8,728.79,156.1,33.19,2.55
2026-04-19 15:00:00-06:00,712.15,723.47,122.85,33.55,2.55
2026-04-19 16:00:00-06:00,484.95,596.57,98.4,33.56,2.62
2026-04-19 17:00:00-06:00,247.6,394.7,73.35,32.91,2.55
2026-04-19 18:00:00-06:00,51.75,135.0,23.4,31.69,2.21
2026-04-19 19:00:00-06:00,0.0,0.0,0.0,29.84,0.97
2026-04-19 20:00:00-06:00,0.0,0.0,0.0,28.2,0.55
2026-04-19 21:00:00-06:00,0.0,0.0,0.0,26.37,0.83
2026-04-19 22:00:00-06:00,0.0,0.0,0.0,24.38,1.38
2026-04-19 23:00:00-06:00,0.0,0.0,0.0,22.72,1.59
2026-04-20 00:00:00-06:00,0.0,0.0,0.0,20.94,1.45
2026-04-20 01:00:00-06:00,0.0,0.0,0.0,20.47,1.31
2026-04-20 02:00:00-06:00,0.0,0.0,0.0,19.45,1.31
2026-04-20 03:00:00-06:00,0.0,0.0,0.0,18.56,1.31
2026-04-20 04:00:00-06:00,0.0,0.0,0.0,17.83,1.38
2026-04-20 05:00:00-06:00,0.0,0.0,0.0,17.33,1.38
2026-04-20 06:00:00-06:00,0.0,0.0,0.0,16.93,1.45
2026-04-20 07:00:00-06:00,196.8,614.88,97.75,17.41,1.24
2026-04-20 08:00:00-06:00,414.65,603.4,175.4,21.94,0.34
2026-04-20 09:00:00-06:00,587.65,519.78,270.95,25.15,0.55
2026-04-20 10:00:00-06:00,814.1,740.29,233.0,27.15,1.03
2026-04-20 11:00:00-06:00,918.9,724.1,258.85,29.38,1.38
2026-04-20 12:00:00-06:00,1007.6,822.42,201.3,31.08,1.79
2026-04-20 13:00:00-06:00,911.9,772.01,150.05,32.58,2.07
2026-04-20 14:00:00-06:00,772.55,617.84,197.7,33.21,2.14
2026-04-20 15:00:00-06:00,661.15,643.07,137.05,33.36,2.0
2026-04-20 16:00:00-06:00,471.25,530.12,127.5,33.39,1.79
2026-04-20 17:00:00-06:00,254.55,386.92,83.5,32.95,1.79
2026-04-20 18:00:00-06:00,49.4,113.12,25.55,32.15,1.66
2026-04-20 19:00:00-06:00,0.0,0.0,0.0,30.54,0.83
2026-04-20 20:00:00-06:00,0.0,0.0,0.0,28.88,0.83
2026-04-20 21:00:00-06:00,0.0,0.0,0.0,26.94,0.97
2026-04-20 22:00:00-06:00,0.0,0.0,0.0,26.05,1.03
2026-04-20 23:00:00-06:00,0.0,0.0,0.0,24.66,1.17
2026-04-21 00:00:00-06:00,0.0,0.0,0.0,22.33,1.31
2026-04-21 01:00:00-06:00,0.0,0.0,0.0,21.55,1.38
2026-04-21 02:00:00-06:00,0.0,0.0,0.0,21.54,1.17
2026-04-21 03:00:00-06:00,0.0,0.0,0.0,20.44,1.24
2026-04-21 04:00:00-06:00,0.0,0.0,0.0,19.13,1.45
2026-04-21 05:00:00-06:00,0.0,0.0,0.0,18.29,1.59
2026-04-21 06:00:00-06:00,0.0,0.0,0.0,17.66,1.66
2026-04-21 07:00:00-06:00,225.65,972.01,66.5,17.58,1.31
2026-04-21 08:00:00-06:00,468.25,932.16,96.5,22.66,0.41
2026-04-21 09:00:00-06:00,696.35,957.91,110.85,25.19,0.55
2026-04-21 10:00:00-06:00,877.7,961.58,121.4,27.44,0.97
2026-04-21 11:00:00-06:00,996.5,949.94,129.45,29.44,1.31
2026-04-21 12:00:00-06:00,1035.5,915.99,136.65,31.1,1.79
2026-04-21 13:00:00-06:00,951.85,798.9,162.95,32.56,2.0
2026-04-21 14:00:00-06:00,808.1,680.67,174.45,33.2,2.0
2026-04-21 15:00:00-06:00,676.1,659.16,138.6,33.41,1.86
2026-04-21 16:00:00-06:00,437.15,477.18,127.5,33.46,2.0
2026-04-21 17:00:00-06:00,204.5,248.25,94.6,32.85,1.79
2026-04-21 18:00:00-06:00,40.05,94.25,20.1,31.71,1.79
2026-04-21 19:00:00-06:00,0.0,0.0,0.0,30.14,1.17
2026-04-21 20:00:00-06:00,0.0,0.0,0.0,29.17,1.24
2026-04-21 21:00:00-06:00,0.0,0.0,0.0,27.61,1.31
2026-04-21 22:00:00-06:00,0.0,0.0,0.0,26.0,0.97
2026-04-21 23:00:00-06:00,0.0,0.0,0.0,25.51,0.83
2026-04-22 00:00:00-06:00,0.0,0.0,0.0,23.62,0.97
2026-04-22 01:00:00-06:00,0.0,0.0,0.0,22.4,1.17
2026-04-22 02:00:00-06:00,0.0,0.0,0.0,21.41,1.24
2026-04-22 03:00:00-06:00,0.0,0.0,0.0,19.91,1.45
2026-04-22 04:00:00-06:00,0.0,0.0,0.0,18.71,1.59
2026-04-22 05:00:00-06:00,0.0,0.0,0.0,17.73,1.52
2026-04-22 06:00:00-06:00,0.0,0.0,0.0,16.89,1.38
2026-04-22 07:00:00-06:00,233.15,1010.68,65.05,17.1,1.1
2026-04-22 08:00:00-06:00,479.35,968.47,90.95,22.53,0.21
2026-04-22 09:00:00-06:00,707.15,978.81,107.05,25.58,0.9
2026-04-22 10:00:00-06:00,876.2,960.52,119.3,27.9,1.38
2026-04-22 11:00:00-06:00,978.75,909.52,147.55,29.94,1.66
2026-04-22 12:00:00-06:00,1026.35,904.82,137.7,31.71,1.93
2026-04-22 13:00:00-06:00,950.1,815.05,144.75,33.29,2.07
2026-04-22 14:00:00-06:00,859.25,777.28,135.3,33.88,2.14
2026-04-22 15:00:00-06:00,670.85,675.0,120.15,34.3,2.0
2026-04-22 16:00:00-06:00,434.75,508.72,104.4,34.28,1.86
2026-04-22 17:00:00-06:00,195.75,277.13,72.9,33.63,1.79
2026-04-22 18:00:00-06:00,37.85,93.64,17.95,32.74,1.45
2026-04-22 19:00:00-06:00,0.0,0.0,0.0,31.12,0.97
2026-04-22 20:00:00-06:00,0.0,0.0,0.0,29.4,2.41
2026-04-22 21:00:00-06:00,0.0,0.0,0.0,26.26,3.86
2026-04-22 22:00:00-06:00,0.0,0.0,0.0,24.47,1.45
2026-04-22 23:00:00-06:00,0.0,0.0,0.0,23.88,0.9
2026-04-23 00:00:00-06:00,0.0,0.0,0.0,23.14,1.52
2026-04-23 01:00:00-06:00,0.0,0.0,0.0,22.26,1.52
2026-04-23 02:00:00-06:00,0.0,0.0,0.0,21.4,1.17
2026-04-23 03:00:00-06:00,0.0,0.0,0.0,20.54,1.31
2026-04-23 04:00:00-06:00,0.0,0.0,0.0,19.7,1.17
2026-04-23 05:00:00-06:00,0.0,0.0,0.0,19.48,0.97
2026-04-23 06:00:00-06:00,0.0,0.0,0.0,18.5,1.1
2026-04-23 07:00:00-06:00,233.2,982.2,67.35,18.31,1.17
2026-04-23 08:00:00-06:00,471.8,919.08,101.2,23.18,0.28
2026-04-23 09:00:00-06:00,699.35,948.93,115.85,25.88,0.41
2026-04-23 10:00:00-06:00,875.1,948.83,126.05,28.14,0.97
2026-04-23 11:00:00-06:00,989.8,925.82,142.7,30.09,1.31
2026-04-23 12:00:00-06:00,1012.45,865.63,161.6,31.72,1.52
2026-04-23 13:00:00-06:00,977.35,832.37,154.4,33.15,1.72
2026-04-23 14:00:00-06:00,830.75,715.85,163.7,33.88,1.59
2026-04-23 15:00:00-06:00,627.15,600.18,137.25,34.0,1.66
2026-04-23 16:00:00-06:00,433.6,476.43,124.0,33.94,1.38
2026-04-23 17:00:00-06:00,153.0,176.16,74.8,33.65,0.97
2026-04-23 18:00:00-06:00,26.3,47.1,16.25,32.36,0.83
2026-04-23 19:00:00-06:00,0.0,0.0,0.0,30.13,2.48
2026-04-23 20:00:00-06:00,0.0,0.0,0.0,27.56,1.72
2026-04-23 21:00:00-06:00,0.0,0.0,0.0,26.25,0.97
2026-04-23 22:00:00-06:00,0.0,0.0,0.0,25.16,1.59
2026-04-23 23:00:00-06:00,0.0,0.0,0.0,24.32,1.59
2026-04-24 00:00:00-06:00,0.0,0.0,0.0,23.69,1.24
2026-04-24 01:00:00-06:00,0.0,0.0,0.0,22.42,1.24
2026-04-24 02:00:00-06:00,0.0,0.0,0.0,21.51,1.17
2026-04-24 03:00:00-06:00,0.0,0.0,0.0,20.55,1.24
2026-04-24 04:00:00-06:00,0.0,0.0,0.0,19.73,1.24
2026-04-24 05:00:00-06:00,0.0,0.0,0.0,19.21,1.31
2026-04-24 06:00:00-06:00,0.0,0.0,0.0,18.65,1.38
2026-04-24 07:00:00-06:00,216.75,855.08,70.25,18.92,1.03
2026-04-24 08:00:00-06:00,468.9,908.11,100.8,23.37,0.28
2026-04-24 09:00:00-06:00,672.8,894.76,121.05,25.71,0.83
2026-04-24 10:00:00-06:00,856.05,917.4,130.55,27.69,1.31
2026-04-24 11:00:00-06:00,937.45,844.47,163.9,29.51,1.66
2026-04-24 12:00:00-06:00,893.0,677.4,226.65,30.94,2.0
2026-04-24 13:00:00-06:00,850.25,664.36,193.05,31.82,2.07
2026-04-24 14:00:00-06:00,761.95,667.8,139.4,32.25,1.93
2026-04-24 15:00:00-06:00,648.95,623.53,139.75,32.46,2.0
2026-04-24 16:00:00-06:00,425.75,498.55,101.55,32.9,1.86
2026-04-24 17:00:00-06:00,188.8,228.67,87.15,32.08,1.66
2026-04-24 18:00:00-06:00,33.45,70.72,18.3,31.06,2.34
2026-04-24 19:00:00-06:00,0.0,0.0,0.0,28.84,2.9
2026-04-24 20:00:00-06:00,0.0,0.0,0.0,27.03,2.48
2026-04-24 21:00:00-06:00,0.0,0.0,0.0,25.75,2.0
2026-04-24 22:00:00-06:00,0.0,0.0,0.0,24.53,1.52
2026-04-24 23:00:00-06:00,0.0,0.0,0.0,23.54,1.03
2026-04-25 00:00:00-06:00,0.0,0.0,0.0,22.33,1.03
2026-04-25 01:00:00-06:00,0.0,0.0,0.0,21.89,0.9
2026-04-25 02:00:00-06:00,0.0,0.0,0.0,20.95,1.03
2026-04-25 03:00:00-06:00,0.0,0.0,0.0,20.25,0.97
2026-04-25 04:00:00-06:00,0.0,0.0,0.0,19.96,0.83
2026-04-25 05:00:00-06:00,0.0,0.0,0.0,19.29,0.83
2026-04-25 06:00:00-06:00,0.0,0.0,0.0,18.36,0.97
2026-04-25 07:00:00-06:00,237.15,963.49,69.75,18.27,0.9
2026-04-25 08:00:00-06:00,485.55,965.74,92.1,22.17,0.14
2026-04-25 09:00:00-06:00,711.7,974.4,109.2,24.95,1.03
2026-04-25 10:00:00-06:00,892.15,975.64,119.3,27.44,1.72
2026-04-25 11:00:00-06:00,995.85,929.83,143.2,29.58,2.34
2026-04-25 12:00:00-06:00,1018.45,872.37,159.7,31.26,2.69
2026-04-25 13:00:00-06:00,949.45,787.34,170.2,32.76,2.41
2026-04-25 14:00:00-06:00,860.0,760.75,150.5,33.39,2.41
2026-04-25 15:00:00-06:00,698.1,685.43,138.1,33.73,2.28
2026-04-25 16:00:00-06:00,505.45,624.83,98.85,33.49,2.0
2026-04-25 17:00:00-06:00,265.55,445.37,67.3,32.75,1.45
2026-04-25 18:00:00-06:00,48.35,113.89,23.85,31.81,1.17
2026-04-25 19:00:00-06:00,0.0,0.0,0.0,30.48,1.1
2026-04-25 20:00:00-06:00,0.0,0.0,0.0,29.23,1.1
2026-04-25 21:00:00-06:00,0.0,0.0,0.0,27.45,1.17
2026-04-25 22:00:00-06:00,0.0,0.0,0.0,25.95,1.72
2026-04-25 23:00:00-06:00,0.0,0.0,0.0,24.6,1.93
2026-04-26 00:00:00-06:00,0.0,0.0,0.0,23.29,1.79
2026-04-26 01:00:00-06:00,0.0,0.0,0.0,21.89,1.24
2026-04-26 02:00:00-06:00,0.0,0.0,0.0,21.58,0.97
2026-04-26 03:00:00-06:00,0.0,0.0,0.0,20.0,1.45
2026-04-26 04:00:00-06:00,0.0,0.0,0.0,18.94,1.31
2026-04-26 05:00:00-06:00,0.0,0.0,0.0,18.09,1.24
2026-04-26 06:00:00-06:00,0.0,0.0,0.0,17.53,1.31
2026-04-26 07:00:00-06:00,233.95,910.87,73.55,17.93,1.03
2026-04-26 08:00:00-06:00,469.1,866.87,114.2,22.69,0.28
2026-04-26 09:00:00-06:00,688.3,901.68,129.3,25.13,0.55
2026-04-26 10:00:00-06:00,865.85,915.3,139.65,27.4,1.17
2026-04-26 11:00:00-06:00,952.9,864.61,159.25,29.13,1.31
2026-04-26 12:00:00-06:00,834.85,648.24,196.3,30.67,1.45
2026-04-26 13:00:00-06:00,927.8,755.26,179.95,31.25,1.79
2026-04-26 14:00:00-06:00,781.65,661.85,164.15,32.05,1.72
2026-04-26 15:00:00-06:00,611.1,556.85,155.95,32.33,1.59
2026-04-26 16:00:00-06:00,473.8,568.59,103.55,32.1,1.31
2026-04-26 17:00:00-06:00,212.6,282.89,86.5,31.8,1.03
2026-04-26 18:00:00-06:00,39.8,77.31,23.1,30.74,1.86
2026-04-26 19:00:00-06:00,0.0,0.0,0.0,29.08,2.21
2026-04-26 20:00:00-06:00,0.0,0.0,0.0,27.42,2.28
2026-04-26 21:00:00-06:00,0.0,0.0,0.0,26.35,1.24
2026-04-26 22:00:00-06:00,0.0,0.0,0.0,25.0,1.45
2026-04-26 23:00:00-06:00,0.0,0.0,0.0,24.12,1.38
2026-04-27 00:00:00-06:00,0.0,0.0,0.0,22.91,0.9
2026-04-27 01:00:00-06:00,0.0,0.0,0.0,23.76,0.34
2026-04-27 02:00:00-06:00,0.0,0.0,0.0,22.96,0.83
2026-04-27 03:00:00-06:00,0.0,0.0,0.0,21.04,1.17
2026-04-27 04:00:00-06:00,0.0,0.0,0.0,20.05,1.45
2026-04-27 05:00:00-06:00,0.0,0.0,0.0,19.26,1.38
2026-04-27 06:00:00-06:00,0.0,0.0,0.0,18.4,1.24
2026-04-27 07:00:00-06:00,226.3,840.02,76.45,18.75,0.9
2026-04-27 08:00:00-06:00,456.6,838.13,111.85,23.09,0.14
2026-04-27 09:00:00-06:00,667.35,839.8,145.4,25.14,0.83
2026-04-27 10:00:00-06:00,770.0,763.77,163.1,26.91,1.17
2026-04-27 11:00:00-06:00,805.6,586.52,266.7,28.16,1.17
2026-04-27 12:00:00-06:00,810.7,605.07,214.3,29.4,1.17
2026-04-27 13:00:00-06:00,674.0,446.84,231.35,30.09,1.03
2026-04-27 14:00:00-06:00,607.35,438.64,197.95,30.35,1.1
2026-04-27 15:00:00-06:00,519.9,432.92,165.9,30.59,0.9
2026-04-27 16:00:00-06:00,353.2,339.31,132.1,30.1,1.24
2026-04-27 17:00:00-06:00,136.4,87.48,97.35,29.51,1.59
2026-04-27 18:00:00-06:00,18.95,2.54,18.4,28.51,2.21
2026-04-27 19:00:00-06:00,0.0,0.0,0.0,26.69,2.48
2026-04-27 20:00:00-06:00,0.0,0.0,0.0,25.42,1.86
2026-04-27 21:00:00-06:00,0.0,0.0,0.0,24.87,1.45
2026-04-27 22:00:00-06:00,0.0,0.0,0.0,24.35,0.83
2026-04-27 23:00:00-06:00,0.0,0.0,0.0,24.13,0.07
2026-04-28 00:00:00-06:00,0.0,0.0,0.0,23.38,0.48
2026-04-28 01:00:00-06:00,0.0,0.0,0.0,22.55,1.31
2026-04-28 02:00:00-06:00,0.0,0.0,0.0,21.82,1.31
2026-04-28 03:00:00-06:00,0.0,0.0,0.0,21.3,1.31
2026-04-28 04:00:00-06:00,0.0,0.0,0.0,20.77,1.24
2026-04-28 05:00:00-06:00,0.0,0.0,0.0,20.38,1.17
2026-04-28 06:00:00-06:00,0.0,0.0,0.0,20.14,1.17
2026-04-28 07:00:00-06:00,176.75,534.55,80.2,20.43,0.9
2026-04-28 08:00:00-06:00,383.1,579.5,143.65,23.42,0.07
2026-04-28 09:00:00-06:00,577.5,643.56,176.55,25.15,0.69
2026-04-28 10:00:00-06:00,739.65,728.93,159.6,26.7,0.83
2026-04-28 11:00:00-06:00,891.8,769.43,184.2,28.29,0.97
2026-04-28 12:00:00-06:00,893.7,730.55,173.2,29.86,0.9
2026-04-28 13:00:00-06:00,919.9,775.66,151.2,30.64,1.1
2026-04-28 14:00:00-06:00,722.25,606.54,155.95,31.5,0.97
2026-04-28 15:00:00-06:00,585.2,570.82,118.25,31.58,0.62
2026-04-28 16:00:00-06:00,362.65,409.25,95.8,31.13,0.41
2026-04-28 17:00:00-06:00,190.3,276.27,66.8,30.18,0.76
2026-04-28 18:00:00-06:00,38.35,88.37,19.1,29.07,0.28
2026-04-28 19:00:00-06:00,0.0,0.0,0.0,27.49,0.9
2026-04-28 20:00:00-06:00,0.0,0.0,0.0,26.62,1.45
2026-04-28 21:00:00-06:00,0.0,0.0,0.0,25.72,1.52
2026-04-28 22:00:00-06:00,0.0,0.0,0.0,24.8,1.03
2026-04-28 23:00:00-06:00,0.0,0.0,0.0,23.83,1.1
2026-04-29 00:00:00-06:00,0.0,0.0,0.0,22.85,0.9
2026-04-29 01:00:00-06:00,0.0,0.0,0.0,21.9,0.97
2026-04-29 02:00:00-06:00,0.0,0.0,0.0,21.37,0.76
2026-04-29 03:00:00-06:00,0.0,0.0,0.0,21.99,0.55
2026-04-29 04:00:00-06:00,0.0,0.0,0.0,21.55,0.34
2026-04-29 05:00:00-06:00,0.0,0.0,0.0,21.11,0.48
2026-04-29 06:00:00-06:00,0.0,0.0,0.0,19.89,0.9
2026-04-29 07:00:00-06:00,233.85,854.28,77.7,18.82,0.9
2026-04-29 08:00:00-06:00,470.8,898.41,97.95,21.9,0.34
2026-04-29 09:00:00-06:00,681.15,893.82,123.0,24.0,0.62
2026-04-29 10:00:00-06:00,831.85,889.7,122.9,26.17,1.03
2026-04-29 11:00:00-06:00,913.55,814.41,163.95,27.96,1.38
2026-04-29 12:00:00-06:00,1007.1,852.87,165.5,29.36,1.38
2026-04-29 13:00:00-06:00,962.55,821.32,148.3,30.65,0.9
2026-04-29 14:00:00-06:00,818.2,708.28,156.7,31.68,0.9
2026-04-29 15:00:00-06:00,589.2,544.39,143.7,32.06,1.03
2026-04-29 16:00:00-06:00,392.4,379.7,144.65,31.74,1.45
2026-04-29 17:00:00-06:00,224.15,326.81,77.85,30.99,0.97
2026-04-29 18:00:00-06:00,47.75,99.66,25.95,29.75,1.24
2026-04-29 19:00:00-06:00,0.0,0.0,0.0,28.01,2.55
2026-04-29 20:00:00-06:00,0.0,0.0,0.0,26.29,2.28
2026-04-29 21:00:00-06:00,0.0,0.0,0.0,25.25,1.86
2026-04-29 22:00:00-06:00,0.0,0.0,0.0,24.13,1.52
2026-04-29 23:00:00-06:00,0.0,0.0,0.0,23.17,1.38
2026-04-30 00:00:00-06:00,0.0,0.0,0.0,22.35,1.38
2026-04-30 01:00:00-06:00,0.0,0.0,0.0,21.89,1.1
2026-04-30 02:00:00-06:00,0.0,0.0,0.0,21.21,0.97
2026-04-30 03:00:00-06:00,0.0,0.0,0.0,20.57,0.97
2026-04-30 04:00:00-06:00,0.0,0.0,0.0,19.85,1.1
2026-04-30 05:00:00-06:00,0.0,0.0,0.0,19.15,1.1
2026-04-30 06:00:00-06:00,0.0,0.0,0.0,18.61,1.17
2026-04-30 07:00:00-06:00,207.4,687.98,80.2,18.72,0.97
2026-04-30 08:00:00-06:00,441.7,762.21,124.05,22.09,0.41
2026-04-30 09:00:00-06:00,651.95,815.64,141.5,24.1,0.34
2026-04-30 10:00:00-06:00,817.95,856.03,134.95,31.06,1.26
2026-04-30 11:00:00-06:00,912.9,814.68,162.45,30.7,1.27
2026-04-30 12:00:00-06:00,919.35,774.71,154.5,30.34,1.28
2026-04-30 13:00:00-06:00,778.4,587.71,195.55,29.97,1.29
2026-04-30 14:00:00-06:00,694.75,524.12,205.1,29.61,1.3
2026-04-30 15:00:00-06:00,506.9,419.89,163.15,29.25,1.32
2026-04-30 16:00:00-06:00,324.95,270.02,148.65,28.89,1.33
2026-04-30 17:00:00-06:00,150.95,144.21,86.3,28.52,1.34
2026-04-30 18:00:00-06:00,56.35,142.25,25.1,28.16,1.35
2026-04-30 19:00:00-06:00,0.0,0.0,0.0,27.8,1.36
2026-04-30 20:00:00-06:00,0.0,0.0,0.0,27.44,1.37
2026-04-30 21:00:00-06:00,0.0,0.0,0.0,27.08,1.39
2026-04-30 22:00:00-06:00,0.0,0.0,0.0,26.71,1.4
2026-04-30 23:00:00-06:00,0.0,0.0,0.0,26.35,1.41
2026-05-01 00:00:00-06:00,0.0,0.0,0.0,25.99,1.42
2026-05-01 01:00:00-06:00,0.0,0.0,0.0,25.63,1.43
2026-05-01 02:00:00-06:00,0.0,0.0,0.0,20.49,1.24
2026-05-01 03:00:00-06:00,0.0,0.0,0.0,19.67,1.38
2026-05-01 04:00:00-06:00,0.0,0.0,0.0,19.19,1.52
2026-05-01 05:00:00-06:00,0.0,0.0,0.0,18.75,1.52
2026-05-01 06:00:00-06:00,0.0,0.0,0.0,18.16,1.59
2026-05-01 07:00:00-06:00,237.45,860.22,76.65,18.37,1.17
2026-05-01 08:00:00-06:00,470.95,873.98,105.25,23.45,0.41
2026-05-01 09:00:00-06:00,677.75,893.98,117.1,25.77,0.62
2026-05-01 10:00:00-06:00,891.65,962.14,123.05,27.81,1.03
2026-05-01 11:00:00-06:00,1010.65,945.18,139.35,29.78,1.38
2026-05-01 12:00:00-06:00,1042.1,925.25,128.2,31.52,1.72
2026-05-01 13:00:00-06:00,1007.0,877.78,136.2,32.94,2.07
2026-05-01 14:00:00-06:00,860.4,768.07,142.65,33.91,2.28
2026-05-01 15:00:00-06:00,692.45,690.39,127.05,34.18,2.21
2026-05-01 16:00:00-06:00,488.65,583.91,107.15,34.03,2.0
2026-05-01 17:00:00-06:00,265.65,418.53,77.75,33.41,1.93
2026-05-01 18:00:00-06:00,61.95,162.25,26.15,32.48,1.72
2026-05-01 19:00:00-06:00,0.0,0.0,0.0,30.81,0.97
2026-05-01 20:00:00-06:00,0.0,0.0,0.0,29.43,0.55
2026-05-01 21:00:00-06:00,0.0,0.0,0.0,27.7,0.9
2026-05-01 22:00:00-06:00,0.0,0.0,0.0,25.83,1.31
2026-05-01 23:00:00-06:00,0.0,0.0,0.0,24.08,1.45
2026-05-02 00:00:00-06:00,0.0,0.0,0.0,22.27,1.31
2026-05-02 01:00:00-06:00,0.0,0.0,0.0,24.47,0.97
2026-05-02 02:00:00-06:00,0.0,0.0,0.0,23.04,1.1
2026-05-02 03:00:00-06:00,0.0,0.0,0.0,21.45,1.31
2026-05-02 04:00:00-06:00,0.0,0.0,0.0,20.34,1.45
2026-05-02 05:00:00-06:00,0.0,0.0,0.0,19.5,1.52
2026-05-02 06:00:00-06:00,0.0,0.0,0.0,18.48,1.59
2026-05-02 07:00:00-06:00,253.45,979.07,68.5,18.41,1.31
2026-05-02 08:00:00-06:00,497.2,961.81,93.2,23.16,0.14
2026-05-02 09:00:00-06:00,720.0,972.4,108.95,25.66,0.9
2026-05-02 10:00:00-06:00,897.2,973.72,118.45,27.88,1.31
2026-05-02 11:00:00-06:00,1009.45,952.82,130.5,29.87,1.79
2026-05-02 12:00:00-06:00,1058.9,948.89,121.25,31.58,0.0
2026-05-02 13:00:00-06:00,1019.8,900.86,125.85,32.93,0.0
2026-05-02 14:00:00-06:00,876.25,802.06,126.55,33.92,2.69
2026-05-02 15:00:00-06:00,702.6,716.81,115.35,34.15,2.83
2026-05-02 16:00:00-06:00,496.9,613.8,95.6,34.14,2.97
2026-05-02 17:00:00-06:00,265.45,433.81,70.4,33.51,3.1
2026-05-02 18:00:00-06:00,62.7,164.71,26.2,32.27,2.97
2026-05-02 19:00:00-06:00,0.0,0.0,0.0,30.24,1.86
2026-05-02 20:00:00-06:00,0.0,0.0,0.0,28.51,1.31
2026-05-02 21:00:00-06:00,0.0,0.0,0.0,26.75,0.97
2026-05-02 22:00:00-06:00,0.0,0.0,0.0,25.92,0.9
2026-05-02 23:00:00-06:00,0.0,0.0,0.0,24.84,0.83
2026-05-03 00:00:00-06:00,0.0,0.0,0.0,23.43,0.76
2026-05-03 01:00:00-06:00,0.0,0.0,0.0,21.05,1.1
2026-05-03 02:00:00-06:00,0.0,0.0,0.0,19.36,1.31
2026-05-03 03:00:00-06:00,0.0,0.0,0.0,18.3,1.31
2026-05-03 04:00:00-06:00,0.0,0.0,0.0,17.52,1.31
2026-05-03 05:00:00-06:00,0.0,0.0,0.0,16.9,1.38
2026-05-03 06:00:00-06:00,0.0,0.0,0.0,16.37,1.38
2026-05-03 07:00:00-06:00,258.15,995.22,68.25,17.18,1.03
2026-05-03 08:00:00-06:00,503.05,973.69,92.55,22.42,0.07
2026-05-03 09:00:00-06:00,727.05,983.66,107.75,25.15,0.76
2026-05-03 10:00:00-06:00,905.1,984.16,117.15,27.49,1.31
2026-05-03 11:00:00-06:00,1021.95,976.1,120.95,29.49,1.79
2026-05-03 12:00:00-06:00,1025.5,886.11,149.55,31.18,2.28
2026-05-03 13:00:00-06:00,991.15,839.33,158.05,32.41,2.41
2026-05-03 14:00:00-06:00,900.85,817.75,136.3,33.19,2.55
2026-05-03 15:00:00-06:00,747.15,776.78,110.55,33.58,2.69
2026-05-03 16:00:00-06:00,534.5,674.69,93.1,33.6,2.97
2026-05-03 17:00:00-06:00,285.55,478.14,70.25,32.94,3.24
2026-05-03 18:00:00-06:00,60.6,153.2,26.5,31.62,3.1
2026-05-03 19:00:00-06:00,0.0,0.0,0.0,29.71,2.07
2026-05-03 20:00:00-06:00,0.0,0.0,0.0,28.0,1.59
2026-05-03 21:00:00-06:00,0.0,0.0,0.0,26.58,1.38
2026-05-03 22:00:00-06:00,0.0,0.0,0.0,24.68,1.38
2026-05-03 23:00:00-06:00,0.0,0.0,0.0,22.99,1.45
2026-05-04 00:00:00-06:00,0.0,0.0,0.0,21.98,1.24
2026-05-04 01:00:00-06:00,0.0,0.0,0.0,22.05,1.17
2026-05-04 02:00:00-06:00,0.0,0.0,0.0,20.52,1.45
2026-05-04 03:00:00-06:00,0.0,0.0,0.0,19.07,1.59
2026-05-04 04:00:00-06:00,0.0,0.0,0.0,17.9,1.66
2026-05-04 05:00:00-06:00,0.0,0.0,0.0,16.88,1.52
2026-05-04 06:00:00-06:00,0.0,0.0,0.0,16.19,1.52
2026-05-04 07:00:00-06:00,261.15,999.97,68.5,16.76,1.17
2026-05-04 08:00:00-06:00,506.45,978.19,92.6,22.47,0.21
2026-05-04 09:00:00-06:00,730.5,987.28,107.8,25.21,0.62
2026-05-04 10:00:00-06:00,908.5,987.53,117.05,27.46,1.17
2026-05-04 11:00:00-06:00,1018.55,971.96,120.85,29.41,1.59
2026-05-04 12:00:00-06:00,1062.65,950.22,123.0,30.99,2.0
2026-05-04 13:00:00-06:00,1039.1,929.13,116.65,32.42,2.14
2026-05-04 14:00:00-06:00,889.65,802.44,139.25,33.29,2.34
2026-05-04 15:00:00-06:00,739.75,762.79,114.4,33.58,2.28
2026-05-04 16:00:00-06:00,550.6,706.54,88.05,33.4,2.14
2026-05-04 17:00:00-06:00,299.75,511.24,69.2,32.92,2.21
2026-05-04 18:00:00-06:00,68.2,181.82,27.55,31.87,2.0
2026-05-04 19:00:00-06:00,0.0,0.0,0.0,29.98,1.1
2026-05-04 20:00:00-06:00,0.0,0.0,0.0,28.41,0.9
2026-05-04 21:00:00-06:00,0.0,0.0,0.0,28.0,0.55
2026-05-04 22:00:00-06:00,0.0,0.0,0.0,24.99,1.31
2026-05-04 23:00:00-06:00,0.0,0.0,0.0,22.12,1.59
2026-05-05 00:00:00-06:00,0.0,0.0,0.0,19.9,1.45
2026-05-05 01:00:00-06:00,0.0,0.0,0.0,19.96,1.59
2026-05-05 02:00:00-06:00,0.0,0.0,0.0,18.14,1.72
2026-05-05 03:00:00-06:00,0.0,0.0,0.0,17.28,1.66
2026-05-05 04:00:00-06:00,0.0,0.0,0.0,16.75,1.66
2026-05-05 05:00:00-06:00,0.0,0.0,0.0,16.26,1.59
2026-05-05 06:00:00-06:00,0.0,0.0,0.0,16.1,1.59
2026-05-05 07:00:00-06:00,255.55,950.71,70.7,16.95,1.31
2026-05-05 08:00:00-06:00,501.95,957.13,95.65,22.66,0.48
2026-05-05 09:00:00-06:00,724.4,971.2,110.8,24.86,0.76
2026-05-05 10:00:00-06:00,839.2,882.39,131.35,27.09,1.1
2026-05-05 11:00:00-06:00,942.05,864.2,143.45,28.97,1.45
2026-05-05 12:00:00-06:00,984.55,841.25,152.4,30.59,1.66
2026-05-05 13:00:00-06:00,993.4,861.47,137.95,31.81,1.79
2026-05-05 14:00:00-06:00,883.4,791.26,143.3,32.59,1.79
2026-05-05 15:00:00-06:00,725.8,733.7,124.1,32.99,1.79
2026-05-05 16:00:00-06:00,514.75,606.85,117.2,32.83,1.79
2026-05-05 17:00:00-06:00,261.95,404.85,79.1,32.32,1.72
2026-05-05 18:00:00-06:00,54.25,122.68,26.7,31.27,1.93
2026-05-05 19:00:00-06:00,0.0,0.0,0.0,29.82,1.59
2026-05-05 20:00:00-06:00,0.0,0.0,0.0,27.86,2.48
2026-05-05 21:00:00-06:00,0.0,0.0,0.0,26.05,2.62
2026-05-05 22:00:00-06:00,0.0,0.0,0.0,24.69,1.86
2026-05-05 23:00:00-06:00,0.0,0.0,0.0,23.68,0.97
2026-05-06 00:00:00-06:00,0.0,0.0,0.0,22.97,0.21
2026-05-06 01:00:00-06:00,0.0,0.0,0.0,22.64,0.14
2026-05-06 02:00:00-06:00,0.0,0.0,0.0,22.02,0.55
2026-05-06 03:00:00-06:00,0.0,0.0,0.0,20.61,0.9
2026-05-06 04:00:00-06:00,0.0,0.0,0.0,19.32,1.03
2026-05-06 05:00:00-06:00,0.0,0.0,0.0,18.29,1.1
2026-05-06 06:00:00-06:00,0.0,0.0,0.0,17.66,1.1
2026-05-06 07:00:00-06:00,255.3,943.17,70.3,18.58,0.69
2026-05-06 08:00:00-06:00,496.2,938.47,96.55,21.99,0.48
2026-05-06 09:00:00-06:00,704.4,927.93,117.2,24.18,0.83
2026-05-06 10:00:00-06:00,857.3,903.47,131.9,26.26,1.24
2026-05-06 11:00:00-06:00,955.05,870.43,150.3,27.93,1.24
2026-05-06 12:00:00-06:00,1000.6,862.9,146.8,29.5,1.03
2026-05-06 13:00:00-06:00,944.2,800.4,149.25,30.89,1.31
2026-05-06 14:00:00-06:00,732.95,605.92,166.1,31.66,1.17
2026-05-06 15:00:00-06:00,656.5,619.49,148.3,31.61,1.03
2026-05-06 16:00:00-06:00,392.35,445.42,100.35,31.64,0.76
2026-05-06 17:00:00-06:00,248.65,387.98,73.15,30.53,0.62
2026-05-06 18:00:00-06:00,46.4,109.27,21.75,30.11,0.62
2026-05-06 19:00:00-06:00,0.0,0.0,0.0,28.65,0.41
2026-05-06 20:00:00-06:00,0.0,0.0,0.0,27.03,0.48
2026-05-06 21:00:00-06:00,0.0,0.0,0.0,26.09,0.69
2026-05-06 22:00:00-06:00,0.0,0.0,0.0,25.18,1.31
2026-05-06 23:00:00-06:00,0.0,0.0,0.0,23.98,1.45
2026-05-07 00:00:00-06:00,0.0,0.0,0.0,22.79,1.45
2026-05-07 01:00:00-06:00,0.0,0.0,0.0,21.93,1.31
2026-05-07 02:00:00-06:00,0.0,0.0,0.0,20.91,1.38
2026-05-07 03:00:00-06:00,0.0,0.0,0.0,20.01,1.31
2026-05-07 04:00:00-06:00,0.0,0.0,0.0,19.24,1.24
2026-05-07 05:00:00-06:00,0.0,0.0,0.0,18.62,1.31
2026-05-07 06:00:00-06:00,0.0,0.0,0.0,18.26,1.31
2026-05-07 07:00:00-06:00,244.7,865.05,73.6,18.82,0.97
2026-05-07 08:00:00-06:00,476.65,866.8,106.4,22.94,0.14
2026-05-07 09:00:00-06:00,690.8,888.27,127.85,24.97,0.76
2026-05-07 10:00:00-06:00,848.75,867.58,151.6,26.92,1.24
2026-05-07 11:00:00-06:00,950.15,836.47,176.45,28.5,1.24
2026-05-07 12:00:00-06:00,957.8,764.73,200.95,29.98,1.38
2026-05-07 13:00:00-06:00,852.2,650.47,206.05,31.27,1.45
2026-05-07 14:00:00-06:00,778.25,630.61,188.2,31.87,1.31
2026-05-07 15:00:00-06:00,621.15,560.31,161.35,32.29,1.31
2026-05-07 16:00:00-06:00,430.2,490.09,108.7,32.02,1.31
2026-05-07 17:00:00-06:00,205.75,278.23,79.7,31.28,1.1
2026-05-07 18:00:00-06:00,43.6,100.61,20.8,30.5,0.48
2026-05-07 19:00:00-06:00,0.0,0.0,0.0,29.39,1.17
2026-05-07 20:00:00-06:00,0.0,0.0,0.0,27.62,2.55
2026-05-07 21:00:00-06:00,0.0,0.0,0.0,25.69,2.69
2026-05-07 22:00:00-06:00,0.0,0.0,0.0,24.31,2.07
2026-05-07 23:00:00-06:00,0.0,0.0,0.0,23.34,1.38
2026-05-08 00:00:00-06:00,0.0,0.0,0.0,22.31,0.55
2026-05-08 01:00:00-06:00,0.0,0.0,0.0,21.2,1.17
2026-05-08 02:00:00-06:00,0.0,0.0,0.0,20.18,1.24
2026-05-08 03:00:00-06:00,0.0,0.0,0.0,19.52,1.17
2026-05-08 04:00:00-06:00,0.0,0.0,0.0,18.8,1.17
2026-05-08 05:00:00-06:00,0.0,0.0,0.0,18.11,1.17
2026-05-08 06:00:00-06:00,0.0,0.0,0.0,17.56,1.1
2026-05-08 07:00:00-06:00,252.45,889.55,75.1,18.27,0.83
2026-05-08 08:00:00-06:00,495.55,930.73,96.85,22.27,0.34
2026-05-08 09:00:00-06:00,711.95,940.04,115.35,24.73,1.1
2026-05-08 10:00:00-06:00,878.3,925.75,133.85,27.04,1.59
2026-05-08 11:00:00-06:00,893.4,771.78,179.25,29.16,1.86
2026-05-08 12:00:00-06:00,916.25,721.13,202.4,30.49,2.07
2026-05-08 13:00:00-06:00,963.05,831.31,137.15,31.21,1.86
2026-05-08 14:00:00-06:00,776.7,627.99,189.0,32.22,1.72
2026-05-08 15:00:00-06:00,652.5,624.63,139.75,32.31,1.45
2026-05-08 16:00:00-06:00,482.15,571.1,107.25,32.05,1.1
2026-05-08 17:00:00-06:00,249.15,373.99,79.45,31.83,0.83
2026-05-08 18:00:00-06:00,54.5,130.46,24.8,31.06,0.14
2026-05-08 19:00:00-06:00,0.0,0.0,0.0,29.89,0.9
2026-05-08 20:00:00-06:00,0.0,0.0,0.0,28.27,1.59
2026-05-08 21:00:00-06:00,0.0,0.0,0.0,26.36,1.24
2026-05-08 22:00:00-06:00,0.0,0.0,0.0,24.75,1.79
2026-05-08 23:00:00-06:00,0.0,0.0,0.0,23.97,1.93
2026-05-09 00:00:00-06:00,0.0,0.0,0.0,22.9,0.69
2026-05-09 01:00:00-06:00,0.0,0.0,0.0,21.33,1.38
2026-05-09 02:00:00-06:00,0.0,0.0,0.0,20.76,1.66
2026-05-09 03:00:00-06:00,0.0,0.0,0.0,19.71,1.45
2026-05-09 04:00:00-06:00,0.0,0.0,0.0,18.92,0.0
2026-05-09 05:00:00-06:00,0.0,0.0,0.0,18.27,0.0
2026-05-09 06:00:00-06:00,0.0,0.0,0.0,17.65,1.38
2026-05-09 07:00:00-06:00,261.8,950.8,70.8,17.98,0.97
2026-05-09 08:00:00-06:00,503.15,950.43,94.9,23.1,0.0
2026-05-09 09:00:00-06:00,722.9,963.58,110.55,25.5,0.9
2026-05-09 10:00:00-06:00,874.6,916.42,137.15,27.66,1.24
2026-05-09 11:00:00-06:00,992.9,931.18,130.95,29.55,1.45
2026-05-09 12:00:00-06:00,1026.25,887.05,148.0,31.18,1.45
2026-05-09 13:00:00-06:00,958.95,813.15,151.0,32.71,1.45
2026-05-09 14:00:00-06:00,817.6,728.27,135.95,33.36,1.31
2026-05-09 15:00:00-06:00,632.9,587.96,150.1,33.49,1.1
2026-05-09 16:00:00-06:00,468.3,564.15,97.7,33.3,0.97
2026-05-09 17:00:00-06:00,239.45,376.03,68.55,33.0,0.76
2026-05-09 18:00:00-06:00,55.55,126.37,26.65,32.03,1.24
2026-05-09 19:00:00-06:00,0.0,0.0,0.0,29.89,2.55
2026-05-09 20:00:00-06:00,0.0,0.0,0.0,27.7,3.03
2026-05-09 21:00:00-06:00,0.0,0.0,0.0,26.36,1.59
2026-05-09 22:00:00-06:00,0.0,0.0,0.0,25.55,1.03
2026-05-09 23:00:00-06:00,0.0,0.0,0.0,24.22,1.66
2026-05-10 00:00:00-06:00,0.0,0.0,0.0,23.28,1.45
2026-05-10 01:00:00-06:00,0.0,0.0,0.0,22.64,1.17
2026-05-10 02:00:00-06:00,0.0,0.0,0.0,22.11,1.03
2026-05-10 03:00:00-06:00,0.0,0.0,0.0,21.73,0.97
2026-05-10 04:00:00-06:00,0.0,0.0,0.0,20.87,1.1
2026-05-10 05:00:00-06:00,0.0,0.0,0.0,19.98,1.24
2026-05-10 06:00:00-06:00,0.0,0.0,0.0,19.28,1.31
2026-05-10 07:00:00-06:00,255.35,845.65,84.25,19.56,1.1
2026-05-10 08:00:00-06:00,487.75,847.92,122.6,23.49,0.14
2026-05-10 09:00:00-06:00,703.15,888.14,138.05,25.62,1.03
2026-05-10 10:00:00-06:00,843.2,820.96,182.15,27.65,1.38
2026-05-10 11:00:00-06:00,975.4,885.21,155.75,29.23,1.31
2026-05-10 12:00:00-06:00,975.65,808.55,175.0,30.73,1.17
2026-05-10 13:00:00-06:00,974.0,835.57,143.7,31.8,1.1
2026-05-10 14:00:00-06:00,847.55,711.77,181.25,32.65,0.69
2026-05-10 15:00:00-06:00,657.15,659.18,115.7,33.09,0.28
2026-05-10 16:00:00-06:00,454.0,555.24,89.0,32.74,0.07
2026-05-10 17:00:00-06:00,254.25,387.07,78.05,32.0,0.41
2026-05-10 18:00:00-06:00,52.85,85.53,33.2,31.37,1.17
2026-05-10 19:00:00-06:00,0.0,0.0,0.0,29.88,2.07
2026-05-10 20:00:00-06:00,0.0,0.0,0.0,27.98,1.86
2026-05-10 21:00:00-06:00,0.0,0.0,0.0,26.55,1.52
2026-05-10 22:00:00-06:00,0.0,0.0,0.0,25.55,1.24
2026-05-10 23:00:00-06:00,0.0,0.0,0.0,24.61,1.17
2026-05-11 00:00:00-06:00,0.0,0.0,0.0,23.24,1.31
2026-05-11 01:00:00-06:00,0.0,0.0,0.0,22.73,1.03
2026-05-11 02:00:00-06:00,0.0,0.0,0.0,23.25,0.76
2026-05-11 03:00:00-06:00,0.0,0.0,0.0,21.18,1.1
2026-05-11 04:00:00-06:00,0.0,0.0,0.0,20.0,1.31
2026-05-11 05:00:00-06:00,0.0,0.0,0.0,19.25,1.45
2026-05-11 06:00:00-06:00,0.0,0.0,0.0,18.4,1.45
2026-05-11 07:00:00-06:00,269.2,983.52,68.85,18.81,0.97
2026-05-11 08:00:00-06:00,510.45,969.34,92.0,23.39,0.28
2026-05-11 09:00:00-06:00,729.25,976.53,107.2,25.54,1.03
2026-05-11 10:00:00-06:00,854.5,889.26,138.05,27.57,1.31
2026-05-11 11:00:00-06:00,942.25,863.76,142.25,29.26,1.45
2026-05-11 12:00:00-06:00,1009.05,869.95,147.5,30.61,1.38
2026-05-11 13:00:00-06:00,931.85,770.29,166.35,32.25,1.72
2026-05-11 14:00:00-06:00,805.2,700.09,149.75,32.92,1.52
2026-05-11 15:00:00-06:00,648.65,600.31,155.4,33.04,1.1
2026-05-11 16:00:00-06:00,419.2,452.31,121.65,32.84,0.83
2026-05-11 17:00:00-06:00,258.65,393.9,79.05,31.88,0.76
2026-05-11 18:00:00-06:00,53.85,134.95,22.7,31.36,0.55
2026-05-11 19:00:00-06:00,0.0,0.0,0.0,30.42,0.76
2026-05-11 20:00:00-06:00,0.0,0.0,0.0,29.08,1.31
2026-05-11 21:00:00-06:00,0.0,0.0,0.0,27.31,1.24
2026-05-11 22:00:00-06:00,0.0,0.0,0.0,25.81,1.17
2026-05-11 23:00:00-06:00,0.0,0.0,0.0,24.19,1.17
2026-05-12 00:00:00-06:00,0.0,0.0,0.0,22.84,1.38
2026-05-12 01:00:00-06:00,0.0,0.0,0.0,21.62,1.38
2026-05-12 02:00:00-06:00,0.0,0.0,0.0,20.71,1.31
2026-05-12 03:00:00-06:00,0.0,0.0,0.0,20.0,1.38
2026-05-12 04:00:00-06:00,0.0,0.0,0.0,19.11,1.38
2026-05-12 05:00:00-06:00,0.0,0.0,0.0,18.54,1.31
2026-05-12 06:00:00-06:00,0.0,0.0,0.0,17.92,1.38
2026-05-12 07:00:00-06:00,262.95,949.42,68.3,18.73,0.9
2026-05-12 08:00:00-06:00,506.0,955.6,92.55,23.35,0.14
2026-05-12 09:00:00-06:00,714.5,944.92,111.95,25.47,1.17
2026-05-12 10:00:00-06:00,862.6,892.35,143.3,27.34,1.31
2026-05-12 11:00:00-06:00,975.3,893.84,147.25,29.08,1.38
2026-05-12 12:00:00-06:00,962.35,782.53,187.3,30.7,1.52
2026-05-12 13:00:00-06:00,875.9,665.2,214.8,31.77,1.38
2026-05-12 14:00:00-06:00,680.15,579.64,137.4,32.24,1.24
2026-05-12 15:00:00-06:00,643.45,594.95,154.45,32.23,1.38
2026-05-12 16:00:00-06:00,402.45,395.7,141.95,32.63,1.45
2026-05-12 17:00:00-06:00,253.85,371.02,84.4,31.52,1.31
2026-05-12 18:00:00-06:00,50.75,98.1,28.0,30.96,1.1
2026-05-12 19:00:00-06:00,0.0,0.0,0.0,29.43,0.83
2026-05-12 20:00:00-06:00,0.0,0.0,0.0,28.01,0.41
2026-05-12 21:00:00-06:00,0.0,0.0,0.0,27.12,0.69
2026-05-12 22:00:00-06:00,0.0,0.0,0.0,25.57,1.66
2026-05-12 23:00:00-06:00,0.0,0.0,0.0,24.39,1.45
2026-05-13 00:00:00-06:00,0.0,0.0,0.0,23.27,0.83
2026-05-13 01:00:00-06:00,0.0,0.0,0.0,22.8,0.76
2026-05-13 02:00:00-06:00,0.0,0.0,0.0,21.96,1.1
2026-05-13 03:00:00-06:00,0.0,0.0,0.0,21.24,1.17
2026-05-13 04:00:00-06:00,0.0,0.0,0.0,20.68,1.17
2026-05-13 05:00:00-06:00,0.0,0.0,0.0,20.37,1.03
2026-05-13 06:00:00-06:00,0.0,0.0,0.0,20.3,0.97
2026-05-13 07:00:00-06:00,233.3,687.94,91.4,21.05,0.69
2026-05-13 08:00:00-06:00,420.25,725.24,105.8,23.31,0.62
2026-05-13 09:00:00-06:00,637.2,734.47,168.4,24.62,0.97
2026-05-13 10:00:00-06:00,824.2,843.59,143.9,26.39,1.03
2026-05-13 11:00:00-06:00,929.9,843.0,148.8,28.35,1.03
2026-05-13 12:00:00-06:00,905.6,730.89,181.65,30.12,1.38
2026-05-13 13:00:00-06:00,932.15,770.67,166.2,30.99,1.31
2026-05-13 14:00:00-06:00,842.9,736.44,153.25,32.34,1.59
2026-05-13 15:00:00-06:00,649.9,621.34,139.05,32.63,1.38
2026-05-13 16:00:00-06:00,443.0,511.76,105.85,32.57,1.1
2026-05-13 17:00:00-06:00,238.8,355.87,76.0,32.0,1.03
2026-05-13 18:00:00-06:00,54.95,141.85,21.9,30.48,0.69
2026-05-13 19:00:00-06:00,0.0,0.0,0.0,29.14,1.86
2026-05-13 20:00:00-06:00,0.0,0.0,0.0,26.84,2.14
2026-05-13 21:00:00-06:00,0.0,0.0,0.0,25.16,1.52
2026-05-13 22:00:00-06:00,0.0,0.0,0.0,24.49,0.97
2026-05-13 23:00:00-06:00,0.0,0.0,0.0,23.59,0.62
2026-05-14 00:00:00-06:00,0.0,0.0,0.0,23.4,0.21
2026-05-14 01:00:00-06:00,0.0,0.0,0.0,23.84,0.55
2026-05-14 02:00:00-06:00,0.0,0.0,0.0,23.82,0.21
2026-05-14 03:00:00-06:00,0.0,0.0,0.0,23.51,0.55
2026-05-14 04:00:00-06:00,0.0,0.0,0.0,22.09,0.9
2026-05-14 05:00:00-06:00,0.0,0.0,0.0,21.14,0.97
2026-05-14 06:00:00-06:00,0.0,0.0,0.0,21.04,0.76
2026-05-14 07:00:00-06:00,237.15,787.43,73.8,21.25,0.62
2026-05-14 08:00:00-06:00,486.2,872.86,107.0,23.47,0.41
2026-05-14 09:00:00-06:00,695.85,885.66,130.05,25.37,0.83
2026-05-14 10:00:00-06:00,771.9,713.79,196.05,27.19,1.17
2026-05-14 11:00:00-06:00,742.05,564.47,218.95,28.41,1.52
2026-05-14 12:00:00-06:00,890.0,626.07,269.85,29.56,1.52
2026-05-14 13:00:00-06:00,868.35,635.52,236.7,30.25,1.66
2026-05-14 14:00:00-06:00,692.0,465.15,256.35,31.22,1.66
2026-05-14 15:00:00-06:00,462.65,311.82,206.2,31.44,1.59
2026-05-14 16:00:00-06:00,400.85,375.4,153.35,30.43,0.0
2026-05-14 17:00:00-06:00,233.35,304.64,93.75,30.49,0.0
2026-05-14 18:00:00-06:00,47.75,98.68,24.65,29.38,1.72
2026-05-14 19:00:00-06:00,0.0,0.0,0.0,28.03,1.86
2026-05-14 20:00:00-06:00,0.0,0.0,0.0,26.97,1.45
2026-05-14 21:00:00-06:00,0.0,0.0,0.0,25.96,1.31
2026-05-14 22:00:00-06:00,0.0,0.0,0.0,24.73,1.52
2026-05-14 23:00:00-06:00,0.0,0.0,0.0,23.92,1.45
2026-05-15 00:00:00-06:00,0.0,0.0,0.0,22.79,0.76
2026-05-15 01:00:00-06:00,0.0,0.0,0.0,21.86,0.9
2026-05-15 02:00:00-06:00,0.0,0.0,0.0,21.02,0.9
2026-05-15 03:00:00-06:00,0.0,0.0,0.0,20.41,0.69
2026-05-15 04:00:00-06:00,0.0,0.0,0.0,20.01,0.62
2026-05-15 05:00:00-06:00,0.0,0.0,0.0,19.64,0.9
2026-05-15 06:00:00-06:00,0.0,0.0,0.0,18.97,0.97
2026-05-15 07:00:00-06:00,228.6,667.19,89.45,19.86,0.62
2026-05-15 08:00:00-06:00,443.85,711.81,134.05,21.93,0.34
2026-05-15 09:00:00-06:00,660.3,802.14,147.45,24.02,0.41
2026-05-15 10:00:00-06:00,836.8,850.35,150.55,25.97,0.76
2026-05-15 11:00:00-06:00,848.7,716.59,184.55,27.79,1.03
2026-05-15 12:00:00-06:00,839.45,629.99,215.4,29.08,1.45
2026-05-15 13:00:00-06:00,777.4,573.33,207.55,29.68,1.72
2026-05-15 14:00:00-06:00,746.55,642.86,144.4,29.81,2.0
2026-05-15 15:00:00-06:00,687.35,651.81,151.1,29.99,1.52
2026-05-15 16:00:00-06:00,331.8,282.06,145.7,30.52,1.24
2026-05-15 17:00:00-06:00,206.25,265.35,84.45,29.76,1.24
2026-05-15 18:00:00-06:00,52.15,95.87,29.6,29.26,1.59
2026-05-15 19:00:00-06:00,0.0,0.0,0.0,27.89,1.24
2026-05-15 20:00:00-06:00,0.0,0.0,0.0,26.77,1.45
2026-05-15 21:00:00-06:00,0.0,0.0,0.0,25.66,2.21
2026-05-15 22:00:00-06:00,0.0,0.0,0.0,24.22,2.41
2026-05-15 23:00:00-06:00,0.0,0.0,0.0,23.21,1.59
2026-05-16 00:00:00-06:00,0.0,0.0,0.0,22.37,0.62
2026-05-16 01:00:00-06:00,0.0,0.0,0.0,21.5,0.83
2026-05-16 02:00:00-06:00,0.0,0.0,0.0,20.93,1.24
2026-05-16 03:00:00-06:00,0.0,0.0,0.0,20.2,1.31
2026-05-16 04:00:00-06:00,0.0,0.0,0.0,19.69,1.31
2026-05-16 05:00:00-06:00,0.0,0.0,0.0,18.96,1.24
2026-05-16 06:00:00-06:00,0.0,0.0,0.0,18.72,1.1
2026-05-16 07:00:00-06:00,235.25,723.49,83.6,19.15,0.83
2026-05-16 08:00:00-06:00,467.65,796.63,120.35,22.25,0.07
2026-05-16 09:00:00-06:00,654.65,821.5,129.05,24.11,0.62
2026-05-16 10:00:00-06:00,752.15,770.58,130.1,25.98,1.1
2026-05-16 11:00:00-06:00,817.95,689.08,179.25,27.42,1.66
2026-05-16 12:00:00-06:00,956.4,801.72,162.25,28.64,2.07
2026-05-16 13:00:00-06:00,907.25,754.08,157.75,30.13,2.07
2026-05-16 14:00:00-06:00,801.15,689.44,155.3,30.93,2.21
2026-05-16 15:00:00-06:00,656.7,642.86,127.65,31.21,2.21
2026-05-16 16:00:00-06:00,488.15,586.86,100.65,31.49,2.14
2026-05-16 17:00:00-06:00,272.5,431.48,74.1,31.38,2.21
2026-05-16 18:00:00-06:00,69.9,170.95,29.5,30.65,2.0
2026-05-16 19:00:00-06:00,0.0,0.0,0.0,29.04,1.03
2026-05-16 20:00:00-06:00,0.0,0.0,0.0,27.82,1.24
2026-05-16 21:00:00-06:00,0.0,0.0,0.0,26.13,1.66
2026-05-16 22:00:00-06:00,0.0,0.0,0.0,24.13,1.72
2026-05-16 23:00:00-06:00,0.0,0.0,0.0,22.51,1.72
2026-05-17 00:00:00-06:00,0.0,0.0,0.0,20.9,1.45
2026-05-17 01:00:00-06:00,0.0,0.0,0.0,20.94,1.17
2026-05-17 02:00:00-06:00,0.0,0.0,0.0,20.73,0.97
2026-05-17 03:00:00-06:00,0.0,0.0,0.0,20.09,0.97
2026-05-17 04:00:00-06:00,0.0,0.0,0.0,18.78,1.24
2026-05-17 05:00:00-06:00,0.0,0.0,0.0,17.11,1.52
2026-05-17 06:00:00-06:00,0.0,0.0,0.0,16.19,1.45
2026-05-17 07:00:00-06:00,255.6,865.65,73.3,17.2,0.83
2026-05-17 08:00:00-06:00,498.15,908.88,101.3,21.53,0.07
2026-05-17 09:00:00-06:00,704.2,925.16,111.9,23.63,0.76
2026-05-17 10:00:00-06:00,890.85,945.15,127.7,25.74,1.24
2026-05-17 11:00:00-06:00,996.85,922.88,141.4,27.72,1.59
2026-05-17 12:00:00-06:00,994.6,847.87,154.75,29.28,1.72
2026-05-17 13:00:00-06:00,981.8,845.29,141.65,30.35,1.79
2026-05-17 14:00:00-06:00,814.05,684.63,172.65,31.11,1.79
2026-05-17 15:00:00-06:00,706.75,695.42,134.25,31.28,1.52
2026-05-17 16:00:00-06:00,500.9,608.28,98.95,31.32,1.24
2026-05-17 17:00:00-06:00,274.7,442.78,70.75,30.92,0.97
2026-05-17 18:00:00-06:00,71.2,178.99,28.7,30.0,0.28
2026-05-17 19:00:00-06:00,0.0,0.0,0.0,28.39,0.55
2026-05-17 20:00:00-06:00,0.0,0.0,0.0,26.83,1.03
2026-05-17 21:00:00-06:00,0.0,0.0,0.0,25.4,1.52
2026-05-17 22:00:00-06:00,0.0,0.0,0.0,23.92,1.66
2026-05-17 23:00:00-06:00,0.0,0.0,0.0,21.93,1.45
2026-05-18 00:00:00-06:00,0.0,0.0,0.0,20.88,1.1
2026-05-18 01:00:00-06:00,0.0,0.0,0.0,23.63,0.69
2026-05-18 02:00:00-06:00,0.0,0.0,0.0,21.56,1.1
2026-05-18 03:00:00-06:00,0.0,0.0,0.0,21.72,0.83
2026-05-18 04:00:00-06:00,0.0,0.0,0.0,21.29,0.55
2026-05-18 05:00:00-06:00,0.0,0.0,0.0,20.19,0.97
2026-05-18 06:00:00-06:00,0.0,0.0,0.0,17.82,1.38
2026-05-18 07:00:00-06:00,265.85,903.49,74.75,17.76,0.97
2026-05-18 08:00:00-06:00,500.0,902.67,105.3,21.98,0.48
2026-05-18 09:00:00-06:00,690.5,881.8,125.65,23.99,1.17
2026-05-18 10:00:00-06:00,818.3,835.76,143.35,25.9,1.38
2026-05-18 11:00:00-06:00,920.75,835.17,146.6,27.73,1.45
2026-05-18 12:00:00-06:00,968.05,795.57,180.05,29.29,1.38
2026-05-18 13:00:00-06:00,982.25,817.28,169.95,30.72,1.52
2026-05-18 14:00:00-06:00,853.65,748.33,152.5,31.92,1.31
2026-05-18 15:00:00-06:00,675.9,663.99,129.1,32.38,1.31
2026-05-18 16:00:00-06:00,421.7,485.02,100.95,32.52,1.59
2026-05-18 17:00:00-06:00,259.7,410.69,70.2,31.47,1.24
2026-05-18 18:00:00-06:00,61.6,133.29,29.8,30.26,1.03
2026-05-18 19:00:00-06:00,0.0,0.0,0.0,28.45,1.79
2026-05-18 20:00:00-06:00,0.0,0.0,0.0,26.8,1.52
2026-05-18 21:00:00-06:00,0.0,0.0,0.0,25.43,0.9
2026-05-18 22:00:00-06:00,0.0,0.0,0.0,24.19,0.34
2026-05-18 23:00:00-06:00,0.0,0.0,0.0,23.03,0.34
2026-05-19 00:00:00-06:00,0.0,0.0,0.0,23.38,0.62
2026-05-19 01:00:00-06:00,0.0,0.0,0.0,22.3,0.83
2026-05-19 02:00:00-06:00,0.0,0.0,0.0,20.87,1.1
2026-05-19 03:00:00-06:00,0.0,0.0,0.0,19.79,1.17
2026-05-19 04:00:00-06:00,0.0,0.0,0.0,18.62,1.24
2026-05-19 05:00:00-06:00,0.0,0.0,0.0,17.78,1.17
2026-05-19 06:00:00-06:00,0.0,0.0,0.0,17.14,1.1
2026-05-19 07:00:00-06:00,256.45,836.76,78.75,18.56,0.62
2026-05-19 08:00:00-06:00,489.0,891.81,98.55,22.57,0.76
2026-05-19 09:00:00-06:00,685.55,862.89,132.55,24.67,1.17
2026-05-19 10:00:00-06:00,845.7,877.37,137.05,26.63,1.45
2026-05-19 11:00:00-06:00,916.8,830.38,147.1,28.52,1.52
2026-05-19 12:00:00-06:00,936.45,785.32,158.65,30.11,1.52
2026-05-19 13:00:00-06:00,952.05,819.27,137.8,31.68,1.72
2026-05-19 14:00:00-06:00,848.35,711.87,181.3,32.76,2.0
2026-05-19 15:00:00-06:00,689.4,675.29,133.1,33.19,1.86
2026-05-19 16:00:00-06:00,457.3,489.77,133.15,33.14,1.86
2026-05-19 17:00:00-06:00,222.45,283.95,91.2,32.53,1.86
2026-05-19 18:00:00-06:00,57.55,120.56,28.65,30.51,1.86
2026-05-19 19:00:00-06:00,0.0,0.0,0.0,27.55,1.86
2026-05-19 20:00:00-06:00,0.0,0.0,0.0,25.49,1.59
2026-05-19 21:00:00-06:00,0.0,0.0,0.0,24.6,1.17
2026-05-19 22:00:00-06:00,0.0,0.0,0.0,23.4,1.17
2026-05-19 23:00:00-06:00,0.0,0.0,0.0,22.38,1.66
2026-05-20 00:00:00-06:00,0.0,0.0,0.0,21.32,1.86
2026-05-20 01:00:00-06:00,0.0,0.0,0.0,20.92,1.24
2026-05-20 02:00:00-06:00,0.0,0.0,0.0,19.97,1.38
2026-05-20 03:00:00-06:00,0.0,0.0,0.0,19.54,1.38
2026-05-20 04:00:00-06:00,0.0,0.0,0.0,18.87,1.45
2026-05-20 05:00:00-06:00,0.0,0.0,0.0,18.65,1.38
2026-05-20 06:00:00-06:00,0.0,0.0,0.0,17.87,1.45
2026-05-20 07:00:00-06:00,267.75,927.48,70.05,18.46,1.03
2026-05-20 08:00:00-06:00,496.0,909.72,97.25,22.37,0.07
2026-05-20 09:00:00-06:00,709.6,924.93,116.6,24.54,0.69
2026-05-20 10:00:00-06:00,892.2,958.13,118.25,26.5,1.1
2026-05-20 11:00:00-06:00,999.9,929.63,138.25,28.3,0.97
2026-05-20 12:00:00-06:00,996.95,862.53,142.75,29.99,0.9
2026-05-20 13:00:00-06:00,961.2,802.34,163.8,31.82,1.1
2026-05-20 14:00:00-06:00,854.5,763.08,139.4,32.78,1.17
2026-05-20 15:00:00-06:00,681.9,671.61,128.45,33.3,1.1
2026-05-20 16:00:00-06:00,470.05,515.8,128.4,33.32,1.17
2026-05-20 17:00:00-06:00,208.9,277.07,80.6,32.5,1.38
2026-05-20 18:00:00-06:00,57.1,128.92,26.05,31.03,2.34
2026-05-20 19:00:00-06:00,0.0,0.0,0.0,27.97,1.66
2026-05-20 20:00:00-06:00,0.0,0.0,0.0,25.59,1.24
2026-05-20 21:00:00-06:00,0.0,0.0,0.0,24.2,1.24
2026-05-20 22:00:00-06:00,0.0,0.0,0.0,23.15,1.31
2026-05-20 23:00:00-06:00,0.0,0.0,0.0,22.11,1.45
2026-05-21 00:00:00-06:00,0.0,0.0,0.0,20.46,1.31
2026-05-21 01:00:00-06:00,0.0,0.0,0.0,19.43,0.83
2026-05-21 02:00:00-06:00,0.0,0.0,0.0,18.96,0.83
2026-05-21 03:00:00-06:00,0.0,0.0,0.0,17.84,1.1
2026-05-21 04:00:00-06:00,0.0,0.0,0.0,17.37,1.17
2026-05-21 05:00:00-06:00,0.0,0.0,0.0,17.12,1.1
2026-05-21 06:00:00-06:00,0.0,0.0,0.0,16.37,1.24
2026-05-21 07:00:00-06:00,254.95,847.18,73.75,18.02,0.83
2026-05-21 08:00:00-06:00,468.5,832.56,103.2,21.56,0.21
2026-05-21 09:00:00-06:00,667.1,847.29,123.7,23.87,0.48
2026-05-21 10:00:00-06:00,683.55,640.69,166.0,25.46,0.9
2026-05-21 11:00:00-06:00,839.7,752.53,142.25,26.75,1.03
2026-05-21 12:00:00-06:00,886.9,736.43,157.65,28.17,1.24
2026-05-21 13:00:00-06:00,923.05,750.51,177.2,29.15,1.79
2026-05-21 14:00:00-06:00,851.15,763.49,135.6,28.57,1.24
2026-05-21 15:00:00-06:00,584.85,560.74,122.6,29.16,1.59
2026-05-21 16:00:00-06:00,384.9,378.25,134.15,27.87,1.93
2026-05-21 17:00:00-06:00,213.4,293.39,77.3,27.44,1.03
2026-05-21 18:00:00-06:00,68.95,173.56,26.95,26.89,0.9
2026-05-21 19:00:00-06:00,0.0,0.0,0.0,25.77,0.21
2026-05-21 20:00:00-06:00,0.0,0.0,0.0,24.16,0.69
2026-05-21 21:00:00-06:00,0.0,0.0,0.0,22.33,1.72
2026-05-21 22:00:00-06:00,0.0,0.0,0.0,19.91,2.0
2026-05-21 23:00:00-06:00,0.0,0.0,0.0,18.37,1.86
2026-05-22 00:00:00-06:00,0.0,0.0,0.0,17.29,1.45
2026-05-22 01:00:00-06:00,0.0,0.0,0.0,17.67,1.79
2026-05-22 02:00:00-06:00,0.0,0.0,0.0,17.11,1.66
2026-05-22 03:00:00-06:00,0.0,0.0,0.0,16.39,1.59
2026-05-22 04:00:00-06:00,0.0,0.0,0.0,15.9,1.52
2026-05-22 05:00:00-06:00,0.0,0.0,0.0,15.27,1.45
2026-05-22 06:00:00-06:00,0.0,0.0,0.0,15.09,1.38
2026-05-22 07:00:00-06:00,222.2,738.75,63.7,16.36,1.03
2026-05-22 08:00:00-06:00,448.55,775.23,108.1,20.57,0.21
2026-05-22 09:00:00-06:00,556.15,657.2,134.55,22.47,0.62
2026-05-22 10:00:00-06:00,763.6,734.53,170.25,23.97,0.83
2026-05-22 11:00:00-06:00,857.25,772.41,141.45,25.7,1.1
2026-05-22 12:00:00-06:00,901.35,741.97,166.7,27.13,1.24
2026-05-22 13:00:00-06:00,1005.6,888.41,122.75,28.13,1.17
2026-05-22 14:00:00-06:00,866.6,788.06,127.95,29.27,1.24
2026-05-22 15:00:00-06:00,678.35,657.55,136.1,29.59,1.38
2026-05-22 16:00:00-06:00,440.6,494.75,112.35,28.89,1.38
2026-05-22 17:00:00-06:00,287.05,460.16,73.2,28.24,1.38
2026-05-22 18:00:00-06:00,52.65,124.62,22.35,27.16,1.72
2026-05-22 19:00:00-06:00,0.0,0.0,0.0,25.57,1.72
2026-05-22 20:00:00-06:00,0.0,0.0,0.0,24.32,0.62
2026-05-22 21:00:00-06:00,0.0,0.0,0.0,22.76,0.97
2026-05-22 22:00:00-06:00,0.0,0.0,0.0,22.2,1.31
2026-05-22 23:00:00-06:00,0.0,0.0,0.0,20.8,0.97
2026-05-23 00:00:00-06:00,0.0,0.0,0.0,20.16,0.9
2026-05-23 01:00:00-06:00,0.0,0.0,0.0,20.3,0.76
2026-05-23 02:00:00-06:00,0.0,0.0,0.0,21.28,0.55
2026-05-23 03:00:00-06:00,0.0,0.0,0.0,20.91,0.69
2026-05-23 04:00:00-06:00,0.0,0.0,0.0,19.39,0.97
2026-05-23 05:00:00-06:00,0.0,0.0,0.0,18.08,1.17
2026-05-23 06:00:00-06:00,0.0,0.0,0.0,17.14,1.17
2026-05-23 07:00:00-06:00,240.5,738.77,81.55,18.01,0.55
2026-05-23 08:00:00-06:00,457.85,782.83,113.8,21.45,0.48
2026-05-23 09:00:00-06:00,633.0,797.35,121.4,23.14,0.97
2026-05-23 10:00:00-06:00,769.7,736.6,174.7,24.62,1.1
2026-05-23 11:00:00-06:00,842.1,752.71,144.65,26.21,1.31
2026-05-23 12:00:00-06:00,854.7,686.71,174.85,27.13,1.38
2026-05-23 13:00:00-06:00,824.8,617.75,210.95,28.52,1.52
2026-05-23 14:00:00-06:00,860.05,769.37,138.85,29.3,1.52
2026-05-23 15:00:00-06:00,637.2,619.86,125.85,30.12,1.52
2026-05-23 16:00:00-06:00,441.5,518.43,97.25,29.89,1.24
2026-05-23 17:00:00-06:00,211.05,296.08,73.2,29.07,0.97
2026-05-23 18:00:00-06:00,65.75,135.7,32.6,27.24,0.55
2026-05-23 19:00:00-06:00,0.05,0.0,0.05,26.39,0.9
2026-05-23 20:00:00-06:00,0.0,0.0,0.0,25.09,1.03
2026-05-23 21:00:00-06:00,0.0,0.0,0.0,23.68,1.24
2026-05-23 22:00:00-06:00,0.0,0.0,0.0,22.5,1.38
2026-05-23 23:00:00-06:00,0.0,0.0,0.0,21.33,1.24
2026-05-24 00:00:00-06:00,0.0,0.0,0.0,20.98,1.03
2026-05-24 01:00:00-06:00,0.0,0.0,0.0,20.15,1.03
2026-05-24 02:00:00-06:00,0.0,0.0,0.0,19.19,1.24
2026-05-24 03:00:00-06:00,0.0,0.0,0.0,18.33,1.24
2026-05-24 04:00:00-06:00,0.0,0.0,0.0,17.75,1.1
2026-05-24 05:00:00-06:00,0.0,0.0,0.0,17.43,1.03
2026-05-24 06:00:00-06:00,0.0,0.0,0.0,17.15,0.97
2026-05-24 07:00:00-06:00,272.45,929.08,72.05,18.59,0.55
2026-05-24 08:00:00-06:00,501.3,922.73,95.5,21.72,0.55
2026-05-24 09:00:00-06:00,726.5,971.4,103.15,23.7,1.17
2026-05-24 10:00:00-06:00,857.65,880.66,146.35,25.64,1.59
2026-05-24 11:00:00-06:00,986.35,911.6,141.8,27.26,1.79
2026-05-24 12:00:00-06:00,1013.9,880.17,142.65,28.93,1.72
2026-05-24 13:00:00-06:00,920.35,774.48,150.8,30.29,1.79
2026-05-24 14:00:00-06:00,816.45,708.12,152.6,30.97,1.72
2026-05-24 15:00:00-06:00,646.15,636.65,120.75,31.23,1.79
2026-05-24 16:00:00-06:00,441.2,457.13,137.4,30.49,1.17
2026-05-24 17:00:00-06:00,239.65,325.23,87.95,30.09,0.9
2026-05-24 18:00:00-06:00,54.2,99.61,29.75,27.69,1.66
2026-05-24 19:00:00-06:00,0.05,0.0,0.05,26.59,1.1
2026-05-24 20:00:00-06:00,0.0,0.0,0.0,25.3,1.03
2026-05-24 21:00:00-06:00,0.0,0.0,0.0,23.82,1.03
2026-05-24 22:00:00-06:00,0.0,0.0,0.0,22.45,1.1
2026-05-24 23:00:00-06:00,0.0,0.0,0.0,21.11,1.03
2026-05-25 00:00:00-06:00,0.0,0.0,0.0,20.7,0.9
2026-05-25 01:00:00-06:00,0.0,0.0,0.0,20.83,1.1
2026-05-25 02:00:00-06:00,0.0,0.0,0.0,19.29,1.31
2026-05-25 03:00:00-06:00,0.0,0.0,0.0,18.36,1.31
2026-05-25 04:00:00-06:00,0.0,0.0,0.0,17.6,1.31
2026-05-25 05:00:00-06:00,0.0,0.0,0.0,16.93,1.31
2026-05-25 06:00:00-06:00,0.0,0.0,0.0,16.36,1.31
2026-05-25 07:00:00-06:00,272.9,935.34,70.7,17.34,0.9
2026-05-25 08:00:00-06:00,507.8,941.78,93.4,22.36,0.0
2026-05-25 09:00:00-06:00,721.65,956.16,108.05,24.66,0.83
2026-05-25 10:00:00-06:00,876.8,930.92,125.0,26.84,1.24
2026-05-25 11:00:00-06:00,945.95,870.47,139.65,28.69,1.52
2026-05-25 12:00:00-06:00,1005.05,876.16,137.9,30.18,1.66
2026-05-25 13:00:00-06:00,956.2,806.69,154.7,31.95,2.0
2026-05-25 14:00:00-06:00,819.95,717.54,147.2,32.67,1.93
2026-05-25 15:00:00-06:00,675.75,675.17,118.35,32.68,1.79
2026-05-25 16:00:00-06:00,482.2,570.24,102.9,32.8,1.72
2026-05-25 17:00:00-06:00,257.4,378.67,80.45,32.43,1.79
2026-05-25 18:00:00-06:00,68.55,156.52,29.95,31.54,1.45
2026-05-25 19:00:00-06:00,0.05,0.0,0.05,30.4,0.55
2026-05-25 20:00:00-06:00,0.0,0.0,0.0,28.44,0.83
2026-05-25 21:00:00-06:00,0.0,0.0,0.0,25.87,0.48
2026-05-25 22:00:00-06:00,0.0,0.0,0.0,25.03,0.48
2026-05-25 23:00:00-06:00,0.0,0.0,0.0,23.2,0.97
2026-05-26 00:00:00-06:00,0.0,0.0,0.0,21.58,1.17
2026-05-26 01:00:00-06:00,0.0,0.0,0.0,23.83,0.9
2026-05-26 02:00:00-06:00,0.0,0.0,0.0,22.04,0.97
2026-05-26 03:00:00-06:00,0.0,0.0,0.0,20.81,0.97
2026-05-26 04:00:00-06:00,0.0,0.0,0.0,19.97,0.9
2026-05-26 05:00:00-06:00,0.0,0.0,0.0,19.08,0.97
2026-05-26 06:00:00-06:00,0.0,0.0,0.0,18.05,1.1
2026-05-26 07:00:00-06:00,270.95,921.28,71.4,19.0,0.76
2026-05-26 08:00:00-06:00,504.6,931.85,94.4,23.37,0.28
2026-05-26 09:00:00-06:00,714.65,941.29,110.6,25.59,1.03
2026-05-26 10:00:00-06:00,886.85,948.53,120.95,27.57,1.45
2026-05-26 11:00:00-06:00,921.8,830.91,152.3,29.47,1.59
2026-05-26 12:00:00-06:00,1030.75,886.87,153.15,30.88,1.66
2026-05-26 13:00:00-06:00,955.7,819.08,141.95,32.38,1.93
2026-05-26 14:00:00-06:00,748.4,594.93,190.55,33.04,1.86
2026-05-26 15:00:00-06:00,670.45,675.7,112.4,32.59,1.03
2026-05-26 16:00:00-06:00,441.6,474.73,125.55,32.53,0.97
2026-05-26 17:00:00-06:00,218.8,293.38,81.45,31.95,1.24
2026-05-26 18:00:00-06:00,64.1,156.6,25.3,30.92,1.45
2026-05-26 19:00:00-06:00,0.05,0.0,0.05,29.51,1.59
2026-05-26 20:00:00-06:00,0.0,0.0,0.0,28.18,1.66
2026-05-26 21:00:00-06:00,0.0,0.0,0.0,26.74,1.72
2026-05-26 22:00:00-06:00,0.0,0.0,0.0,25.41,1.66
2026-05-26 23:00:00-06:00,0.0,0.0,0.0,24.31,1.52
2026-05-27 00:00:00-06:00,0.0,0.0,0.0,23.55,1.59
2026-05-27 01:00:00-06:00,0.0,0.0,0.0,22.51,1.45
2026-05-27 02:00:00-06:00,0.0,0.0,0.0,21.81,1.45
2026-05-27 03:00:00-06:00,0.0,0.0,0.0,21.13,1.31
2026-05-27 04:00:00-06:00,0.0,0.0,0.0,20.75,1.24
2026-05-27 05:00:00-06:00,0.0,0.0,0.0,20.6,1.17
2026-05-27 06:00:00-06:00,0.0,0.0,0.0,20.3,1.1
2026-05-27 07:00:00-06:00,235.7,692.51,85.45,20.97,0.76
2026-05-27 08:00:00-06:00,466.8,811.32,109.55,24.11,0.69
2026-05-27 09:00:00-06:00,675.75,856.34,126.25,25.85,1.31
2026-05-27 10:00:00-06:00,813.7,804.04,164.6,27.55,1.31
2026-05-27 11:00:00-06:00,891.1,805.28,145.5,29.02,1.24
2026-05-27 12:00:00-06:00,887.6,708.28,186.85,30.3,1.24
2026-05-27 13:00:00-06:00,791.35,594.76,200.5,31.26,1.24
2026-05-27 14:00:00-06:00,770.65,647.7,163.25,31.52,1.52
2026-05-27 15:00:00-06:00,500.05,433.12,142.2,31.99,1.03
2026-05-27 16:00:00-06:00,261.0,175.14,144.3,30.2,1.24
2026-05-27 17:00:00-06:00,147.05,115.98,92.65,29.35,0.34
2026-05-27 18:00:00-06:00,27.3,24.91,21.1,28.08,1.59
2026-05-27 19:00:00-06:00,0.05,0.0,0.05,25.93,0.55
2026-05-27 20:00:00-06:00,0.0,0.0,0.0,24.34,1.52
2026-05-27 21:00:00-06:00,0.0,0.0,0.0,23.56,1.17
2026-05-27 22:00:00-06:00,0.0,0.0,0.0,23.16,0.97
2026-05-27 23:00:00-06:00,0.0,0.0,0.0,21.91,1.17
2026-05-28 00:00:00-06:00,0.0,0.0,0.0,21.14,0.55
2026-05-28 01:00:00-06:00,0.0,0.0,0.0,20.02,0.69
2026-05-28 02:00:00-06:00,0.0,0.0,0.0,19.73,0.69
2026-05-28 03:00:00-06:00,0.0,0.0,0.0,18.21,1.17
2026-05-28 04:00:00-06:00,0.0,0.0,0.0,17.76,1.24
2026-05-28 05:00:00-06:00,0.0,0.0,0.0,17.38,1.24
2026-05-28 06:00:00-06:00,0.0,0.0,0.0,17.09,1.17
2026-05-28 07:00:00-06:00,229.85,695.22,78.8,18.81,0.76
2026-05-28 08:00:00-06:00,468.8,803.9,114.75,22.45,0.21
2026-05-28 09:00:00-06:00,647.5,812.5,126.2,24.5,0.41
2026-05-28 10:00:00-06:00,833.25,856.76,141.75,26.42,0.83
2026-05-28 11:00:00-06:00,939.75,848.8,154.05,28.35,1.17
2026-05-28 12:00:00-06:00,971.05,790.04,189.55,30.04,1.38
2026-05-28 13:00:00-06:00,897.6,720.79,181.6,31.31,1.45
2026-05-28 14:00:00-06:00,818.9,712.3,150.85,32.07,1.52
2026-05-28 15:00:00-06:00,578.5,518.79,149.7,32.55,1.59
2026-05-28 16:00:00-06:00,341.65,285.19,151.45,32.26,1.59
2026-05-28 17:00:00-06:00,140.8,127.47,80.9,30.87,1.38
2026-05-28 18:00:00-06:00,22.7,2.6,22.05,27.27,2.07
2026-05-28 19:00:00-06:00,0.05,0.0,0.05,23.24,2.0
2026-05-28 20:00:00-06:00,0.0,0.0,0.0,22.82,1.24
2026-05-28 21:00:00-06:00,0.0,0.0,0.0,22.59,0.07
2026-05-28 22:00:00-06:00,0.0,0.0,0.0,21.98,0.48
2026-05-28 23:00:00-06:00,0.0,0.0,0.0,20.98,1.17
2026-05-29 00:00:00-06:00,0.0,0.0,0.0,20.42,1.17
2026-05-29 01:00:00-06:00,0.0,0.0,0.0,19.31,0.97
2026-05-29 02:00:00-06:00,0.0,0.0,0.0,19.09,1.17
2026-05-29 03:00:00-06:00,0.0,0.0,0.0,18.55,1.17
2026-05-29 04:00:00-06:00,0.0,0.0,0.0,18.13,1.1
2026-05-29 05:00:00-06:00,0.0,0.0,0.0,17.76,1.17
2026-05-29 06:00:00-06:00,0.0,0.0,0.0,17.46,1.17
2026-05-29 07:00:00-06:00,239.1,745.46,76.95,18.57,0.9
2026-05-29 08:00:00-06:00,449.0,774.55,107.85,22.17,0.48
2026-05-29 09:00:00-06:00,672.15,846.64,129.05,24.12,0.69
2026-05-29 10:00:00-06:00,835.2,870.44,132.85,26.34,1.17
2026-05-29 11:00:00-06:00,934.45,852.74,145.3,28.26,1.66
2026-05-29 12:00:00-06:00,963.25,810.97,161.2,29.77,1.72
2026-05-29 13:00:00-06:00,881.6,712.88,173.5,31.09,1.79
2026-05-29 14:00:00-06:00,806.25,710.61,139.7,31.79,1.72
2026-05-29 15:00:00-06:00,626.5,590.05,138.6,32.04,1.66
2026-05-29 16:00:00-06:00,433.4,470.84,119.1,31.85,2.0
2026-05-29 17:00:00-06:00,204.35,247.03,88.05,31.46,2.07
2026-05-29 18:00:00-06:00,61.55,135.14,27.6,30.55,2.0
2026-05-29 19:00:00-06:00,0.15,0.0,0.15,29.19,1.86
2026-05-29 20:00:00-06:00,0.0,0.0,0.0,27.65,1.66
2026-05-29 21:00:00-06:00,0.0,0.0,0.0,25.69,1.31
2026-05-29 22:00:00-06:00,0.0,0.0,0.0,25.0,1.45
2026-05-29 23:00:00-06:00,0.0,0.0,0.0,23.64,1.52
2026-05-30 00:00:00-06:00,0.0,0.0,0.0,22.42,1.24
2026-05-30 01:00:00-06:00,0.0,0.0,0.0,24.13,0.62
2026-05-30 02:00:00-06:00,0.0,0.0,0.0,23.65,0.62
2026-05-30 03:00:00-06:00,0.0,0.0,0.0,22.02,0.9
2026-05-30 04:00:00-06:00,0.0,0.0,0.0,20.72,0.9
2026-05-30 05:00:00-06:00,0.0,0.0,0.0,19.97,0.83
2026-05-30 06:00:00-06:00,0.0,0.0,0.0,19.07,0.9
2026-05-30 07:00:00-06:00,262.15,861.02,74.7,19.91,0.62
2026-05-30 08:00:00-06:00,482.15,872.31,97.95,23.12,0.34
2026-05-30 09:00:00-06:00,626.95,787.29,122.05,25.03,0.83
2026-05-30 10:00:00-06:00,855.65,905.48,125.25,26.64,0.97
2026-05-30 11:00:00-06:00,897.3,787.64,168.6,28.59,0.97
2026-05-30 12:00:00-06:00,831.25,659.38,179.25,29.94,1.03
2026-05-30 13:00:00-06:00,836.9,664.46,176.95,30.9,1.59
2026-05-30 14:00:00-06:00,850.65,766.86,131.25,31.84,1.66
2026-05-30 15:00:00-06:00,700.5,691.35,128.6,32.45,1.79
2026-05-30 16:00:00-06:00,501.3,591.43,106.15,32.33,1.45
2026-05-30 17:00:00-06:00,283.6,447.98,72.3,32.0,1.17
2026-05-30 18:00:00-06:00,83.1,199.11,32.85,31.15,0.9
2026-05-30 19:00:00-06:00,0.25,0.0,0.25,30.1,0.62
2026-05-30 20:00:00-06:00,0.0,0.0,0.0,28.29,1.17
2026-05-30 21:00:00-06:00,0.0,0.0,0.0,26.34,1.38
2026-05-30 22:00:00-06:00,0.0,0.0,0.0,24.81,1.38
2026-05-30 23:00:00-06:00,0.0,0.0,0.0,23.58,1.38
2026-05-31 00:00:00-06:00,0.0,0.0,0.0,22.71,1.45
2026-05-31 01:00:00-06:00,0.0,0.0,0.0,24.48,0.55
2026-05-31 02:00:00-06:00,0.0,0.0,0.0,23.95,0.48
2026-05-31 03:00:00-06:00,0.0,0.0,0.0,23.19,0.83
2026-05-31 04:00:00-06:00,0.0,0.0,0.0,21.42,1.03
2026-05-31 05:00:00-06:00,0.0,0.0,0.0,20.37,1.17
2026-05-31 06:00:00-06:00,0.0,0.0,0.0,19.56,1.03
2026-05-31 07:00:00-06:00,272.55,923.14,71.45,20.73,0.48
2026-05-31 08:00:00-06:00,496.8,915.0,93.85,23.51,0.83
2026-05-31 09:00:00-06:00,693.0,898.82,116.75,25.26,1.31
2026-05-31 10:00:00-06:00,825.65,833.79,153.3,32.77,1.48
2026-05-31 11:00:00-06:00,820.85,679.53,192.35,31.76,1.44
2026-05-31 12:00:00-06:00,823.55,627.96,202.75,30.74,1.4
2026-05-31 13:00:00-06:00,811.8,649.95,166.3,29.73,1.36
2026-05-31 14:00:00-06:00,675.25,504.89,201.55,28.72,1.32
2026-05-31 15:00:00-06:00,561.2,508.77,140.15,27.71,1.28
2026-05-31 16:00:00-06:00,454.7,475.29,136.85,26.69,1.23
2026-05-31 17:00:00-06:00,258.7,373.29,82.3,25.68,1.19
2026-05-31 18:00:00-06:00,57.2,107.29,30.0,24.67,1.15
2026-05-31 19:00:00-06:00,0.2,0.0,0.2,23.66,1.11
2026-05-31 20:00:00-06:00,0.0,0.0,0.0,22.65,1.07
2026-05-31 21:00:00-06:00,0.0,0.0,0.0,21.63,1.03
2026-05-31 22:00:00-06:00,0.0,0.0,0.0,20.62,0.99
2026-05-31 23:00:00-06:00,0.0,0.0,0.0,19.61,0.94
2026-06-01 00:00:00-06:00,0.0,0.0,0.0,18.6,0.9
2026-06-01 01:00:00-06:00,0.0,0.0,0.0,17.58,0.86
2026-06-01 02:00:00-06:00,0.0,0.0,0.0,16.13,0.83
2026-06-01 03:00:00-06:00,0.0,0.0,0.0,15.69,0.97
2026-06-01 04:00:00-06:00,0.0,0.0,0.0,15.89,1.24
2026-06-01 05:00:00-06:00,0.0,0.0,0.0,16.16,1.38
2026-06-01 06:00:00-06:00,0.0,0.0,0.0,16.33,1.38
2026-06-01 07:00:00-06:00,238.6,712.86,83.25,17.13,1.24
2026-06-01 08:00:00-06:00,466.9,782.46,122.4,19.15,1.31
2026-06-01 09:00:00-06:00,694.85,900.62,117.65,21.04,0.55
2026-06-01 10:00:00-06:00,862.1,919.19,121.15,23.15,0.28
2026-06-01 11:00:00-06:00,970.85,926.27,114.4,24.95,0.97
2026-06-01 12:00:00-06:00,958.9,804.84,163.4,26.3,1.45
2026-06-01 13:00:00-06:00,842.35,666.76,180.2,26.9,1.24
2026-06-01 14:00:00-06:00,704.8,537.27,200.65,27.24,1.24
2026-06-01 15:00:00-06:00,533.85,447.56,163.3,27.58,1.31
2026-06-01 16:00:00-06:00,384.1,412.7,107.85,27.3,1.52
2026-06-01 17:00:00-06:00,228.2,297.19,87.5,26.91,1.66
2026-06-01 18:00:00-06:00,72.85,170.23,29.5,26.14,1.38
2026-06-01 19:00:00-06:00,0.35,0.0,0.35,25.46,0.62
2026-06-01 20:00:00-06:00,0.0,0.0,0.0,23.25,1.17
2026-06-01 21:00:00-06:00,0.0,0.0,0.0,21.77,1.59
2026-06-01 22:00:00-06:00,0.0,0.0,0.0,20.31,1.52
2026-06-01 23:00:00-06:00,0.0,0.0,0.0,19.17,1.45
2026-06-02 00:00:00-06:00,0.0,0.0,0.0,18.61,1.38
2026-06-02 01:00:00-06:00,0.0,0.0,0.0,17.83,1.17
2026-06-02 02:00:00-06:00,0.0,0.0,0.0,17.41,1.17
2026-06-02 03:00:00-06:00,0.0,0.0,0.0,17.4,1.1
2026-06-02 04:00:00-06:00,0.0,0.0,0.0,17.15,1.1
2026-06-02 05:00:00-06:00,0.0,0.0,0.0,16.81,1.17
2026-06-02 06:00:00-06:00,0.0,0.0,0.0,16.37,1.31
2026-06-02 07:00:00-06:00,241.75,767.14,74.55,17.2,0.97
2026-06-02 08:00:00-06:00,499.5,918.02,95.45,20.9,0.14
2026-06-02 09:00:00-06:00,684.35,891.39,113.3,22.91,0.69
2026-06-02 10:00:00-06:00,772.5,756.16,163.2,24.23,1.03
2026-06-02 11:00:00-06:00,805.8,610.5,241.5,25.44,1.03
2026-06-02 12:00:00-06:00,815.9,642.89,180.6,26.38,1.38
2026-06-02 13:00:00-06:00,785.9,643.94,146.45,27.03,1.38
2026-06-02 14:00:00-06:00,741.55,645.24,136.0,27.38,1.31
2026-06-02 15:00:00-06:00,557.9,511.22,134.45,27.5,1.38
2026-06-02 16:00:00-06:00,399.1,398.81,131.9,27.56,1.38
2026-06-02 17:00:00-06:00,209.65,238.23,96.65,27.22,1.31
2026-06-02 18:00:00-06:00,60.9,126.09,28.65,26.54,1.1
2026-06-02 19:00:00-06:00,0.3,0.0,0.3,24.46,0.83
2026-06-02 20:00:00-06:00,0.0,0.0,0.0,23.64,0.9
2026-06-02 21:00:00-06:00,0.0,0.0,0.0,22.41,1.24
2026-06-02 22:00:00-06:00,0.0,0.0,0.0,21.37,1.31
2026-06-02 23:00:00-06:00,0.0,0.0,0.0,20.55,1.17
2026-06-03 00:00:00-06:00,0.0,0.0,0.0,20.3,1.1
2026-06-03 01:00:00-06:00,0.0,0.0,0.0,20.0,0.97
2026-06-03 02:00:00-06:00,0.0,0.0,0.0,19.97,0.83
2026-06-03 03:00:00-06:00,0.0,0.0,0.0,19.44,1.03
2026-06-03 04:00:00-06:00,0.0,0.0,0.0,19.14,1.03
2026-06-03 05:00:00-06:00,0.0,0.0,0.0,18.89,0.97
2026-06-03 06:00:00-06:00,0.0,0.0,0.0,18.62,0.97
2026-06-03 07:00:00-06:00,236.65,725.7,78.5,18.88,0.97
2026-06-03 08:00:00-06:00,464.35,784.87,119.05,21.48,0.9
2026-06-03 09:00:00-06:00,684.15,888.83,115.0,22.91,0.34
2026-06-03 10:00:00-06:00,892.9,978.46,104.8,24.45,0.21
2026-06-03 11:00:00-06:00,971.3,907.39,132.85,26.1,0.69
2026-06-03 12:00:00-06:00,950.5,796.73,163.35,27.3,0.97
2026-06-03 13:00:00-06:00,963.7,840.77,128.85,28.08,0.9
2026-06-03 14:00:00-06:00,857.8,765.05,139.7,28.83,0.9
2026-06-03 15:00:00-06:00,656.15,660.5,108.8,29.25,0.9
2026-06-03 16:00:00-06:00,438.1,486.19,112.05,29.16,0.83
2026-06-03 17:00:00-06:00,217.3,283.45,82.6,28.59,0.9
2026-06-03 18:00:00-06:00,54.95,104.52,28.1,27.32,1.03
2026-06-03 19:00:00-06:00,0.2,0.0,0.2,25.46,1.59
2026-06-03 20:00:00-06:00,0.0,0.0,0.0,23.55,1.79
2026-06-03 21:00:00-06:00,0.0,0.0,0.0,22.2,1.17
2026-06-03 22:00:00-06:00,0.0,0.0,0.0,21.56,0.9
2026-06-03 23:00:00-06:00,0.0,0.0,0.0,21.36,1.03
2026-06-04 00:00:00-06:00,0.0,0.0,0.0,20.69,0.76
2026-06-04 01:00:00-06:00,0.0,0.0,0.0,21.04,0.21
2026-06-04 02:00:00-06:00,0.0,0.0,0.0,20.9,0.07
2026-06-04 03:00:00-06:00,0.0,0.0,0.0,20.45,0.34
2026-06-04 04:00:00-06:00,0.0,0.0,0.0,20.39,0.34
2026-06-04 05:00:00-06:00,0.0,0.0,0.0,20.41,0.21
2026-06-04 06:00:00-06:00,0.0,0.0,0.0,20.28,0.07
2026-06-04 07:00:00-06:00,155.95,338.53,82.2,20.02,0.0
2026-06-04 08:00:00-06:00,379.75,557.52,134.6,20.92,0.07
2026-06-04 09:00:00-06:00,462.9,397.65,208.4,22.47,0.21
2026-06-04 10:00:00-06:00,598.4,420.2,260.1,23.7,0.21
2026-06-04 11:00:00-06:00,837.7,654.7,232.95,25.0,0.9
2026-06-04 12:00:00-06:00,637.5,309.39,331.9,26.5,1.17
2026-06-04 13:00:00-06:00,628.25,364.08,266.75,26.56,1.17
2026-06-04 14:00:00-06:00,679.3,503.74,206.4,27.18,1.38
2026-06-04 15:00:00-06:00,499.65,376.39,187.6,27.3,1.03
2026-06-04 16:00:00-06:00,375.55,350.01,140.6,26.73,1.1
2026-06-04 17:00:00-06:00,172.55,138.73,106.5,25.88,0.83
2026-06-04 18:00:00-06:00,41.95,30.62,34.05,24.15,0.48
2026-06-04 19:00:00-06:00,0.2,0.0,0.2,22.64,0.48
2026-06-04 20:00:00-06:00,0.0,0.0,0.0,21.74,0.41
2026-06-04 21:00:00-06:00,0.0,0.0,0.0,21.08,0.34
2026-06-04 22:00:00-06:00,0.0,0.0,0.0,20.66,0.21
2026-06-04 23:00:00-06:00,0.0,0.0,0.0,20.05,0.14
2026-06-05 00:00:00-06:00,0.0,0.0,0.0,19.57,0.0
2026-06-05 01:00:00-06:00,0.0,0.0,0.0,19.37,0.28
2026-06-05 02:00:00-06:00,0.0,0.0,0.0,19.15,0.28
2026-06-05 03:00:00-06:00,0.0,0.0,0.0,18.93,0.21
2026-06-05 04:00:00-06:00,0.0,0.0,0.0,18.46,0.34
2026-06-05 05:00:00-06:00,0.0,0.0,0.0,17.89,0.48
2026-06-05 06:00:00-06:00,0.0,0.0,0.0,17.29,0.76
2026-06-05 07:00:00-06:00,212.1,617.06,77.75,18.35,0.55
2026-06-05 08:00:00-06:00,431.2,717.83,115.75,20.13,0.07
2026-06-05 09:00:00-06:00,591.3,685.59,152.75,21.91,0.28
2026-06-05 10:00:00-06:00,641.4,534.03,211.65,23.23,0.62
2026-06-05 11:00:00-06:00,731.5,583.89,192.35,24.52,1.03
2026-06-05 12:00:00-06:00,764.95,511.92,259.4,25.72,1.52
2026-06-05 13:00:00-06:00,665.55,438.59,230.1,25.81,1.52
2026-06-05 14:00:00-06:00,551.4,338.95,233.15,25.78,0.55
2026-06-05 15:00:00-06:00,312.45,146.84,190.65,26.25,0.21
2026-06-05 16:00:00-06:00,267.9,194.82,137.0,24.73,0.62
2026-06-05 17:00:00-06:00,146.3,93.29,101.8,24.28,1.17
2026-06-05 18:00:00-06:00,40.15,35.51,30.95,23.02,1.17
2026-06-05 19:00:00-06:00,0.15,0.0,0.15,21.18,0.97
2026-06-05 20:00:00-06:00,0.0,0.0,0.0,20.1,0.76
2026-06-05 21:00:00-06:00,0.0,0.0,0.0,19.52,0.41
2026-06-05 22:00:00-06:00,0.0,0.0,0.0,19.48,0.21
2026-06-05 23:00:00-06:00,0.0,0.0,0.0,19.06,0.28
2026-06-06 00:00:00-06:00,0.0,0.0,0.0,18.96,0.07
2026-06-06 01:00:00-06:00,0.0,0.0,0.0,19.52,0.28
2026-06-06 02:00:00-06:00,0.0,0.0,0.0,19.27,0.28
2026-06-06 03:00:00-06:00,0.0,0.0,0.0,18.86,0.21
2026-06-06 04:00:00-06:00,0.0,0.0,0.0,18.24,0.55
2026-06-06 05:00:00-06:00,0.0,0.0,0.0,17.88,0.48
2026-06-06 06:00:00-06:00,0.0,0.0,0.0,18.17,0.14
2026-06-06 07:00:00-06:00,142.1,283.84,80.35,18.56,0.21
2026-06-06 08:00:00-06:00,298.3,347.84,145.55,19.81,0.62
2026-06-06 09:00:00-06:00,536.6,569.07,172.8,20.77,0.76
2026-06-06 10:00:00-06:00,635.8,527.02,211.9,22.35,1.31
2026-06-06 11:00:00-06:00,772.4,551.87,263.0,23.76,1.93
2026-06-06 12:00:00-06:00,570.3,276.5,297.3,25.25,2.28
2026-06-06 13:00:00-06:00,443.45,132.2,312.2,24.91,1.03
2026-06-06 14:00:00-06:00,409.15,121.82,294.75,24.71,0.41
2026-06-06 15:00:00-06:00,295.5,29.46,271.05,24.59,0.62
2026-06-06 16:00:00-06:00,223.95,41.48,196.05,23.1,0.9
2026-06-06 17:00:00-06:00,99.95,11.09,94.65,22.75,0.21
2026-06-06 18:00:00-06:00,25.55,0.0,25.55,22.32,0.48
2026-06-06 19:00:00-06:00,0.2,0.0,0.2,21.67,0.14
2026-06-06 20:00:00-06:00,0.0,0.0,0.0,20.98,0.34
2026-06-06 21:00:00-06:00,0.0,0.0,0.0,20.23,0.34
2026-06-06 22:00:00-06:00,0.0,0.0,0.0,19.01,0.48
2026-06-06 23:00:00-06:00,0.0,0.0,0.0,18.5,0.62
2026-06-07 00:00:00-06:00,0.0,0.0,0.0,18.16,0.48
2026-06-07 01:00:00-06:00,0.0,0.0,0.0,18.57,0.21
2026-06-07 02:00:00-06:00,0.0,0.0,0.0,18.54,0.0
2026-06-07 03:00:00-06:00,0.0,0.0,0.0,18.49,0.14
2026-06-07 04:00:00-06:00,0.0,0.0,0.0,18.38,0.21
2026-06-07 05:00:00-06:00,0.0,0.0,0.0,18.25,0.14
2026-06-07 06:00:00-06:00,0.0,0.0,0.0,18.14,0.0
2026-06-07 07:00:00-06:00,90.75,125.85,63.4,18.32,0.21
2026-06-07 08:00:00-06:00,190.5,155.31,122.35,19.04,0.55
2026-06-07 09:00:00-06:00,211.7,150.5,115.55,19.69,0.9
2026-06-07 10:00:00-06:00,322.25,190.13,169.4,20.27,1.24
2026-06-07 11:00:00-06:00,343.3,130.65,222.75,20.13,1.24
2026-06-07 12:00:00-06:00,614.65,350.97,268.2,20.12,0.83
2026-06-07 13:00:00-06:00,648.85,364.99,286.5,22.92,1.38
2026-06-07 14:00:00-06:00,553.0,249.72,318.45,24.41,1.52
2026-06-07 15:00:00-06:00,457.85,177.17,310.75,24.12,1.38
2026-06-07 16:00:00-06:00,213.3,21.17,199.05,23.67,0.69
2026-06-07 17:00:00-06:00,80.3,11.07,75.0,21.91,0.55
2026-06-07 18:00:00-06:00,23.7,0.0,23.7,21.44,0.55
2026-06-07 19:00:00-06:00,0.2,0.0,0.2,20.86,0.21
2026-06-07 20:00:00-06:00,0.0,0.0,0.0,20.32,0.83
2026-06-07 21:00:00-06:00,0.0,0.0,0.0,19.77,0.69
2026-06-07 22:00:00-06:00,0.0,0.0,0.0,19.33,0.62
2026-06-07 23:00:00-06:00,0.0,0.0,0.0,18.92,0.41
2026-06-08 00:00:00-06:00,0.0,0.0,0.0,18.54,0.28
2026-06-08 01:00:00-06:00,0.0,0.0,0.0,18.49,0.55
2026-06-08 02:00:00-06:00,0.0,0.0,0.0,18.51,0.48
2026-06-08 03:00:00-06:00,0.0,0.0,0.0,18.54,0.28
2026-06-08 04:00:00-06:00,0.0,0.0,0.0,18.49,0.34
2026-06-08 05:00:00-06:00,0.0,0.0,0.0,18.41,0.41
2026-06-08 06:00:00-06:00,0.0,0.0,0.0,18.18,0.62
2026-06-08 07:00:00-06:00,166.2,378.25,84.1,18.62,0.41
2026-06-08 08:00:00-06:00,324.2,322.07,183.0,19.73,0.55
2026-06-08 09:00:00-06:00,488.5,343.17,269.4,20.61,0.41
2026-06-08 10:00:00-06:00,544.3,267.82,329.1,21.85,0.21
2026-06-08 11:00:00-06:00,622.25,335.71,312.6,22.9,0.41
2026-06-08 12:00:00-06:00,841.9,564.44,284.85,23.97,0.62
2026-06-08 13:00:00-06:00,755.35,500.79,258.2,25.58,1.66
2026-06-08 14:00:00-06:00,737.35,484.81,281.9,25.6,0.55
2026-06-08 15:00:00-06:00,383.75,215.85,204.45,26.04,0.9
2026-06-08 16:00:00-06:00,223.5,73.61,173.9,25.49,0.97
2026-06-08 17:00:00-06:00,104.5,17.62,96.05,24.93,0.9
2026-06-08 18:00:00-06:00,32.85,18.68,27.95,24.25,1.24
2026-06-08 19:00:00-06:00,0.3,0.0,0.3,22.92,1.1
2026-06-08 20:00:00-06:00,0.0,0.0,0.0,21.58,0.62
2026-06-08 21:00:00-06:00,0.0,0.0,0.0,20.48,1.17
2026-06-08 22:00:00-06:00,0.0,0.0,0.0,20.9,0.28
2026-06-08 23:00:00-06:00,0.0,0.0,0.0,20.61,0.34
2026-06-09 00:00:00-06:00,0.0,0.0,0.0,20.16,0.34
2026-06-09 01:00:00-06:00,0.0,0.0,0.0,19.28,0.83
2026-06-09 02:00:00-06:00,0.0,0.0,0.0,19.03,0.76
2026-06-09 03:00:00-06:00,0.0,0.0,0.0,19.59,0.41
2026-06-09 04:00:00-06:00,0.0,0.0,0.0,19.4,0.28
2026-06-09 05:00:00-06:00,0.0,0.0,0.0,18.91,0.41
2026-06-09 06:00:00-06:00,0.0,0.0,0.0,18.3,0.62
2026-06-09 07:00:00-06:00,206.05,544.44,88.05,18.26,0.69
2026-06-09 08:00:00-06:00,353.15,512.32,128.75,20.24,0.41
2026-06-09 09:00:00-06:00,588.9,662.54,166.2,21.56,0.41
2026-06-09 10:00:00-06:00,601.7,543.96,164.85,23.11,0.83
2026-06-09 11:00:00-06:00,808.9,655.35,204.65,23.66,1.31
2026-06-09 12:00:00-06:00,793.0,559.85,240.6,24.74,1.66
2026-06-09 13:00:00-06:00,778.45,573.49,209.15,25.02,1.17
2026-06-09 14:00:00-06:00,638.45,450.82,214.85,25.79,0.41
2026-06-09 15:00:00-06:00,541.9,419.99,192.85,25.78,0.55
2026-06-09 16:00:00-06:00,294.15,182.21,171.25,25.93,1.17
2026-06-09 17:00:00-06:00,124.4,72.21,89.7,24.02,1.31
2026-06-09 18:00:00-06:00,44.45,13.1,41.0,23.21,0.83
2026-06-09 19:00:00-06:00,0.5,0.0,0.5,22.43,0.69
2026-06-09 20:00:00-06:00,0.0,0.0,0.0,21.91,0.21
2026-06-09 21:00:00-06:00,0.0,0.0,0.0,21.54,0.14
2026-06-09 22:00:00-06:00,0.0,0.0,0.0,21.3,0.21
2026-06-09 23:00:00-06:00,0.0,0.0,0.0,20.81,0.21
2026-06-10 00:00:00-06:00,0.0,0.0,0.0,19.84,0.62
2026-06-10 01:00:00-06:00,0.0,0.0,0.0,18.67,0.83
2026-06-10 02:00:00-06:00,0.0,0.0,0.0,18.66,0.69
2026-06-10 03:00:00-06:00,0.0,0.0,0.0,18.5,0.76
2026-06-10 04:00:00-06:00,0.0,0.0,0.0,18.26,0.55
2026-06-10 05:00:00-06:00,0.0,0.0,0.0,18.62,0.07
2026-06-10 06:00:00-06:00,0.0,0.0,0.0,18.38,0.41
2026-06-10 07:00:00-06:00,98.7,62.39,85.2,18.75,0.34
2026-06-10 08:00:00-06:00,165.1,30.17,151.9,19.08,0.28
2026-06-10 09:00:00-06:00,312.25,118.04,237.0,19.68,0.21
2026-06-10 10:00:00-06:00,502.7,220.52,325.7,20.89,0.34
2026-06-10 11:00:00-06:00,546.7,198.93,363.35,22.33,0.62
2026-06-10 12:00:00-06:00,630.45,180.13,452.75,23.08,0.69
2026-06-10 13:00:00-06:00,692.4,347.65,347.3,24.63,0.69
2026-06-10 14:00:00-06:00,588.3,326.5,281.45,25.2,0.62
2026-06-10 15:00:00-06:00,461.8,192.72,301.55,25.27,0.55
2026-06-10 16:00:00-06:00,176.7,32.59,154.7,25.0,0.55
2026-06-10 17:00:00-06:00,121.55,12.05,115.75,24.23,1.1
2026-06-10 18:00:00-06:00,34.8,3.4,33.9,23.73,1.03
2026-06-10 19:00:00-06:00,0.45,0.0,0.45,22.81,0.9
2026-06-10 20:00:00-06:00,0.0,0.0,0.0,21.68,0.9
2026-06-10 21:00:00-06:00,0.0,0.0,0.0,20.39,0.97
2026-06-10 22:00:00-06:00,0.0,0.0,0.0,19.74,0.83
2026-06-10 23:00:00-06:00,0.0,0.0,0.0,19.34,0.76
2026-06-11 00:00:00-06:00,0.0,0.0,0.0,19.31,0.48
2026-06-11 01:00:00-06:00,0.0,0.0,0.0,18.4,0.62
2026-06-11 02:00:00-06:00,0.0,0.0,0.0,17.94,1.03
2026-06-11 03:00:00-06:00,0.0,0.0,0.0,18.09,1.24
2026-06-11 04:00:00-06:00,0.0,0.0,0.0,17.91,1.24
2026-06-11 05:00:00-06:00,0.0,0.0,0.0,17.84,0.97
2026-06-11 06:00:00-06:00,0.0,0.0,0.0,17.89,0.83
2026-06-11 07:00:00-06:00,63.5,24.54,58.2,18.05,0.41
2026-06-11 08:00:00-06:00,130.95,75.73,97.85,18.79,0.0
2026-06-11 09:00:00-06:00,253.85,122.37,175.9,19.14,0.34
2026-06-11 10:00:00-06:00,416.95,247.51,218.4,19.44,0.76
2026-06-11 11:00:00-06:00,464.65,197.16,283.0,20.34,0.83
2026-06-11 12:00:00-06:00,656.75,359.38,302.3,21.54,0.69
2026-06-11 13:00:00-06:00,762.55,563.59,203.1,24.25,1.1
2026-06-11 14:00:00-06:00,751.95,648.65,142.2,25.09,1.03
2026-06-11 15:00:00-06:00,700.85,676.06,138.4,25.08,0.76
2026-06-11 16:00:00-06:00,479.95,570.65,94.3,25.23,0.62
2026-06-11 17:00:00-06:00,211.85,269.37,81.95,25.11,0.62
2026-06-11 18:00:00-06:00,57.05,91.54,32.75,24.57,0.69
2026-06-11 19:00:00-06:00,0.65,0.0,0.65,23.55,0.34
2026-06-11 20:00:00-06:00,0.0,0.0,0.0,22.1,0.76
2026-06-11 21:00:00-06:00,0.0,0.0,0.0,21.21,1.17
2026-06-11 22:00:00-06:00,0.0,0.0,0.0,20.34,1.1
2026-06-11 23:00:00-06:00,0.0,0.0,0.0,19.82,0.76
2026-06-12 00:00:00-06:00,0.0,0.0,0.0,20.27,0.14
2026-06-12 01:00:00-06:00,0.0,0.0,0.0,20.35,0.62
2026-06-12 02:00:00-06:00,0.0,0.0,0.0,19.1,0.9
2026-06-12 03:00:00-06:00,0.0,0.0,0.0,18.9,0.9
2026-06-12 04:00:00-06:00,0.0,0.0,0.0,18.77,0.83
2026-06-12 05:00:00-06:00,0.0,0.0,0.0,18.8,0.76
2026-06-12 06:00:00-06:00,0.0,0.0,0.0,18.74,0.69
2026-06-12 07:00:00-06:00,220.45,654.0,79.5,19.42,0.48
2026-06-12 08:00:00-06:00,450.95,778.7,111.0,21.11,0.34
2026-06-12 09:00:00-06:00,641.7,816.02,122.3,22.47,0.14
2026-06-12 10:00:00-06:00,747.6,686.65,197.1,23.95,0.9
2026-06-12 11:00:00-06:00,878.7,776.91,163.2,25.01,1.45
2026-06-12 12:00:00-06:00,845.5,663.94,190.8,25.93,1.66
2026-06-12 13:00:00-06:00,794.05,612.4,186.15,26.44,1.66
2026-06-12 14:00:00-06:00,716.95,571.93,179.2,26.47,1.31
2026-06-12 15:00:00-06:00,610.5,542.12,159.25,25.88,0.07
2026-06-12 16:00:00-06:00,397.6,380.43,140.25,26.35,0.9
2026-06-12 17:00:00-06:00,197.15,227.59,87.2,25.92,0.76
2026-06-12 18:00:00-06:00,67.05,107.14,38.5,25.2,1.45
2026-06-12 19:00:00-06:00,0.75,0.0,0.75,23.63,0.97
2026-06-12 20:00:00-06:00,0.0,0.0,0.0,22.72,0.28
2026-06-12 21:00:00-06:00,0.0,0.0,0.0,20.74,1.66
2026-06-12 22:00:00-06:00,0.0,0.0,0.0,19.37,1.31
2026-06-12 23:00:00-06:00,0.0,0.0,0.0,19.33,0.55
2026-06-13 00:00:00-06:00,0.0,0.0,0.0,18.63,1.31
2026-06-13 01:00:00-06:00,0.0,0.0,0.0,18.43,0.97
2026-06-13 02:00:00-06:00,0.0,0.0,0.0,18.37,0.48
2026-06-13 03:00:00-06:00,0.0,0.0,0.0,18.49,0.34
2026-06-13 04:00:00-06:00,0.0,0.0,0.0,18.35,0.28
2026-06-13 05:00:00-06:00,0.0,0.0,0.0,18.26,0.21
2026-06-13 06:00:00-06:00,0.0,0.0,0.0,18.37,0.07
2026-06-13 07:00:00-06:00,134.2,236.48,83.35,18.66,0.28
2026-06-13 08:00:00-06:00,284.45,369.82,123.2,19.36,0.28
2026-06-13 09:00:00-06:00,446.7,401.28,191.5,20.39,0.34
2026-06-13 10:00:00-06:00,731.3,594.7,254.8,21.86,0.69
2026-06-13 11:00:00-06:00,803.95,663.64,193.0,23.95,1.03
2026-06-13 12:00:00-06:00,917.6,758.51,169.8,25.48,1.52
2026-06-13 13:00:00-06:00,924.95,746.53,183.9,26.55,1.31
2026-06-13 14:00:00-06:00,876.45,783.72,139.4,27.28,1.45
2026-06-13 15:00:00-06:00,730.25,736.17,117.15,27.72,1.24
2026-06-13 16:00:00-06:00,431.9,466.16,116.25,27.27,0.9
2026-06-13 17:00:00-06:00,246.2,341.88,80.75,27.05,0.83
2026-06-13 18:00:00-06:00,75.55,128.06,41.3,26.26,0.9
2026-06-13 19:00:00-06:00,0.85,0.0,0.85,25.16,0.14
2026-06-13 20:00:00-06:00,0.0,0.0,0.0,24.13,0.14
2026-06-13 21:00:00-06:00,0.0,0.0,0.0,22.51,1.1
2026-06-13 22:00:00-06:00,0.0,0.0,0.0,21.53,1.03
2026-06-13 23:00:00-06:00,0.0,0.0,0.0,20.32,1.31
2026-06-14 00:00:00-06:00,0.0,0.0,0.0,19.01,1.38
2026-06-14 01:00:00-06:00,0.0,0.0,0.0,17.74,0.9
2026-06-14 02:00:00-06:00,0.0,0.0,0.0,16.91,1.03
2026-06-14 03:00:00-06:00,0.0,0.0,0.0,16.57,0.83
2026-06-14 04:00:00-06:00,0.0,0.0,0.0,16.98,0.76
2026-06-14 05:00:00-06:00,0.0,0.0,0.0,17.24,0.48
2026-06-14 06:00:00-06:00,0.0,0.0,0.0,16.71,0.76
2026-06-14 07:00:00-06:00,198.0,578.09,74.0,17.98,0.69
2026-06-14 08:00:00-06:00,412.9,709.84,103.8,19.97,0.55
2026-06-14 09:00:00-06:00,614.25,755.89,133.95,21.82,0.41
2026-06-14 10:00:00-06:00,806.85,831.89,140.7,23.26,0.62
2026-06-14 11:00:00-06:00,855.85,780.56,137.55,25.04,1.17
2026-06-14 12:00:00-06:00,879.6,715.54,174.3,26.05,1.45
2026-06-14 13:00:00-06:00,833.0,668.76,169.15,27.0,1.59
2026-06-14 14:00:00-06:00,802.0,672.02,169.85,27.32,1.38
2026-06-14 15:00:00-06:00,627.45,599.68,127.75,27.58,1.38
2026-06-14 16:00:00-06:00,461.65,525.25,105.65,26.27,0.28
2026-06-14 17:00:00-06:00,203.9,231.13,91.85,25.92,0.21
2026-06-14 18:00:00-06:00,67.9,105.81,39.5,25.04,0.34
2026-06-14 19:00:00-06:00,0.85,0.0,0.85,23.84,0.83
2026-06-14 20:00:00-06:00,0.0,0.0,0.0,22.47,0.9
2026-06-14 21:00:00-06:00,0.0,0.0,0.0,21.88,1.24
2026-06-14 22:00:00-06:00,0.0,0.0,0.0,20.87,1.1
2026-06-14 23:00:00-06:00,0.0,0.0,0.0,20.38,1.24
2026-06-15 00:00:00-06:00,0.0,0.0,0.0,19.54,1.24
2026-06-15 01:00:00-06:00,0.0,0.0,0.0,18.23,0.97
2026-06-15 02:00:00-06:00,0.0,0.0,0.0,18.96,0.34
2026-06-15 03:00:00-06:00,0.0,0.0,0.0,18.82,0.48
2026-06-15 04:00:00-06:00,0.0,0.0,0.0,17.42,1.1
2026-06-15 05:00:00-06:00,0.0,0.0,0.0,17.38,0.83
2026-06-15 06:00:00-06:00,0.0,0.0,0.0,18.01,0.48
2026-06-15 07:00:00-06:00,213.7,627.07,79.55,18.57,0.34
2026-06-15 08:00:00-06:00,425.9,743.59,102.55,20.92,0.34
2026-06-15 09:00:00-06:00,626.75,770.82,137.4,22.34,0.9
2026-06-15 10:00:00-06:00,853.4,914.37,121.65,23.71,1.38
2026-06-15 11:00:00-06:00,926.0,844.29,149.35,24.96,1.52
2026-06-15 12:00:00-06:00,946.55,808.47,149.8,25.98,1.52
2026-06-15 13:00:00-06:00,909.4,811.14,104.2,27.45,1.79
2026-06-15 14:00:00-06:00,873.3,821.65,100.2,27.9,1.79
2026-06-15 15:00:00-06:00,606.1,532.25,162.35,26.58,0.21
2026-06-15 16:00:00-06:00,368.3,342.85,135.7,25.86,0.76
2026-06-15 17:00:00-06:00,212.25,187.91,121.0,25.53,0.97
2026-06-15 18:00:00-06:00,67.8,83.54,45.3,25.12,0.28
2026-06-15 19:00:00-06:00,0.95,0.0,0.95,24.27,0.76
2026-06-15 20:00:00-06:00,0.0,0.0,0.0,23.04,0.41
2026-06-15 21:00:00-06:00,0.0,0.0,0.0,21.91,0.9
2026-06-15 22:00:00-06:00,0.0,0.0,0.0,20.83,1.17
2026-06-15 23:00:00-06:00,0.0,0.0,0.0,19.8,1.38
2026-06-16 00:00:00-06:00,0.0,0.0,0.0,18.9,1.45
2026-06-16 01:00:00-06:00,0.0,0.0,0.0,18.95,0.9
2026-06-16 02:00:00-06:00,0.0,0.0,0.0,19.7,0.48
2026-06-16 03:00:00-06:00,0.0,0.0,0.0,18.76,0.62
2026-06-16 04:00:00-06:00,0.0,0.0,0.0,17.94,0.97
2026-06-16 05:00:00-06:00,0.0,0.0,0.0,17.17,1.1
2026-06-16 06:00:00-06:00,0.0,0.0,0.0,16.81,1.1
2026-06-16 07:00:00-06:00,205.75,573.31,83.45,17.78,0.76
2026-06-16 08:00:00-06:00,414.7,708.62,107.0,20.62,0.14
2026-06-16 09:00:00-06:00,660.75,816.94,142.6,22.44,0.48
2026-06-16 10:00:00-06:00,743.7,719.07,168.6,24.02,0.83
2026-06-16 11:00:00-06:00,789.4,617.33,221.75,25.24,1.1
2026-06-16 12:00:00-06:00,884.2,711.39,183.25,26.19,1.38
2026-06-16 13:00:00-06:00,819.45,671.95,152.4,27.03,1.31
2026-06-16 14:00:00-06:00,713.0,608.19,140.6,27.6,1.03
2026-06-16 15:00:00-06:00,575.4,504.33,154.7,27.69,0.9
2026-06-16 16:00:00-06:00,450.1,527.4,91.95,27.18,0.55
2026-06-16 17:00:00-06:00,273.75,417.84,70.5,26.86,0.34
2026-06-16 18:00:00-06:00,71.8,155.96,29.65,26.24,0.21
2026-06-16 19:00:00-06:00,0.9,0.0,0.9,25.23,0.41
2026-06-16 20:00:00-06:00,0.0,0.0,0.0,23.17,1.17
2026-06-16 21:00:00-06:00,0.0,0.0,0.0,21.71,1.59
2026-06-16 22:00:00-06:00,0.0,0.0,0.0,21.13,1.59
2026-06-16 23:00:00-06:00,0.0,0.0,0.0,20.26,1.31
2026-06-17 00:00:00-06:00,0.0,0.0,0.0,19.91,1.1
2026-06-17 01:00:00-06:00,0.0,0.0,0.0,19.64,1.31
2026-06-17 02:00:00-06:00,0.0,0.0,0.0,19.42,1.45
2026-06-17 03:00:00-06:00,0.0,0.0,0.0,18.7,1.31
2026-06-17 04:00:00-06:00,0.0,0.0,0.0,17.98,1.1
2026-06-17 05:00:00-06:00,0.0,0.0,0.0,17.65,1.1
2026-06-17 06:00:00-06:00,0.0,0.0,0.0,16.93,1.03
2026-06-17 07:00:00-06:00,227.05,727.38,72.35,18.27,0.69
2026-06-17 08:00:00-06:00,429.8,760.54,100.05,21.38,0.0
2026-06-17 09:00:00-06:00,641.25,832.0,114.05,22.77,0.34
2026-06-17 10:00:00-06:00,729.35,743.48,135.1,23.93,0.62
2026-06-17 11:00:00-06:00,878.3,800.5,142.5,25.05,0.9
2026-06-17 12:00:00-06:00,860.35,705.62,165.2,26.36,1.24
2026-06-17 13:00:00-06:00,708.15,529.14,182.85,25.95,1.03
2026-06-17 14:00:00-06:00,765.8,685.79,120.2,25.93,0.62
2026-06-17 15:00:00-06:00,612.9,601.7,110.7,27.05,0.55
2026-06-17 16:00:00-06:00,381.3,372.06,128.4,26.97,1.17
2026-06-17 17:00:00-06:00,198.75,206.47,98.15,25.4,0.28
2026-06-17 18:00:00-06:00,50.8,60.11,34.5,24.46,1.45
2026-06-17 19:00:00-06:00,0.9,0.0,0.9,23.62,1.38
2026-06-17 20:00:00-06:00,0.0,0.0,0.0,22.54,1.31
2026-06-17 21:00:00-06:00,0.0,0.0,0.0,21.32,1.24
2026-06-17 22:00:00-06:00,0.0,0.0,0.0,20.85,1.31
2026-06-17 23:00:00-06:00,0.0,0.0,0.0,20.23,1.31
2026-06-18 00:00:00-06:00,0.0,0.0,0.0,19.59,1.24
2026-06-18 01:00:00-06:00,0.0,0.0,0.0,19.63,1.17
2026-06-18 02:00:00-06:00,0.0,0.0,0.0,19.29,1.1
2026-06-18 03:00:00-06:00,0.0,0.0,0.0,19.04,1.03
2026-06-18 04:00:00-06:00,0.0,0.0,0.0,18.63,1.03
2026-06-18 05:00:00-06:00,0.0,0.0,0.0,18.27,1.03
2026-06-18 06:00:00-06:00,0.0,0.0,0.0,17.84,1.03
2026-06-18 07:00:00-06:00,223.25,622.87,91.2,18.69,0.69
2026-06-18 08:00:00-06:00,443.8,735.04,125.6,21.73,0.28
2026-06-18 09:00:00-06:00,602.25,729.1,140.7,23.17,0.76
2026-06-18 10:00:00-06:00,749.9,747.27,153.0,24.24,1.1
2026-06-18 11:00:00-06:00,854.75,742.53,172.5,25.36,1.24
2026-06-18 12:00:00-06:00,883.8,755.94,139.2,26.35,1.17
2026-06-18 13:00:00-06:00,880.8,733.04,153.05,26.97,1.03
2026-06-18 14:00:00-06:00,691.35,555.67,168.1,27.61,1.24
2026-06-18 15:00:00-06:00,526.1,456.95,144.5,27.32,1.59
2026-06-18 16:00:00-06:00,338.7,311.23,126.95,26.58,0.9
2026-06-18 17:00:00-06:00,179.7,145.69,108.6,25.78,0.97
2026-06-18 18:00:00-06:00,48.65,54.04,33.95,25.07,0.48
2026-06-18 19:00:00-06:00,0.8,0.0,0.8,24.06,0.83
2026-06-18 20:00:00-06:00,0.0,0.0,0.0,23.4,0.48
2026-06-18 21:00:00-06:00,0.0,0.0,0.0,23.08,0.41
2026-06-18 22:00:00-06:00,0.0,0.0,0.0,22.7,0.41
2026-06-18 23:00:00-06:00,0.0,0.0,0.0,22.27,0.48
2026-06-19 00:00:00-06:00,0.0,0.0,0.0,22.1,0.48
2026-06-19 01:00:00-06:00,0.0,0.0,0.0,21.52,0.14
2026-06-19 02:00:00-06:00,0.0,0.0,0.0,21.2,0.28
2026-06-19 03:00:00-06:00,0.0,0.0,0.0,20.65,0.28
2026-06-19 04:00:00-06:00,0.0,0.0,0.0,20.29,0.0
2026-06-19 05:00:00-06:00,0.0,0.0,0.0,20.04,0.21
2026-06-19 06:00:00-06:00,0.0,0.0,0.0,19.95,0.14
2026-06-19 07:00:00-06:00,134.85,177.48,97.35,19.83,0.21
2026-06-19 08:00:00-06:00,333.8,410.8,156.25,20.47,0.28
2026-06-19 09:00:00-06:00,482.45,350.96,260.5,21.54,0.14
2026-06-19 10:00:00-06:00,640.15,407.19,315.1,22.84,0.14
2026-06-19 11:00:00-06:00,723.2,449.82,310.05,24.32,0.69
2026-06-19 12:00:00-06:00,950.15,828.26,134.45,25.12,1.17
2026-06-19 13:00:00-06:00,822.8,695.13,132.65,27.18,1.31
2026-06-19 14:00:00-06:00,774.4,667.63,145.55,27.63,1.31
2026-06-19 15:00:00-06:00,617.6,563.99,146.35,27.82,1.93
2026-06-19 16:00:00-06:00,389.95,345.3,154.8,27.08,1.38
2026-06-19 17:00:00-06:00,174.2,161.42,95.3,26.19,0.97
2026-06-19 18:00:00-06:00,45.3,52.22,31.05,25.1,1.66
2026-06-19 19:00:00-06:00,1.0,0.0,1.0,23.87,1.31
2026-06-19 20:00:00-06:00,0.0,0.0,0.0,22.46,0.76
2026-06-19 21:00:00-06:00,0.0,0.0,0.0,21.68,0.62
2026-06-19 22:00:00-06:00,0.0,0.0,0.0,21.03,0.69
2026-06-19 23:00:00-06:00,0.0,0.0,0.0,20.57,0.9
2026-06-20 00:00:00-06:00,0.0,0.0,0.0,20.13,0.83
2026-06-20 01:00:00-06:00,0.0,0.0,0.0,20.18,0.76
2026-06-20 02:00:00-06:00,0.0,0.0,0.0,19.82,0.55
2026-06-20 03:00:00-06:00,0.0,0.0,0.0,19.81,0.34
2026-06-20 04:00:00-06:00,0.0,0.0,0.0,19.47,0.41
2026-06-20 05:00:00-06:00,0.0,0.0,0.0,19.15,0.48
2026-06-20 06:00:00-06:00,0.0,0.0,0.0,18.86,0.62
2026-06-20 07:00:00-06:00,157.75,223.23,110.75,18.85,0.41
2026-06-20 08:00:00-06:00,294.5,247.05,187.9,20.01,0.41
2026-06-20 09:00:00-06:00,155.4,58.33,118.55,21.4,0.41
2026-06-20 10:00:00-06:00,328.2,26.57,307.0,21.11,0.69
2026-06-20 11:00:00-06:00,488.9,88.93,407.25,21.69,0.69
2026-06-20 12:00:00-06:00,784.55,477.21,314.65,22.86,0.62
2026-06-20 13:00:00-06:00,669.0,385.59,286.15,24.6,0.55
2026-06-20 14:00:00-06:00,746.65,518.05,258.55,25.42,0.55
2026-06-20 15:00:00-06:00,613.45,493.41,200.95,26.18,0.83
2026-06-20 16:00:00-06:00,416.65,433.44,121.2,26.33,1.31
2026-06-20 17:00:00-06:00,230.5,285.06,90.95,25.59,0.97
2026-06-20 18:00:00-06:00,62.4,81.12,40.2,24.93,0.41
2026-06-20 19:00:00-06:00,1.05,0.0,1.05,24.13,0.83
2026-06-20 20:00:00-06:00,0.0,0.0,0.0,23.08,0.62
2026-06-20 21:00:00-06:00,0.0,0.0,0.0,22.79,0.62
2026-06-20 22:00:00-06:00,0.0,0.0,0.0,21.88,0.69
2026-06-20 23:00:00-06:00,0.0,0.0,0.0,21.27,0.55
2026-06-21 00:00:00-06:00,0.0,0.0,0.0,19.92,0.9
2026-06-21 01:00:00-06:00,0.0,0.0,0.0,19.74,0.55
2026-06-21 02:00:00-06:00,0.0,0.0,0.0,18.85,0.69
2026-06-21 03:00:00-06:00,0.0,0.0,0.0,19.1,0.21
2026-06-21 04:00:00-06:00,0.0,0.0,0.0,18.85,0.07
2026-06-21 05:00:00-06:00,0.0,0.0,0.0,18.2,0.55
2026-06-21 06:00:00-06:00,0.0,0.0,0.0,18.41,0.48
2026-06-21 07:00:00-06:00,168.1,405.69,83.0,18.84,0.28
2026-06-21 08:00:00-06:00,428.45,714.8,120.55,19.94,0.21
2026-06-21 09:00:00-06:00,606.15,752.31,131.35,21.82,0.76
2026-06-21 10:00:00-06:00,723.7,693.2,171.05,23.04,1.03
2026-06-21 11:00:00-06:00,727.3,586.95,188.6,24.15,1.24
2026-06-21 12:00:00-06:00,783.2,554.67,237.1,24.75,1.31
2026-06-21 13:00:00-06:00,847.7,693.33,159.25,25.36,1.03
2026-06-21 14:00:00-06:00,791.8,663.48,166.5,26.24,1.24
2026-06-21 15:00:00-06:00,691.2,683.87,119.15,26.49,1.24
2026-06-21 16:00:00-06:00,419.25,430.26,125.7,26.62,0.83
2026-06-21 17:00:00-06:00,240.85,266.98,109.95,26.06,0.83
2026-06-21 18:00:00-06:00,67.25,70.69,47.85,25.44,0.69
2026-06-21 19:00:00-06:00,1.1,0.0,1.1,24.43,1.17
2026-06-21 20:00:00-06:00,0.0,0.0,0.0,23.18,0.62
2026-06-21 21:00:00-06:00,0.0,0.0,0.0,23.55,0.41
2026-06-21 22:00:00-06:00,0.0,0.0,0.0,22.91,0.14
2026-06-21 23:00:00-06:00,0.0,0.0,0.0,20.22,1.1
2026-06-22 00:00:00-06:00,0.0,0.0,0.0,19.7,1.03
2026-06-22 01:00:00-06:00,0.0,0.0,0.0,20.53,0.69
2026-06-22 02:00:00-06:00,0.0,0.0,0.0,19.7,0.76
2026-06-22 03:00:00-06:00,0.0,0.0,0.0,19.0,0.83
2026-06-22 04:00:00-06:00,0.0,0.0,0.0,18.8,0.76
2026-06-22 05:00:00-06:00,0.0,0.0,0.0,18.84,0.55
2026-06-22 06:00:00-06:00,0.0,0.0,0.0,19.03,0.21
2026-06-22 07:00:00-06:00,154.3,342.41,82.75,19.13,0.14
2026-06-22 08:00:00-06:00,330.75,404.2,156.95,20.14,0.34
2026-06-22 09:00:00-06:00,545.0,548.0,199.5,21.72,0.83
2026-06-22 10:00:00-06:00,710.0,608.67,225.05,23.16,1.45
2026-06-22 11:00:00-06:00,838.7,685.53,209.75,24.24,1.72
2026-06-22 12:00:00-06:00,784.35,612.95,180.95,25.11,1.72
2026-06-22 13:00:00-06:00,746.15,513.37,236.35,25.58,1.1
2026-06-22 14:00:00-06:00,701.8,496.26,233.95,26.32,1.17
2026-06-22 15:00:00-06:00,542.0,366.45,235.3,26.67,1.52
2026-06-22 16:00:00-06:00,319.6,161.52,209.3,25.89,0.83
2026-06-22 17:00:00-06:00,150.4,74.33,113.9,25.66,0.76
2026-06-22 18:00:00-06:00,38.45,9.63,35.8,24.99,0.97
2026-06-22 19:00:00-06:00,0.8,0.0,0.8,24.6,0.14
2026-06-22 20:00:00-06:00,0.0,0.0,0.0,24.09,0.21
2026-06-22 21:00:00-06:00,0.0,0.0,0.0,22.39,0.83
2026-06-22 22:00:00-06:00,0.0,0.0,0.0,22.8,0.48
2026-06-22 23:00:00-06:00,0.0,0.0,0.0,22.22,0.14
2026-06-23 00:00:00-06:00,0.0,0.0,0.0,21.64,0.34
2026-06-23 01:00:00-06:00,0.0,0.0,0.0,18.96,1.1
2026-06-23 02:00:00-06:00,0.0,0.0,0.0,18.54,1.1
2026-06-23 03:00:00-06:00,0.0,0.0,0.0,18.69,0.69
2026-06-23 04:00:00-06:00,0.0,0.0,0.0,18.24,0.62
2026-06-23 05:00:00-06:00,0.0,0.0,0.0,18.24,0.9
2026-06-23 06:00:00-06:00,0.0,0.0,0.0,18.01,0.9
2026-06-23 07:00:00-06:00,114.95,151.11,83.5,18.3,0.55
2026-06-23 08:00:00-06:00,227.05,121.38,174.95,19.9,0.34
2026-06-23 09:00:00-06:00,389.95,279.13,214.15,20.42,0.55
2026-06-23 10:00:00-06:00,528.2,408.43,203.0,21.87,0.62
2026-06-23 11:00:00-06:00,715.2,511.1,246.45,23.27,1.1
2026-06-23 12:00:00-06:00,684.25,370.52,319.55,24.78,1.52
2026-06-23 13:00:00-06:00,419.5,127.78,292.6,24.15,1.17
2026-06-23 14:00:00-06:00,268.55,0.0,268.55,23.44,1.1
2026-06-23 15:00:00-06:00,228.7,14.15,216.85,23.58,0.69
2026-06-23 16:00:00-06:00,255.75,63.06,212.65,23.71,0.62
2026-06-23 17:00:00-06:00,137.1,20.23,127.15,23.73,0.55
2026-06-23 18:00:00-06:00,43.4,3.62,42.4,23.32,0.62
2026-06-23 19:00:00-06:00,0.8,0.0,0.8,21.93,1.52
2026-06-23 20:00:00-06:00,0.0,0.0,0.0,20.48,1.1
2026-06-23 21:00:00-06:00,0.0,0.0,0.0,20.3,0.21
2026-06-23 22:00:00-06:00,0.0,0.0,0.0,19.82,0.07
2026-06-23 23:00:00-06:00,0.0,0.0,0.0,19.57,0.21
2026-06-24 00:00:00-06:00,0.0,0.0,0.0,19.22,0.14
2026-06-24 01:00:00-06:00,0.0,0.0,0.0,18.64,0.55
2026-06-24 02:00:00-06:00,0.0,0.0,0.0,18.54,0.62
2026-06-24 03:00:00-06:00,0.0,0.0,0.0,18.38,0.34
2026-06-24 04:00:00-06:00,0.0,0.0,0.0,18.37,0.07
2026-06-24 05:00:00-06:00,0.0,0.0,0.0,18.01,0.28
2026-06-24 06:00:00-06:00,0.0,0.0,0.0,17.86,0.28
2026-06-24 07:00:00-06:00,119.05,103.98,97.5,18.28,0.21
2026-06-24 08:00:00-06:00,211.1,100.72,167.95,19.28,0.41
2026-06-24 09:00:00-06:00,358.5,183.82,242.85,20.16,0.41
2026-06-24 10:00:00-06:00,565.25,350.5,286.35,21.28,1.03
2026-06-24 11:00:00-06:00,600.45,253.7,367.85,22.31,1.45
2026-06-24 12:00:00-06:00,597.45,270.58,331.15,22.85,1.17
2026-06-24 13:00:00-06:00,689.5,402.33,289.9,22.94,0.62
2026-06-24 14:00:00-06:00,467.05,220.18,259.35,24.06,0.83
2026-06-24 15:00:00-06:00,475.25,284.05,237.25,24.02,0.62
2026-06-24 16:00:00-06:00,292.95,129.15,204.6,24.45,0.48
2026-06-24 17:00:00-06:00,155.9,46.61,132.95,24.07,0.41
2026-06-24 18:00:00-06:00,29.35,11.21,26.25,23.57,0.14
2026-06-24 19:00:00-06:00,0.65,0.0,0.65,22.97,0.55
2026-06-24 20:00:00-06:00,0.0,0.0,0.0,21.76,1.17
2026-06-24 21:00:00-06:00,0.0,0.0,0.0,20.46,1.1
2026-06-24 22:00:00-06:00,0.0,0.0,0.0,19.37,0.48
2026-06-24 23:00:00-06:00,0.0,0.0,0.0,19.02,0.69
2026-06-25 00:00:00-06:00,0.0,0.0,0.0,18.87,0.41
2026-06-25 01:00:00-06:00,0.0,0.0,0.0,18.53,0.76
2026-06-25 02:00:00-06:00,0.0,0.0,0.0,18.42,0.41
2026-06-25 03:00:00-06:00,0.0,0.0,0.0,18.43,0.28
2026-06-25 04:00:00-06:00,0.0,0.0,0.0,18.35,0.21
2026-06-25 05:00:00-06:00,0.0,0.0,0.0,18.21,0.28
2026-06-25 06:00:00-06:00,0.0,0.0,0.0,18.37,0.07
2026-06-25 07:00:00-06:00,60.6,56.94,48.85,18.5,0.07
2026-06-25 08:00:00-06:00,81.3,17.66,73.75,18.8,0.28
2026-06-25 09:00:00-06:00,136.95,31.9,116.9,19.01,0.28
2026-06-25 10:00:00-06:00,324.8,178.76,182.65,19.31,0.55
2026-06-25 11:00:00-06:00,412.2,195.8,232.75,19.99,0.62
2026-06-25 12:00:00-06:00,334.75,53.1,282.5,20.38,0.55
2026-06-25 13:00:00-06:00,406.1,113.91,292.95,20.84,0.76
2026-06-25 14:00:00-06:00,532.6,222.5,322.65,21.41,0.76
2026-06-25 15:00:00-06:00,442.7,180.3,291.55,23.03,0.34
2026-06-25 16:00:00-06:00,308.9,168.55,193.5,22.55,0.21
2026-06-25 17:00:00-06:00,125.9,29.91,111.15,22.18,0.34
2026-06-25 18:00:00-06:00,44.4,25.43,37.35,21.5,0.28
2026-06-25 19:00:00-06:00,0.9,0.0,0.9,20.53,0.55
2026-06-25 20:00:00-06:00,0.0,0.0,0.0,19.47,0.83
2026-06-25 21:00:00-06:00,0.0,0.0,0.0,18.89,0.48
2026-06-25 22:00:00-06:00,0.0,0.0,0.0,18.81,0.34
2026-06-25 23:00:00-06:00,0.0,0.0,0.0,18.84,0.0
2026-06-26 00:00:00-06:00,0.0,0.0,0.0,18.46,0.34
2026-06-26 01:00:00-06:00,0.0,0.0,0.0,18.35,0.14
2026-06-26 02:00:00-06:00,0.0,0.0,0.0,18.07,0.34
2026-06-26 03:00:00-06:00,0.0,0.0,0.0,18.06,0.48
2026-06-26 04:00:00-06:00,0.0,0.0,0.0,17.96,0.48
2026-06-26 05:00:00-06:00,0.0,0.0,0.0,17.82,0.55
2026-06-26 06:00:00-06:00,0.0,0.0,0.0,17.53,1.03
2026-06-26 07:00:00-06:00,179.15,400.82,96.8,17.82,0.76
2026-06-26 08:00:00-06:00,357.9,457.48,162.65,18.98,0.21
2026-06-26 09:00:00-06:00,506.75,549.08,162.05,20.06,0.48
2026-06-26 10:00:00-06:00,659.6,601.3,181.75,21.32,0.69
2026-06-26 11:00:00-06:00,830.3,728.45,162.9,22.78,0.97
2026-06-26 12:00:00-06:00,860.65,570.44,299.35,24.03,1.1
2026-06-26 13:00:00-06:00,620.2,318.14,304.15,25.32,1.45
2026-06-26 14:00:00-06:00,597.2,346.54,270.1,25.11,1.38
2026-06-26 15:00:00-06:00,405.2,192.9,243.4,25.06,0.83
2026-06-26 16:00:00-06:00,292.35,117.04,212.15,24.25,0.83
2026-06-26 17:00:00-06:00,149.95,63.6,118.55,23.94,0.97
2026-06-26 18:00:00-06:00,49.95,8.82,47.5,23.52,0.48
2026-06-26 19:00:00-06:00,0.95,0.0,0.95,22.84,0.97
2026-06-26 20:00:00-06:00,0.0,0.0,0.0,21.78,1.31
2026-06-26 21:00:00-06:00,0.0,0.0,0.0,20.59,0.83
2026-06-26 22:00:00-06:00,0.0,0.0,0.0,20.52,0.34
2026-06-26 23:00:00-06:00,0.0,0.0,0.0,20.08,0.34
2026-06-27 00:00:00-06:00,0.0,0.0,0.0,19.45,0.34
2026-06-27 01:00:00-06:00,0.0,0.0,0.0,18.3,0.21
2026-06-27 02:00:00-06:00,0.0,0.0,0.0,18.27,0.34
2026-06-27 03:00:00-06:00,0.0,0.0,0.0,18.05,0.28
2026-06-27 04:00:00-06:00,0.0,0.0,0.0,18.02,0.14
2026-06-27 05:00:00-06:00,0.0,0.0,0.0,17.94,0.28
2026-06-27 06:00:00-06:00,0.0,0.0,0.0,18.15,0.14
2026-06-27 07:00:00-06:00,176.6,450.82,84.4,17.99,0.21
2026-06-27 08:00:00-06:00,316.4,427.16,134.45,19.13,0.55
2026-06-27 09:00:00-06:00,337.85,230.51,193.3,20.0,0.76
2026-06-27 10:00:00-06:00,504.3,305.72,261.5,20.49,0.83
2026-06-27 11:00:00-06:00,612.65,298.67,339.1,21.61,0.69
2026-06-27 12:00:00-06:00,834.4,576.95,266.75,22.57,0.76
2026-06-27 13:00:00-06:00,773.7,535.81,241.35,24.38,1.03
2026-06-27 14:00:00-06:00,616.35,476.69,166.25,24.84,1.1
2026-06-27 15:00:00-06:00,399.6,182.78,246.2,24.6,0.83
2026-06-27 16:00:00-06:00,244.8,93.69,180.55,24.16,0.83
2026-06-27 17:00:00-06:00,177.2,81.52,136.9,23.42,0.69
2026-06-27 18:00:00-06:00,53.9,22.26,47.7,23.28,0.0
2026-06-27 19:00:00-06:00,1.25,0.0,1.25,22.54,1.1
2026-06-27 20:00:00-06:00,0.0,0.0,0.0,20.96,0.83
2026-06-27 21:00:00-06:00,0.0,0.0,0.0,20.56,0.9
2026-06-27 22:00:00-06:00,0.0,0.0,0.0,20.14,0.9
2026-06-27 23:00:00-06:00,0.0,0.0,0.0,20.13,0.62
2026-06-28 00:00:00-06:00,0.0,0.0,0.0,19.25,0.76
2026-06-28 01:00:00-06:00,0.0,0.0,0.0,19.1,0.9
2026-06-28 02:00:00-06:00,0.0,0.0,0.0,18.5,0.97
2026-06-28 03:00:00-06:00,0.0,0.0,0.0,18.42,0.9
2026-06-28 04:00:00-06:00,0.0,0.0,0.0,18.04,0.9
2026-06-28 05:00:00-06:00,0.0,0.0,0.0,18.08,0.9
2026-06-28 06:00:00-06:00,0.0,0.0,0.0,17.94,0.97
2026-06-28 07:00:00-06:00,163.15,363.3,89.2,18.19,0.76
2026-06-28 08:00:00-06:00,272.1,290.75,148.5,19.98,0.34
2026-06-28 09:00:00-06:00,569.15,610.24,186.9,20.98,0.28
2026-06-28 10:00:00-06:00,659.95,606.6,178.5,22.79,0.14
2026-06-28 11:00:00-06:00,798.6,670.71,184.5,24.41,0.62
2026-06-28 12:00:00-06:00,925.7,761.28,176.75,25.77,1.1
2026-06-28 13:00:00-06:00,886.3,753.11,137.95,26.8,1.03
2026-06-28 14:00:00-06:00,796.7,680.35,154.1,27.42,1.17
2026-06-28 15:00:00-06:00,646.7,599.03,143.7,27.55,1.31
2026-06-28 16:00:00-06:00,441.3,397.32,168.6,27.27,1.17
2026-06-28 17:00:00-06:00,199.3,175.68,112.35,26.68,0.55
2026-06-28 18:00:00-06:00,60.35,33.15,51.1,25.69,0.69
2026-06-28 19:00:00-06:00,1.3,0.0,1.3,24.38,1.24
2026-06-28 20:00:00-06:00,0.0,0.0,0.0,22.39,1.03
2026-06-28 21:00:00-06:00,0.0,0.0,0.0,20.88,1.31
2026-06-28 22:00:00-06:00,0.0,0.0,0.0,19.88,1.24
2026-06-28 23:00:00-06:00,0.0,0.0,0.0,19.32,0.83
2026-06-29 00:00:00-06:00,0.0,0.0,0.0,19.69,0.34
2026-06-29 01:00:00-06:00,0.0,0.0,0.0,19.36,0.69
2026-06-29 02:00:00-06:00,0.0,0.0,0.0,18.79,0.76
2026-06-29 03:00:00-06:00,0.0,0.0,0.0,19.0,0.48
2026-06-29 04:00:00-06:00,0.0,0.0,0.0,18.46,0.41
2026-06-29 05:00:00-06:00,0.0,0.0,0.0,16.79,0.97
2026-06-29 06:00:00-06:00,0.0,0.0,0.0,16.03,0.97
2026-06-29 07:00:00-06:00,220.8,647.93,89.55,17.17,0.76
2026-06-29 08:00:00-06:00,445.7,762.64,122.15,20.04,0.41
2026-06-29 09:00:00-06:00,647.8,827.55,130.0,21.84,0.0
2026-06-29 10:00:00-06:00,745.05,770.11,134.2,23.28,0.55
2026-06-29 11:00:00-06:00,910.05,808.63,169.9,24.49,1.1
2026-06-29 12:00:00-06:00,898.95,737.95,173.0,25.71,1.52
2026-06-29 13:00:00-06:00,925.5,783.65,146.7,26.54,1.52
2026-06-29 14:00:00-06:00,732.3,565.87,197.65,27.44,1.86
2026-06-29 15:00:00-06:00,486.5,306.26,229.2,26.82,1.86
2026-06-29 16:00:00-06:00,248.4,96.6,182.05,24.87,2.21
2026-06-29 17:00:00-06:00,105.8,29.77,91.05,23.38,1.03
2026-06-29 18:00:00-06:00,32.95,1.79,32.45,22.61,0.62
2026-06-29 19:00:00-06:00,0.95,0.0,0.95,22.33,0.21
2026-06-29 20:00:00-06:00,0.0,0.0,0.0,20.77,0.69
2026-06-29 21:00:00-06:00,0.0,0.0,0.0,19.7,0.69
2026-06-29 22:00:00-06:00,0.0,0.0,0.0,18.87,0.34
2026-06-29 23:00:00-06:00,0.0,0.0,0.0,18.58,0.21
2026-06-30 00:00:00-06:00,0.0,0.0,0.0,18.2,0.0
2026-06-30 01:00:00-06:00,0.0,0.0,0.0,18.09,0.07
2026-06-30 02:00:00-06:00,0.0,0.0,0.0,17.92,0.07
2026-06-30 03:00:00-06:00,0.0,0.0,0.0,17.78,0.62
2026-06-30 04:00:00-06:00,0.0,0.0,0.0,17.6,0.9
2026-06-30 05:00:00-06:00,0.0,0.0,0.0,17.58,0.76
2026-06-30 06:00:00-06:00,0.0,0.0,0.0,17.49,0.83
2026-06-30 07:00:00-06:00,84.95,116.59,61.45,17.69,0.83
2026-06-30 08:00:00-06:00,146.5,89.04,108.8,18.22,0.83
2026-06-30 09:00:00-06:00,303.15,115.92,230.7,18.65,0.83
2026-06-30 10:00:00-06:00,346.4,45.92,310.0,22.3,0.02
2026-06-30 11:00:00-06:00,441.6,60.93,385.85,22.11,0.1
2026-06-30 12:00:00-06:00,607.9,293.95,318.75,21.92,0.17
2026-06-30 13:00:00-06:00,484.3,160.62,324.65,21.73,0.25
2026-06-30 14:00:00-06:00,522.45,172.09,359.8,21.54,0.32
2026-06-30 15:00:00-06:00,435.4,170.42,292.15,21.35,0.39
2026-06-30 16:00:00-06:00,194.25,24.95,177.1,21.16,0.47
2026-06-30 17:00:00-06:00,101.35,15.12,93.85,20.97,0.54
2026-06-30 18:00:00-06:00,48.2,20.89,42.35,20.78,0.61
2026-06-30 19:00:00-06:00,1.05,0.0,1.05,20.59,0.69
2026-06-30 20:00:00-06:00,0.0,0.0,0.0,20.4,0.76
2026-06-30 21:00:00-06:00,0.0,0.0,0.0,20.21,0.84
2026-06-30 22:00:00-06:00,0.0,0.0,0.0,20.02,0.91
2026-06-30 23:00:00-06:00,0.0,0.0,0.0,19.83,0.98
2026-07-01 00:00:00-06:00,0.0,0.0,0.0,19.64,1.06
2026-07-01 01:00:00-06:00,0.0,0.0,0.0,19.44,1.13
2026-07-01 02:00:00-06:00,0.0,0.0,0.0,16.97,1.03
2026-07-01 03:00:00-06:00,0.0,0.0,0.0,17.0,0.76
2026-07-01 04:00:00-06:00,0.0,0.0,0.0,16.71,0.9
2026-07-01 05:00:00-06:00,0.0,0.0,0.0,16.04,1.03
2026-07-01 06:00:00-06:00,0.0,0.0,0.0,15.83,1.1
2026-07-01 07:00:00-06:00,241.35,861.16,68.65,16.95,1.1
2026-07-01 08:00:00-06:00,468.6,897.03,89.6,19.69,0.62
2026-07-01 09:00:00-06:00,696.6,931.74,114.9,21.73,0.07
2026-07-01 10:00:00-06:00,825.5,881.01,127.55,23.59,0.76
2026-07-01 11:00:00-06:00,906.8,854.8,124.85,24.69,1.17
2026-07-01 12:00:00-06:00,935.4,846.77,102.5,25.6,1.45
2026-07-01 13:00:00-06:00,948.25,809.74,143.3,26.59,1.31
2026-07-01 14:00:00-06:00,760.15,674.66,122.3,27.28,1.45
2026-07-01 15:00:00-06:00,628.5,543.58,171.35,27.0,1.03
2026-07-01 16:00:00-06:00,371.75,295.47,168.5,26.64,0.48
2026-07-01 17:00:00-06:00,225.35,260.1,96.2,25.92,0.41
2026-07-01 18:00:00-06:00,86.65,127.84,50.8,24.95,1.38
2026-07-01 19:00:00-06:00,1.8,0.94,1.75,23.56,1.03
2026-07-01 20:00:00-06:00,0.0,0.0,0.0,21.96,1.03
2026-07-01 21:00:00-06:00,0.0,0.0,0.0,20.9,0.9
2026-07-01 22:00:00-06:00,0.0,0.0,0.0,20.92,0.76
2026-07-01 23:00:00-06:00,0.0,0.0,0.0,19.93,0.76
2026-07-02 00:00:00-06:00,0.0,0.0,0.0,19.16,0.76
2026-07-02 01:00:00-06:00,0.0,0.0,0.0,17.63,0.83
2026-07-02 02:00:00-06:00,0.0,0.0,0.0,16.61,1.03
2026-07-02 03:00:00-06:00,0.0,0.0,0.0,16.25,1.03
2026-07-02 04:00:00-06:00,0.0,0.0,0.0,15.61,1.24
2026-07-02 05:00:00-06:00,0.0,0.0,0.0,14.99,1.24
2026-07-02 06:00:00-06:00,0.0,0.0,0.0,14.61,1.31
2026-07-02 07:00:00-06:00,227.85,785.95,71.05,15.79,1.17
2026-07-02 08:00:00-06:00,461.5,829.53,111.75,19.73,0.62
2026-07-02 09:00:00-06:00,673.95,882.34,123.7,22.01,0.28
2026-07-02 10:00:00-06:00,817.95,842.26,151.1,23.62,0.83
2026-07-02 11:00:00-06:00,941.0,863.25,151.55,24.55,1.03
2026-07-02 12:00:00-06:00,856.6,744.27,124.55,25.86,1.24
2026-07-02 13:00:00-06:00,869.7,716.98,156.85,26.08,1.03
2026-07-02 14:00:00-06:00,717.6,588.37,161.15,26.63,0.55
2026-07-02 15:00:00-06:00,610.75,575.51,126.5,26.73,0.55
2026-07-02 16:00:00-06:00,408.0,423.9,116.2,25.97,0.07
2026-07-02 17:00:00-06:00,214.8,258.24,86.45,25.74,0.62
2026-07-02 18:00:00-06:00,71.95,118.77,38.6,24.58,1.45
2026-07-02 19:00:00-06:00,1.3,1.87,1.2,23.72,1.59
2026-07-02 20:00:00-06:00,0.0,0.0,0.0,22.64,1.72
2026-07-02 21:00:00-06:00,0.0,0.0,0.0,21.45,1.45
2026-07-02 22:00:00-06:00,0.0,0.0,0.0,20.25,0.97
2026-07-02 23:00:00-06:00,0.0,0.0,0.0,19.72,0.83
2026-07-03 00:00:00-06:00,0.0,0.0,0.0,19.35,0.9
2026-07-03 01:00:00-06:00,0.0,0.0,0.0,20.59,0.48
2026-07-03 02:00:00-06:00,0.0,0.0,0.0,20.12,0.41
2026-07-03 03:00:00-06:00,0.0,0.0,0.0,17.98,1.24
2026-07-03 04:00:00-06:00,0.0,0.0,0.0,17.34,1.24
2026-07-03 05:00:00-06:00,0.0,0.0,0.0,16.99,1.17
2026-07-03 06:00:00-06:00,0.0,0.0,0.0,16.46,1.24
2026-07-03 07:00:00-06:00,214.45,650.8,85.3,17.28,1.03
2026-07-03 08:00:00-06:00,432.05,716.73,130.5,20.41,0.69
2026-07-03 09:00:00-06:00,653.95,824.17,140.55,22.24,0.21
2026-07-03 10:00:00-06:00,865.45,941.02,120.85,23.78,0.69
2026-07-03 11:00:00-06:00,943.4,880.71,138.2,25.26,1.24
2026-07-03 12:00:00-06:00,914.2,772.71,154.2,26.32,1.52
2026-07-03 13:00:00-06:00,791.9,637.23,158.25,26.99,1.45
2026-07-03 14:00:00-06:00,881.4,814.54,110.8,27.21,1.24
2026-07-03 15:00:00-06:00,673.65,618.83,152.7,27.74,0.97
2026-07-03 16:00:00-06:00,441.45,426.16,147.9,27.6,0.41
2026-07-03 17:00:00-06:00,221.0,207.35,117.85,27.06,0.34
2026-07-03 18:00:00-06:00,70.0,105.46,40.35,26.02,1.03
2026-07-03 19:00:00-06:00,1.4,0.0,1.4,25.03,1.45
2026-07-03 20:00:00-06:00,0.0,0.0,0.0,23.58,1.66
2026-07-03 21:00:00-06:00,0.0,0.0,0.0,22.27,1.45
2026-07-03 22:00:00-06:00,0.0,0.0,0.0,21.35,1.24
2026-07-03 23:00:00-06:00,0.0,0.0,0.0,21.11,0.9
2026-07-04 00:00:00-06:00,0.0,0.0,0.0,22.4,0.55
2026-07-04 01:00:00-06:00,0.0,0.0,0.0,21.56,0.76
2026-07-04 02:00:00-06:00,0.0,0.0,0.0,21.47,0.76
2026-07-04 03:00:00-06:00,0.0,0.0,0.0,21.63,0.48
2026-07-04 04:00:00-06:00,0.0,0.0,0.0,21.18,0.62
2026-07-04 05:00:00-06:00,0.0,0.0,0.0,21.0,0.62
2026-07-04 06:00:00-06:00,0.0,0.0,0.0,20.72,0.62
2026-07-04 07:00:00-06:00,190.05,423.05,106.55,19.75,0.76
2026-07-04 08:00:00-06:00,447.95,789.6,116.45,21.57,0.34
2026-07-04 09:00:00-06:00,653.85,860.52,118.4,23.23,0.07
2026-07-04 10:00:00-06:00,799.15,779.09,183.05,24.58,0.69
2026-07-04 11:00:00-06:00,844.9,767.43,143.45,25.82,1.17
2026-07-04 12:00:00-06:00,917.4,742.69,186.95,26.62,1.31
2026-07-04 13:00:00-06:00,843.35,642.65,204.2,27.51,1.52
2026-07-04 14:00:00-06:00,719.35,601.09,150.5,27.77,1.24
2026-07-04 15:00:00-06:00,574.45,501.35,152.2,27.53,0.69
2026-07-04 16:00:00-06:00,396.55,330.71,168.6,27.38,0.28
2026-07-04 17:00:00-06:00,168.35,96.61,120.25,26.96,0.0
2026-07-04 18:00:00-06:00,39.7,23.98,32.95,26.28,1.03
2026-07-04 19:00:00-06:00,0.5,0.0,0.5,24.98,1.52
2026-07-04 20:00:00-06:00,0.0,0.0,0.0,23.73,1.59
2026-07-04 21:00:00-06:00,0.0,0.0,0.0,21.96,1.17
2026-07-04 22:00:00-06:00,0.0,0.0,0.0,20.96,0.83
2026-07-04 23:00:00-06:00,0.0,0.0,0.0,20.39,0.76
2026-07-05 00:00:00-06:00,0.0,0.0,0.0,20.25,0.97
2026-07-05 01:00:00-06:00,0.0,0.0,0.0,18.8,0.69
2026-07-05 02:00:00-06:00,0.0,0.0,0.0,18.57,0.55
2026-07-05 03:00:00-06:00,0.0,0.0,0.0,18.48,0.34
2026-07-05 04:00:00-06:00,0.0,0.0,0.0,18.5,0.48
2026-07-05 05:00:00-06:00,0.0,0.0,0.0,18.4,0.41
2026-07-05 06:00:00-06:00,0.0,0.0,0.0,18.49,0.41
2026-07-05 07:00:00-06:00,40.95,21.14,36.8,18.67,0.14
2026-07-05 08:00:00-06:00,96.85,37.95,80.95,19.0,0.34
2026-07-05 09:00:00-06:00,243.3,132.65,160.85,19.12,0.28
2026-07-05 10:00:00-06:00,205.4,31.38,180.6,19.93,0.07
2026-07-05 11:00:00-06:00,211.55,18.71,194.45,20.38,0.14
2026-07-05 12:00:00-06:00,629.95,379.87,256.35,20.51,0.14
2026-07-05 13:00:00-06:00,630.2,319.29,312.6,23.61,0.48
2026-07-05 14:00:00-06:00,586.8,266.78,334.25,24.16,0.83
2026-07-05 15:00:00-06:00,479.4,269.64,252.2,24.45,0.55
2026-07-05 16:00:00-06:00,271.95,121.65,188.05,24.72,0.34
2026-07-05 17:00:00-06:00,108.85,22.68,97.55,24.0,0.55
2026-07-05 18:00:00-06:00,37.0,5.5,35.45,22.65,1.24
2026-07-05 19:00:00-06:00,0.65,0.0,0.65,20.84,1.24
2026-07-05 20:00:00-06:00,0.0,0.0,0.0,19.19,0.76
2026-07-05 21:00:00-06:00,0.0,0.0,0.0,18.43,0.41
2026-07-05 22:00:00-06:00,0.0,0.0,0.0,17.95,0.9
2026-07-05 23:00:00-06:00,0.0,0.0,0.0,17.79,0.83
2026-07-06 00:00:00-06:00,0.0,0.0,0.0,17.69,0.69
2026-07-06 01:00:00-06:00,0.0,0.0,0.0,18.0,0.69
2026-07-06 02:00:00-06:00,0.0,0.0,0.0,17.93,0.76
2026-07-06 03:00:00-06:00,0.0,0.0,0.0,17.76,0.34
2026-07-06 04:00:00-06:00,0.0,0.0,0.0,17.62,0.34
2026-07-06 05:00:00-06:00,0.0,0.0,0.0,17.57,0.55
2026-07-06 06:00:00-06:00,0.0,0.0,0.0,17.57,0.62
2026-07-06 07:00:00-06:00,91.45,169.32,58.4,17.78,0.69
2026-07-06 08:00:00-06:00,183.3,236.23,84.55,18.26,0.41
2026-07-06 09:00:00-06:00,418.55,401.62,169.2,18.71,0.34
2026-07-06 10:00:00-06:00,492.8,373.15,198.05,19.47,0.55
2026-07-06 11:00:00-06:00,542.1,286.4,280.45,20.32,0.69
2026-07-06 12:00:00-06:00,747.15,485.47,269.7,21.45,0.34
2026-07-06 13:00:00-06:00,868.0,663.3,208.1,23.76,0.55
2026-07-06 14:00:00-06:00,658.8,414.38,266.4,24.9,0.76
2026-07-06 15:00:00-06:00,430.5,269.63,203.2,24.99,0.9
2026-07-06 16:00:00-06:00,436.45,365.54,184.2,24.48,0.41
2026-07-06 17:00:00-06:00,159.55,107.6,105.9,24.58,0.9
2026-07-06 18:00:00-06:00,47.3,48.96,33.5,23.62,0.76
2026-07-06 19:00:00-06:00,0.8,0.0,0.8,22.47,0.97
2026-07-06 20:00:00-06:00,0.0,0.0,0.0,21.0,0.83
2026-07-06 21:00:00-06:00,0.0,0.0,0.0,20.01,0.69
2026-07-06 22:00:00-06:00,0.0,0.0,0.0,19.39,0.76
2026-07-06 23:00:00-06:00,0.0,0.0,0.0,18.96,0.55
2026-07-07 00:00:00-06:00,0.0,0.0,0.0,19.04,0.14
2026-07-07 01:00:00-06:00,0.0,0.0,0.0,18.15,0.34
2026-07-07 02:00:00-06:00,0.0,0.0,0.0,17.91,0.21
2026-07-07 03:00:00-06:00,0.0,0.0,0.0,17.84,0.48
2026-07-07 04:00:00-06:00,0.0,0.0,0.0,17.77,0.69
2026-07-07 05:00:00-06:00,0.0,0.0,0.0,17.75,0.69
2026-07-07 06:00:00-06:00,0.0,0.0,0.0,17.67,0.48
2026-07-07 07:00:00-06:00,106.05,167.71,73.5,18.0,0.21
2026-07-07 08:00:00-06:00,165.05,87.02,128.75,18.53,0.34
2026-07-07 09:00:00-06:00,245.65,121.66,170.2,19.04,0.48
2026-07-07 10:00:00-06:00,328.65,125.78,229.35,19.67,0.41
2026-07-07 11:00:00-06:00,342.3,81.57,267.8,20.61,0.48
2026-07-07 12:00:00-06:00,757.05,529.75,236.05,21.49,0.34
2026-07-07 13:00:00-06:00,797.1,585.0,215.0,24.67,1.03
2026-07-07 14:00:00-06:00,676.75,523.52,180.85,25.34,1.1
2026-07-07 15:00:00-06:00,527.15,417.38,175.15,25.35,0.9
2026-07-07 16:00:00-06:00,419.5,353.97,175.1,25.17,0.34
2026-07-07 17:00:00-06:00,219.9,159.94,140.1,25.13,0.62
2026-07-07 18:00:00-06:00,54.05,16.13,49.5,24.56,1.03
2026-07-07 19:00:00-06:00,1.15,0.0,1.15,23.91,0.14
2026-07-07 20:00:00-06:00,0.0,0.0,0.0,22.88,0.34
2026-07-07 21:00:00-06:00,0.0,0.0,0.0,22.15,0.34
2026-07-07 22:00:00-06:00,0.0,0.0,0.0,21.69,0.07
2026-07-07 23:00:00-06:00,0.0,0.0,0.0,20.67,0.55
2026-07-08 00:00:00-06:00,0.0,0.0,0.0,20.93,0.14
2026-07-08 01:00:00-06:00,0.0,0.0,0.0,19.92,0.41
2026-07-08 02:00:00-06:00,0.0,0.0,0.0,19.57,0.48
2026-07-08 03:00:00-06:00,0.0,0.0,0.0,19.02,0.69
2026-07-08 04:00:00-06:00,0.0,0.0,0.0,18.96,0.48
2026-07-08 05:00:00-06:00,0.0,0.0,0.0,18.82,0.41
2026-07-08 06:00:00-06:00,0.0,0.0,0.0,18.85,0.21
2026-07-08 07:00:00-06:00,100.75,136.81,74.35,18.71,0.21
2026-07-08 08:00:00-06:00,350.85,450.13,163.5,19.39,0.14
2026-07-08 09:00:00-06:00,577.2,591.84,210.55,21.17,0.21
2026-07-08 10:00:00-06:00,679.7,561.27,236.85,22.64,0.76
2026-07-08 11:00:00-06:00,661.0,449.49,250.55,23.64,1.24
2026-07-08 12:00:00-06:00,791.0,475.2,323.65,23.73,1.24
2026-07-08 13:00:00-06:00,780.65,480.6,302.35,25.3,1.03
2026-07-08 14:00:00-06:00,727.15,480.41,271.95,25.86,0.41
2026-07-08 15:00:00-06:00,552.15,344.26,261.7,26.32,0.76
2026-07-08 16:00:00-06:00,286.65,124.21,200.85,26.36,0.34
2026-07-08 17:00:00-06:00,137.1,51.18,111.55,25.03,0.55
2026-07-08 18:00:00-06:00,64.5,72.13,44.15,23.65,0.48
2026-07-08 19:00:00-06:00,1.4,1.85,1.3,23.42,0.07
2026-07-08 20:00:00-06:00,0.0,0.0,0.0,20.64,0.83
2026-07-08 21:00:00-06:00,0.0,0.0,0.0,19.33,1.1
2026-07-08 22:00:00-06:00,0.0,0.0,0.0,18.73,0.9
2026-07-08 23:00:00-06:00,0.0,0.0,0.0,17.8,1.24
2026-07-09 00:00:00-06:00,0.0,0.0,0.0,17.16,1.31
2026-07-09 01:00:00-06:00,0.0,0.0,0.0,17.08,1.31
2026-07-09 02:00:00-06:00,0.0,0.0,0.0,16.63,1.31
2026-07-09 03:00:00-06:00,0.0,0.0,0.0,15.93,1.31
2026-07-09 04:00:00-06:00,0.0,0.0,0.0,15.76,1.24
2026-07-09 05:00:00-06:00,0.0,0.0,0.0,15.51,1.24
2026-07-09 06:00:00-06:00,0.0,0.0,0.0,15.33,1.24
2026-07-09 07:00:00-06:00,220.8,745.41,77.8,16.44,1.03
2026-07-09 08:00:00-06:00,456.15,860.09,98.95,20.1,0.55
2026-07-09 09:00:00-06:00,666.95,906.29,106.1,22.13,0.28
2026-07-09 10:00:00-06:00,817.0,886.78,117.7,23.63,0.76
2026-07-09 11:00:00-06:00,845.3,758.69,152.65,25.04,0.97
2026-07-09 12:00:00-06:00,1021.3,918.66,117.8,26.09,1.1
2026-07-09 13:00:00-06:00,934.3,815.77,122.3,27.79,1.17
2026-07-09 14:00:00-06:00,890.35,813.77,119.05,28.3,1.17
2026-07-09 15:00:00-06:00,747.15,769.88,97.35,28.71,1.24
2026-07-09 16:00:00-06:00,537.85,643.25,93.3,28.03,1.1
2026-07-09 17:00:00-06:00,216.8,217.54,108.15,26.99,0.97
2026-07-09 18:00:00-06:00,79.3,122.08,44.85,26.02,1.45
2026-07-09 19:00:00-06:00,1.7,0.93,1.65,24.93,1.17
2026-07-09 20:00:00-06:00,0.0,0.0,0.0,23.01,1.17
2026-07-09 21:00:00-06:00,0.0,0.0,0.0,21.2,1.31
2026-07-09 22:00:00-06:00,0.0,0.0,0.0,20.38,1.52
2026-07-09 23:00:00-06:00,0.0,0.0,0.0,19.88,1.38
2026-07-10 00:00:00-06:00,0.0,0.0,0.0,19.44,1.17
2026-07-10 01:00:00-06:00,0.0,0.0,0.0,18.54,1.03
2026-07-10 02:00:00-06:00,0.0,0.0,0.0,18.05,1.1
2026-07-10 03:00:00-06:00,0.0,0.0,0.0,17.84,1.1
2026-07-10 04:00:00-06:00,0.0,0.0,0.0,17.54,1.03
2026-07-10 05:00:00-06:00,0.0,0.0,0.0,17.2,1.03
2026-07-10 06:00:00-06:00,0.0,0.0,0.0,16.69,1.17
2026-07-10 07:00:00-06:00,200.05,668.57,72.55,17.62,0.97
2026-07-10 08:00:00-06:00,444.8,800.57,113.05,20.42,0.9
2026-07-10 09:00:00-06:00,638.4,828.0,126.55,22.29,0.21
2026-07-10 10:00:00-06:00,773.6,812.78,133.0,23.69,0.9
2026-07-10 11:00:00-06:00,889.9,826.61,135.4,24.95,1.31
2026-07-10 12:00:00-06:00,923.9,766.9,169.65,25.88,1.45
2026-07-10 13:00:00-06:00,873.7,692.43,184.35,26.46,1.03
2026-07-10 14:00:00-06:00,576.05,390.0,206.3,26.37,0.69
2026-07-10 15:00:00-06:00,501.6,286.26,259.9,26.8,0.55
2026-07-10 16:00:00-06:00,312.95,116.43,232.45,26.37,0.07
2026-07-10 17:00:00-06:00,140.15,66.35,107.0,25.27,1.03
2026-07-10 18:00:00-06:00,40.25,3.9,39.15,24.08,1.31
2026-07-10 19:00:00-06:00,1.25,0.0,1.25,23.22,0.41
2026-07-10 20:00:00-06:00,0.0,0.0,0.0,22.45,0.41
2026-07-10 21:00:00-06:00,0.0,0.0,0.0,21.78,0.55
2026-07-10 22:00:00-06:00,0.0,0.0,0.0,20.33,0.83
2026-07-10 23:00:00-06:00,0.0,0.0,0.0,20.83,0.41
2026-07-11 00:00:00-06:00,0.0,0.0,0.0,18.46,1.03
2026-07-11 01:00:00-06:00,0.0,0.0,0.0,18.5,0.55
2026-07-11 02:00:00-06:00,0.0,0.0,0.0,18.19,0.41
2026-07-11 03:00:00-06:00,0.0,0.0,0.0,17.45,0.9
2026-07-11 04:00:00-06:00,0.0,0.0,0.0,17.31,0.76
2026-07-11 05:00:00-06:00,0.0,0.0,0.0,17.44,0.41
2026-07-11 06:00:00-06:00,0.0,0.0,0.0,17.24,0.76
2026-07-11 07:00:00-06:00,171.2,510.38,74.45,17.24,0.55
2026-07-11 08:00:00-06:00,380.25,571.84,143.8,18.81,0.62
2026-07-11 09:00:00-06:00,633.75,757.14,166.2,20.42,0.48
2026-07-11 10:00:00-06:00,778.5,831.8,123.25,22.25,0.69
2026-07-11 11:00:00-06:00,865.05,776.2,156.7,23.7,0.97
2026-07-11 12:00:00-06:00,923.65,756.97,179.15,24.98,1.38
2026-07-11 13:00:00-06:00,837.85,686.14,154.65,26.09,1.52
2026-07-11 14:00:00-06:00,762.15,626.09,168.4,26.15,1.38
2026-07-11 15:00:00-06:00,672.2,641.76,130.15,26.01,0.34
2026-07-11 16:00:00-06:00,376.95,346.06,137.6,26.21,0.21
2026-07-11 17:00:00-06:00,222.95,230.89,107.55,25.81,1.03
2026-07-11 18:00:00-06:00,69.65,65.74,51.1,24.98,0.41
2026-07-11 19:00:00-06:00,1.65,0.0,1.65,23.75,0.9
2026-07-11 20:00:00-06:00,0.0,0.0,0.0,21.78,0.97
2026-07-11 21:00:00-06:00,0.0,0.0,0.0,20.47,1.1
2026-07-11 22:00:00-06:00,0.0,0.0,0.0,19.37,1.38
2026-07-11 23:00:00-06:00,0.0,0.0,0.0,19.52,0.76
2026-07-12 00:00:00-06:00,0.0,0.0,0.0,19.84,0.34
2026-07-12 01:00:00-06:00,0.0,0.0,0.0,18.46,0.14
2026-07-12 02:00:00-06:00,0.0,0.0,0.0,17.6,0.48
2026-07-12 03:00:00-06:00,0.0,0.0,0.0,17.71,0.21
2026-07-12 04:00:00-06:00,0.0,0.0,0.0,17.51,0.48
2026-07-12 05:00:00-06:00,0.0,0.0,0.0,17.44,0.14
2026-07-12 06:00:00-06:00,0.0,0.0,0.0,17.46,0.14
2026-07-12 07:00:00-06:00,120.4,129.5,96.0,17.3,0.21
2026-07-12 08:00:00-06:00,287.4,325.27,153.2,18.04,0.69
2026-07-12 09:00:00-06:00,364.2,295.93,181.65,19.18,0.9
2026-07-12 10:00:00-06:00,534.0,379.88,234.9,20.23,1.03
2026-07-12 11:00:00-06:00,601.55,303.7,324.45,21.56,1.17
2026-07-12 12:00:00-06:00,737.15,374.97,368.35,22.43,0.9
2026-07-12 13:00:00-06:00,679.7,370.32,310.9,23.26,1.1
2026-07-12 14:00:00-06:00,624.05,366.38,276.5,23.84,0.97
2026-07-12 15:00:00-06:00,460.55,250.26,249.1,24.29,1.24
2026-07-12 16:00:00-06:00,271.0,101.75,200.6,23.78,1.38
2026-07-12 17:00:00-06:00,134.4,37.41,115.7,23.19,1.1
2026-07-12 18:00:00-06:00,51.5,27.48,43.75,22.58,0.34
2026-07-12 19:00:00-06:00,1.55,0.94,1.5,21.76,0.76
2026-07-12 20:00:00-06:00,0.0,0.0,0.0,20.61,0.55
2026-07-12 21:00:00-06:00,0.0,0.0,0.0,19.83,0.69
2026-07-12 22:00:00-06:00,0.0,0.0,0.0,19.78,0.48
2026-07-12 23:00:00-06:00,0.0,0.0,0.0,18.61,0.76
2026-07-13 00:00:00-06:00,0.0,0.0,0.0,17.84,1.03
2026-07-13 01:00:00-06:00,0.0,0.0,0.0,19.67,0.48
2026-07-13 02:00:00-06:00,0.0,0.0,0.0,19.23,0.28
2026-07-13 03:00:00-06:00,0.0,0.0,0.0,18.65,0.28
2026-07-13 04:00:00-06:00,0.0,0.0,0.0,18.07,0.14
2026-07-13 05:00:00-06:00,0.0,0.0,0.0,17.88,0.28
2026-07-13 06:00:00-06:00,0.0,0.0,0.0,17.61,0.41
2026-07-13 07:00:00-06:00,124.5,249.64,77.75,17.74,0.41
2026-07-13 08:00:00-06:00,296.4,366.79,145.4,18.99,0.07
2026-07-13 09:00:00-06:00,518.75,543.07,184.1,20.49,0.0
2026-07-13 10:00:00-06:00,660.15,588.91,196.7,22.01,0.76
2026-07-13 11:00:00-06:00,769.1,643.18,182.35,23.26,1.31
2026-07-13 12:00:00-06:00,865.05,679.61,196.6,24.32,1.31
2026-07-13 13:00:00-06:00,809.7,595.85,216.2,25.95,1.52
2026-07-13 14:00:00-06:00,742.35,582.87,189.3,25.85,1.1
2026-07-13 15:00:00-06:00,573.1,415.9,221.6,26.44,1.1
2026-07-13 16:00:00-06:00,317.15,221.8,163.65,25.29,1.38
2026-07-13 17:00:00-06:00,117.85,66.9,84.4,23.84,1.31
2026-07-13 18:00:00-06:00,43.7,24.83,36.7,22.39,0.69
2026-07-13 19:00:00-06:00,0.75,0.0,0.75,21.44,1.1
2026-07-13 20:00:00-06:00,0.0,0.0,0.0,19.79,0.69
2026-07-13 21:00:00-06:00,0.0,0.0,0.0,19.49,0.41
2026-07-13 22:00:00-06:00,0.0,0.0,0.0,19.04,0.07
2026-07-13 23:00:00-06:00,0.0,0.0,0.0,18.72,0.07
2026-07-14 00:00:00-06:00,0.0,0.0,0.0,18.1,0.21
2026-07-14 01:00:00-06:00,0.0,0.0,0.0,17.64,0.41
2026-07-14 02:00:00-06:00,0.0,0.0,0.0,17.28,0.34
2026-07-14 03:00:00-06:00,0.0,0.0,0.0,17.13,0.48
2026-07-14 04:00:00-06:00,0.0,0.0,0.0,17.15,0.41
2026-07-14 05:00:00-06:00,0.0,0.0,0.0,16.96,0.34
2026-07-14 06:00:00-06:00,0.0,0.0,0.0,17.04,0.34
2026-07-14 07:00:00-06:00,148.55,276.17,97.15,17.27,0.34
2026-07-14 08:00:00-06:00,296.9,396.68,133.95,18.31,0.14
2026-07-14 09:00:00-06:00,479.4,515.44,162.1,19.18,0.55
2026-07-14 10:00:00-06:00,609.5,457.1,249.95,20.52,0.97
2026-07-14 11:00:00-06:00,825.85,638.08,243.85,21.76,1.31
2026-07-14 12:00:00-06:00,825.25,598.36,236.7,23.41,1.72
2026-07-14 13:00:00-06:00,813.55,584.91,230.85,23.81,1.31
2026-07-14 14:00:00-06:00,781.35,606.7,205.55,24.47,1.45
2026-07-14 15:00:00-06:00,622.35,475.88,220.05,24.67,1.17
2026-07-14 16:00:00-06:00,398.25,337.53,164.6,24.61,0.9
2026-07-14 17:00:00-06:00,199.2,144.79,126.8,24.33,1.24
2026-07-14 18:00:00-06:00,49.7,37.99,39.0,23.59,1.03
2026-07-14 19:00:00-06:00,0.8,0.0,0.8,21.76,0.48
2026-07-14 20:00:00-06:00,0.0,0.0,0.0,21.15,0.62
2026-07-14 21:00:00-06:00,0.0,0.0,0.0,21.22,0.34
2026-07-14 22:00:00-06:00,0.0,0.0,0.0,19.99,0.48
2026-07-14 23:00:00-06:00,0.0,0.0,0.0,18.52,0.83
2026-07-15 00:00:00-06:00,0.0,0.0,0.0,18.11,1.03
2026-07-15 01:00:00-06:00,0.0,0.0,0.0,17.46,0.83
2026-07-15 02:00:00-06:00,0.0,0.0,0.0,16.89,0.97
2026-07-15 03:00:00-06:00,0.0,0.0,0.0,16.67,1.1
2026-07-15 04:00:00-06:00,0.0,0.0,0.0,16.25,1.24
2026-07-15 05:00:00-06:00,0.0,0.0,0.0,15.99,1.31
2026-07-15 06:00:00-06:00,0.0,0.0,0.0,15.95,1.24
2026-07-15 07:00:00-06:00,172.7,449.02,89.65,16.26,1.03
2026-07-15 08:00:00-06:00,340.3,551.98,114.05,18.28,0.48
2026-07-15 09:00:00-06:00,544.35,676.38,128.4,19.99,0.28
2026-07-15 10:00:00-06:00,665.75,638.12,164.05,21.47,0.83
2026-07-15 11:00:00-06:00,822.95,723.55,163.1,22.7,1.31
2026-07-15 12:00:00-06:00,912.7,764.55,160.65,23.47,1.59
2026-07-15 13:00:00-06:00,906.9,767.53,142.15,24.59,1.17
2026-07-15 14:00:00-06:00,817.3,691.3,161.05,25.58,1.52
2026-07-15 15:00:00-06:00,681.15,611.17,164.35,25.9,1.45
2026-07-15 16:00:00-06:00,430.2,386.72,162.45,25.75,1.93
2026-07-15 17:00:00-06:00,198.7,122.0,137.7,24.32,1.66
2026-07-15 18:00:00-06:00,47.95,8.53,45.55,22.92,1.38
2026-07-15 19:00:00-06:00,0.8,0.0,0.8,21.26,0.83
2026-07-15 20:00:00-06:00,0.0,0.0,0.0,19.68,0.76
2026-07-15 21:00:00-06:00,0.0,0.0,0.0,19.24,1.17
2026-07-15 22:00:00-06:00,0.0,0.0,0.0,18.42,0.83
2026-07-15 23:00:00-06:00,0.0,0.0,0.0,18.21,1.03
2026-07-16 00:00:00-06:00,0.0,0.0,0.0,17.97,1.1
2026-07-16 01:00:00-06:00,0.0,0.0,0.0,18.32,0.41
2026-07-16 02:00:00-06:00,0.0,0.0,0.0,17.42,1.24
2026-07-16 03:00:00-06:00,0.0,0.0,0.0,17.18,1.24
2026-07-16 04:00:00-06:00,0.0,0.0,0.0,16.7,1.31
2026-07-16 05:00:00-06:00,0.0,0.0,0.0,16.35,1.1
2026-07-16 06:00:00-06:00,0.0,0.0,0.0,16.0,0.76
2026-07-16 07:00:00-06:00,149.05,406.41,74.35,16.46,0.48
2026-07-16 08:00:00-06:00,284.0,415.77,113.95,18.56,0.28
2026-07-16 09:00:00-06:00,489.1,530.4,163.25,19.91,0.55
2026-07-16 10:00:00-06:00,635.95,587.58,174.2,21.34,1.03
2026-07-16 11:00:00-06:00,665.35,483.81,224.2,22.69,1.24
2026-07-16 12:00:00-06:00,892.95,760.3,145.05,23.37,1.24
2026-07-16 13:00:00-06:00,833.4,653.26,182.4,25.57,1.79
2026-07-16 14:00:00-06:00,794.55,665.88,162.3,24.9,1.03
2026-07-16 15:00:00-06:00,637.7,574.15,152.1,25.58,0.48
2026-07-16 16:00:00-06:00,414.75,388.12,146.0,25.96,0.9
2026-07-16 17:00:00-06:00,195.85,171.52,110.1,25.17,0.69
2026-07-16 18:00:00-06:00,59.45,89.66,34.25,23.44,0.55
2026-07-16 19:00:00-06:00,1.1,0.0,1.1,22.73,0.69
2026-07-16 20:00:00-06:00,0.0,0.0,0.0,21.55,0.48
2026-07-16 21:00:00-06:00,0.0,0.0,0.0,20.11,1.38
2026-07-16 22:00:00-06:00,0.0,0.0,0.0,18.54,0.9
2026-07-16 23:00:00-06:00,0.0,0.0,0.0,17.93,0.97
2026-07-17 00:00:00-06:00,0.0,0.0,0.0,17.52,0.97
2026-07-17 01:00:00-06:00,0.0,0.0,0.0,19.59,0.21
2026-07-17 02:00:00-06:00,0.0,0.0,0.0,19.15,0.28
2026-07-17 03:00:00-06:00,0.0,0.0,0.0,18.8,0.21
2026-07-17 04:00:00-06:00,0.0,0.0,0.0,18.52,0.07
2026-07-17 05:00:00-06:00,0.0,0.0,0.0,18.09,0.07
2026-07-17 06:00:00-06:00,0.0,0.0,0.0,17.79,0.28
2026-07-17 07:00:00-06:00,162.8,445.66,81.4,17.47,0.28
2026-07-17 08:00:00-06:00,345.25,487.12,146.45,18.95,0.14
2026-07-17 09:00:00-06:00,536.6,628.2,151.05,20.65,0.34
2026-07-17 10:00:00-06:00,633.75,575.11,182.0,22.05,0.76
2026-07-17 11:00:00-06:00,752.35,558.19,243.45,23.22,1.1
2026-07-17 12:00:00-06:00,845.25,695.16,161.4,24.27,1.59
2026-07-17 13:00:00-06:00,912.75,754.55,160.7,25.04,1.17
2026-07-17 14:00:00-06:00,783.75,661.33,155.7,26.0,0.76
2026-07-17 15:00:00-06:00,624.2,539.58,167.75,26.75,1.45
2026-07-17 16:00:00-06:00,366.6,368.52,111.4,26.67,0.97
2026-07-17 17:00:00-06:00,212.35,208.37,108.2,26.16,0.9
2026-07-17 18:00:00-06:00,58.7,58.43,42.3,25.13,0.28
2026-07-17 19:00:00-06:00,0.9,0.0,0.9,23.42,0.21
2026-07-17 20:00:00-06:00,0.0,0.0,0.0,21.79,0.41
2026-07-17 21:00:00-06:00,0.0,0.0,0.0,19.65,0.97
2026-07-17 22:00:00-06:00,0.0,0.0,0.0,19.29,1.24
2026-07-17 23:00:00-06:00,0.0,0.0,0.0,18.62,1.1
2026-07-18 00:00:00-06:00,0.0,0.0,0.0,18.3,1.17
2026-07-18 01:00:00-06:00,0.0,0.0,0.0,18.9,0.76
2026-07-18 02:00:00-06:00,0.0,0.0,0.0,18.27,0.83
2026-07-18 03:00:00-06:00,0.0,0.0,0.0,18.15,0.76
2026-07-18 04:00:00-06:00,0.0,0.0,0.0,18.2,0.62
2026-07-18 05:00:00-06:00,0.0,0.0,0.0,18.52,0.41
2026-07-18 06:00:00-06:00,0.0,0.0,0.0,18.33,0.41
2026-07-18 07:00:00-06:00,150.8,392.85,79.5,18.21,0.34
2026-07-18 08:00:00-06:00,379.4,591.91,138.35,19.68,0.0
2026-07-18 09:00:00-06:00,573.95,702.21,143.4,21.24,0.48
2026-07-18 10:00:00-06:00,684.7,652.8,172.15,22.5,1.17
2026-07-18 11:00:00-06:00,825.65,708.12,180.15,23.66,1.45
2026-07-18 12:00:00-06:00,900.75,761.56,151.55,24.11,1.38
2026-07-18 13:00:00-06:00,868.0,703.48,166.75,25.19,0.9
2026-07-18 14:00:00-06:00,476.45,292.78,198.35,25.94,0.28
2026-07-18 15:00:00-06:00,540.3,415.99,188.35,25.31,0.62
2026-07-18 16:00:00-06:00,466.7,441.07,161.25,25.61,1.1
2026-07-18 17:00:00-06:00,195.2,185.82,102.35,24.94,0.69
2026-07-18 18:00:00-06:00,62.15,83.68,38.7,23.59,0.9
2026-07-18 19:00:00-06:00,0.8,0.0,0.8,22.35,0.9
2026-07-18 20:00:00-06:00,0.0,0.0,0.0,21.26,0.34
2026-07-18 21:00:00-06:00,0.0,0.0,0.0,19.53,0.97
2026-07-18 22:00:00-06:00,0.0,0.0,0.0,19.02,1.17
2026-07-18 23:00:00-06:00,0.0,0.0,0.0,18.52,0.83
2026-07-19 00:00:00-06:00,0.0,0.0,0.0,18.33,1.17
2026-07-19 01:00:00-06:00,0.0,0.0,0.0,18.29,0.41
2026-07-19 02:00:00-06:00,0.0,0.0,0.0,17.98,0.28
2026-07-19 03:00:00-06:00,0.0,0.0,0.0,17.48,0.34
2026-07-19 04:00:00-06:00,0.0,0.0,0.0,17.27,0.34
2026-07-19 05:00:00-06:00,0.0,0.0,0.0,17.09,0.62
2026-07-19 06:00:00-06:00,0.0,0.0,0.0,17.05,0.97
2026-07-19 07:00:00-06:00,108.0,260.89,60.95,17.57,0.76
2026-07-19 08:00:00-06:00,272.7,334.67,136.7,18.96,0.28
2026-07-19 09:00:00-06:00,460.35,468.04,173.65,20.04,0.14
2026-07-19 10:00:00-06:00,702.35,608.61,224.7,21.8,0.69
2026-07-19 11:00:00-06:00,867.0,725.66,205.6,22.83,1.17
2026-07-19 12:00:00-06:00,889.9,696.89,204.3,24.36,1.38
2026-07-19 13:00:00-06:00,751.5,541.4,211.75,25.27,1.03
2026-07-19 14:00:00-06:00,701.65,574.73,155.65,25.63,0.21
2026-07-19 15:00:00-06:00,448.7,345.5,156.35,26.05,0.48
2026-07-19 16:00:00-06:00,384.55,358.85,136.05,25.79,0.55
2026-07-19 17:00:00-06:00,185.5,128.74,121.2,25.73,0.62
2026-07-19 18:00:00-06:00,45.25,27.35,37.6,24.34,1.24
2026-07-19 19:00:00-06:00,0.95,0.0,0.95,22.96,1.38
2026-07-19 20:00:00-06:00,0.0,0.0,0.0,21.5,0.9
2026-07-19 21:00:00-06:00,0.0,0.0,0.0,20.2,0.97
2026-07-19 22:00:00-06:00,0.0,0.0,0.0,19.35,1.1
2026-07-19 23:00:00-06:00,0.0,0.0,0.0,19.16,0.76
2026-07-20 00:00:00-06:00,0.0,0.0,0.0,18.77,0.62
2026-07-20 01:00:00-06:00,0.0,0.0,0.0,18.11,0.69
2026-07-20 02:00:00-06:00,0.0,0.0,0.0,18.55,0.14
2026-07-20 03:00:00-06:00,0.0,0.0,0.0,18.04,0.34
2026-07-20 04:00:00-06:00,0.0,0.0,0.0,17.66,0.28
2026-07-20 05:00:00-06:00,0.0,0.0,0.0,17.53,0.34
2026-07-20 06:00:00-06:00,0.0,0.0,0.0,17.55,0.34
2026-07-20 07:00:00-06:00,156.65,465.41,73.25,17.58,0.28
2026-07-20 08:00:00-06:00,329.55,523.04,117.45,18.53,0.28
2026-07-20 09:00:00-06:00,561.3,663.19,155.45,19.99,0.34
2026-07-20 10:00:00-06:00,685.8,667.43,162.2,21.72,0.69
2026-07-20 11:00:00-06:00,793.4,636.92,212.95,22.98,1.38
2026-07-20 12:00:00-06:00,915.25,751.44,175.95,23.81,1.38
2026-07-20 13:00:00-06:00,827.35,622.97,206.2,25.21,1.24
2026-07-20 14:00:00-06:00,814.75,617.96,227.6,25.63,0.97
2026-07-20 15:00:00-06:00,561.1,391.56,229.75,26.6,1.66
2026-07-20 16:00:00-06:00,400.7,236.27,237.1,26.37,1.66
2026-07-20 17:00:00-06:00,154.95,58.09,125.95,25.71,1.93
2026-07-20 18:00:00-06:00,45.75,14.51,41.7,24.4,1.45
2026-07-20 19:00:00-06:00,0.8,0.0,0.8,22.94,0.76
2026-07-20 20:00:00-06:00,0.0,0.0,0.0,21.71,0.83
2026-07-20 21:00:00-06:00,0.0,0.0,0.0,20.11,1.1
2026-07-20 22:00:00-06:00,0.0,0.0,0.0,19.11,1.1
2026-07-20 23:00:00-06:00,0.0,0.0,0.0,18.5,0.9
2026-07-21 00:00:00-06:00,0.0,0.0,0.0,19.17,0.41
2026-07-21 01:00:00-06:00,0.0,0.0,0.0,18.36,0.41
2026-07-21 02:00:00-06:00,0.0,0.0,0.0,18.28,0.28
2026-07-21 03:00:00-06:00,0.0,0.0,0.0,18.0,0.34
2026-07-21 04:00:00-06:00,0.0,0.0,0.0,17.66,0.48
2026-07-21 05:00:00-06:00,0.0,0.0,0.0,17.52,0.41
2026-07-21 06:00:00-06:00,0.0,0.0,0.0,17.47,0.34
2026-07-21 07:00:00-06:00,145.45,367.02,80.1,17.38,0.34
2026-07-21 08:00:00-06:00,293.5,401.69,130.95,18.55,0.41
2026-07-21 09:00:00-06:00,537.85,633.3,150.65,19.49,0.69
2026-07-21 10:00:00-06:00,710.85,720.3,146.0,20.98,0.97
2026-07-21 11:00:00-06:00,761.25,649.78,169.15,22.51,1.03
2026-07-21 12:00:00-06:00,978.15,840.65,151.05,23.76,0.9
2026-07-21 13:00:00-06:00,986.55,828.37,160.5,26.06,1.17
2026-07-21 14:00:00-06:00,893.75,799.36,134.15,26.91,1.45
2026-07-21 15:00:00-06:00,674.65,565.01,196.5,27.23,1.66
2026-07-21 16:00:00-06:00,346.5,174.7,225.55,26.99,1.24
2026-07-21 17:00:00-06:00,167.35,74.87,130.0,26.02,0.83
2026-07-21 18:00:00-06:00,55.9,22.08,49.75,24.95,1.31
2026-07-21 19:00:00-06:00,1.15,0.0,1.15,23.5,1.03
2026-07-21 20:00:00-06:00,0.0,0.0,0.0,22.3,0.76
2026-07-21 21:00:00-06:00,0.0,0.0,0.0,21.3,0.83
2026-07-21 22:00:00-06:00,0.0,0.0,0.0,19.93,1.03
2026-07-21 23:00:00-06:00,0.0,0.0,0.0,19.21,0.9
2026-07-22 00:00:00-06:00,0.0,0.0,0.0,18.93,0.48
2026-07-22 01:00:00-06:00,0.0,0.0,0.0,18.91,0.21
2026-07-22 02:00:00-06:00,0.0,0.0,0.0,18.68,0.41
2026-07-22 03:00:00-06:00,0.0,0.0,0.0,17.8,0.69
2026-07-22 04:00:00-06:00,0.0,0.0,0.0,17.68,0.62
2026-07-22 05:00:00-06:00,0.0,0.0,0.0,17.59,0.55
2026-07-22 06:00:00-06:00,0.0,0.0,0.0,16.81,0.69
2026-07-22 07:00:00-06:00,198.5,676.87,78.75,17.04,0.69
2026-07-22 08:00:00-06:00,411.8,711.57,124.45,19.45,0.21
2026-07-22 09:00:00-06:00,604.65,798.89,116.65,21.3,0.34
2026-07-22 10:00:00-06:00,749.05,793.49,127.05,22.79,0.9
2026-07-22 11:00:00-06:00,837.1,722.35,178.95,24.06,1.31
2026-07-22 12:00:00-06:00,904.0,778.16,138.35,25.06,1.38
2026-07-22 13:00:00-06:00,860.9,660.48,202.2,25.27,1.31
2026-07-22 14:00:00-06:00,759.65,622.3,168.25,25.63,0.62
2026-07-22 15:00:00-06:00,662.85,561.4,187.75,26.47,1.03
2026-07-22 16:00:00-06:00,325.75,213.53,177.95,26.63,0.69
2026-07-22 17:00:00-06:00,136.9,52.35,110.8,25.42,0.69
2026-07-22 18:00:00-06:00,29.2,0.0,29.2,24.48,0.97
2026-07-22 19:00:00-06:00,0.85,0.0,0.85,23.31,0.34
2026-07-22 20:00:00-06:00,0.0,0.0,0.0,21.68,1.17
2026-07-22 21:00:00-06:00,0.0,0.0,0.0,20.92,0.69
2026-07-22 22:00:00-06:00,0.0,0.0,0.0,20.89,0.07
2026-07-22 23:00:00-06:00,0.0,0.0,0.0,20.52,0.41
2026-07-23 00:00:00-06:00,0.0,0.0,0.0,19.84,0.76
2026-07-23 01:00:00-06:00,0.0,0.0,0.0,18.05,0.69
2026-07-23 02:00:00-06:00,0.0,0.0,0.0,17.49,0.76
2026-07-23 03:00:00-06:00,0.0,0.0,0.0,17.12,0.9
2026-07-23 04:00:00-06:00,0.0,0.0,0.0,16.89,1.03
2026-07-23 05:00:00-06:00,0.0,0.0,0.0,16.8,1.1
2026-07-23 06:00:00-06:00,0.0,0.0,0.0,16.56,1.03
2026-07-23 07:00:00-06:00,168.5,589.64,64.85,17.19,0.9
2026-07-23 08:00:00-06:00,396.3,732.89,100.95,19.62,0.41
2026-07-23 09:00:00-06:00,633.5,850.07,114.7,21.38,0.14
2026-07-23 10:00:00-06:00,770.2,843.18,109.5,23.38,0.69
2026-07-23 11:00:00-06:00,939.15,896.9,122.05,24.64,1.1
2026-07-23 12:00:00-06:00,914.85,803.03,124.7,25.97,1.52
2026-07-23 13:00:00-06:00,986.5,868.46,120.3,26.63,1.52
2026-07-23 14:00:00-06:00,854.35,761.61,130.5,27.5,1.52
2026-07-23 15:00:00-06:00,737.45,726.03,123.05,27.14,1.17
2026-07-23 16:00:00-06:00,468.9,533.69,99.6,26.99,0.48
2026-07-23 17:00:00-06:00,270.05,384.86,78.35,26.65,0.41
2026-07-23 18:00:00-06:00,84.4,172.69,36.55,25.49,1.38
2026-07-23 19:00:00-06:00,0.95,0.0,0.95,23.87,1.52
2026-07-23 20:00:00-06:00,0.0,0.0,0.0,22.78,1.31
2026-07-23 21:00:00-06:00,0.0,0.0,0.0,21.08,1.1
2026-07-23 22:00:00-06:00,0.0,0.0,0.0,20.47,0.97
2026-07-23 23:00:00-06:00,0.0,0.0,0.0,19.6,1.1
2026-07-24 00:00:00-06:00,0.0,0.0,0.0,19.09,1.1
2026-07-24 01:00:00-06:00,0.0,0.0,0.0,19.89,1.03
2026-07-24 02:00:00-06:00,0.0,0.0,0.0,18.81,1.31
2026-07-24 03:00:00-06:00,0.0,0.0,0.0,18.39,1.17
2026-07-24 04:00:00-06:00,0.0,0.0,0.0,18.4,0.97
2026-07-24 05:00:00-06:00,0.0,0.0,0.0,18.07,1.03
2026-07-24 06:00:00-06:00,0.0,0.0,0.0,17.52,1.24
2026-07-24 07:00:00-06:00,216.55,756.6,84.4,17.6,1.03
2026-07-24 08:00:00-06:00,428.1,731.78,133.8,20.9,0.48
2026-07-24 09:00:00-06:00,611.05,779.81,135.55,22.43,0.21
2026-07-24 10:00:00-06:00,818.05,852.94,149.95,23.71,0.62
2026-07-24 11:00:00-06:00,877.35,803.19,145.7,25.2,0.97
2026-07-24 12:00:00-06:00,858.75,656.72,212.55,26.31,1.1
2026-07-24 13:00:00-06:00,930.6,693.5,238.85,27.4,1.17
2026-07-24 14:00:00-06:00,794.2,625.43,199.75,28.18,1.24
2026-07-24 15:00:00-06:00,682.5,627.17,151.8,28.27,1.45
2026-07-24 16:00:00-06:00,528.05,600.02,113.0,27.69,1.45
2026-07-24 17:00:00-06:00,214.35,183.27,123.15,27.37,1.03
2026-07-24 18:00:00-06:00,56.2,45.06,43.75,26.0,1.03
2026-07-24 19:00:00-06:00,0.55,0.0,0.55,23.98,0.48
2026-07-24 20:00:00-06:00,0.0,0.0,0.0,22.61,1.24
2026-07-24 21:00:00-06:00,0.0,0.0,0.0,21.15,1.31
2026-07-24 22:00:00-06:00,0.0,0.0,0.0,20.07,0.9
2026-07-24 23:00:00-06:00,0.0,0.0,0.0,20.14,0.21
2026-07-25 00:00:00-06:00,0.0,0.0,0.0,19.79,0.21
2026-07-25 01:00:00-06:00,0.0,0.0,0.0,19.38,0.34
2026-07-25 02:00:00-06:00,0.0,0.0,0.0,19.18,0.28
2026-07-25 03:00:00-06:00,0.0,0.0,0.0,18.89,0.48
2026-07-25 04:00:00-06:00,0.0,0.0,0.0,18.67,0.28
2026-07-25 05:00:00-06:00,0.0,0.0,0.0,18.21,0.48
2026-07-25 06:00:00-06:00,0.0,0.0,0.0,17.77,0.76
2026-07-25 07:00:00-06:00,127.2,194.76,93.4,17.93,0.76
2026-07-25 08:00:00-06:00,289.75,340.09,153.25,19.5,0.41
2026-07-25 09:00:00-06:00,504.8,475.59,215.05,20.91,0.21
2026-07-25 10:00:00-06:00,701.8,662.38,183.15,22.49,0.62
2026-07-25 11:00:00-06:00,892.0,745.3,213.15,23.85,0.97
2026-07-25 12:00:00-06:00,874.7,594.91,289.3,25.49,1.38
2026-07-25 13:00:00-06:00,836.0,573.51,263.9,26.43,1.38
2026-07-25 14:00:00-06:00,733.0,523.73,235.2,26.59,1.38
2026-07-25 15:00:00-06:00,590.65,446.88,212.55,26.3,0.83
2026-07-25 16:00:00-06:00,385.8,303.35,176.05,26.38,0.76
2026-07-25 17:00:00-06:00,221.3,228.83,107.55,26.05,0.69
2026-07-25 18:00:00-06:00,46.2,60.28,29.6,24.96,0.28
2026-07-25 19:00:00-06:00,0.65,0.0,0.65,23.39,1.66
2026-07-25 20:00:00-06:00,0.0,0.0,0.0,20.57,1.79
2026-07-25 21:00:00-06:00,0.0,0.0,0.0,19.86,0.21
2026-07-25 22:00:00-06:00,0.0,0.0,0.0,19.52,1.38
2026-07-25 23:00:00-06:00,0.0,0.0,0.0,19.29,1.52
2026-07-26 00:00:00-06:00,0.0,0.0,0.0,19.04,1.38
2026-07-26 01:00:00-06:00,0.0,0.0,0.0,17.84,1.24
2026-07-26 02:00:00-06:00,0.0,0.0,0.0,16.89,1.38
2026-07-26 03:00:00-06:00,0.0,0.0,0.0,16.41,1.45
2026-07-26 04:00:00-06:00,0.0,0.0,0.0,15.74,1.52
2026-07-26 05:00:00-06:00,0.0,0.0,0.0,15.23,1.38
2026-07-26 06:00:00-06:00,0.0,0.0,0.0,14.75,1.38
2026-07-26 07:00:00-06:00,217.55,833.32,73.85,15.44,1.17
2026-07-26 08:00:00-06:00,445.9,836.94,110.65,19.17,0.69
2026-07-26 09:00:00-06:00,640.95,850.95,122.95,21.8,0.28
2026-07-26 10:00:00-06:00,853.8,956.89,104.8,23.85,0.48
2026-07-26 11:00:00-06:00,979.7,959.59,105.75,25.49,0.97
2026-07-26 12:00:00-06:00,986.0,879.95,120.1,26.92,1.38
2026-07-26 13:00:00-06:00,959.2,827.7,133.5,27.73,1.45
2026-07-26 14:00:00-06:00,853.0,779.44,112.15,28.26,1.59
2026-07-26 15:00:00-06:00,718.15,739.75,92.35,28.6,1.38
2026-07-26 16:00:00-06:00,490.7,556.71,105.95,28.55,1.1
2026-07-26 17:00:00-06:00,301.55,458.41,73.95,27.13,0.28
2026-07-26 18:00:00-06:00,83.95,183.28,33.65,26.16,1.1
2026-07-26 19:00:00-06:00,0.85,0.0,0.85,24.91,1.17
2026-07-26 20:00:00-06:00,0.0,0.0,0.0,23.13,1.59
2026-07-26 21:00:00-06:00,0.0,0.0,0.0,21.71,1.93
2026-07-26 22:00:00-06:00,0.0,0.0,0.0,20.63,1.79
2026-07-26 23:00:00-06:00,0.0,0.0,0.0,19.31,1.38
2026-07-27 00:00:00-06:00,0.0,0.0,0.0,18.18,1.24
2026-07-27 01:00:00-06:00,0.0,0.0,0.0,17.62,1.38
2026-07-27 02:00:00-06:00,0.0,0.0,0.0,17.11,1.38
2026-07-27 03:00:00-06:00,0.0,0.0,0.0,16.71,1.45
2026-07-27 04:00:00-06:00,0.0,0.0,0.0,16.12,1.45
2026-07-27 05:00:00-06:00,0.0,0.0,0.0,15.55,1.52
2026-07-27 06:00:00-06:00,0.0,0.0,0.0,15.23,1.45
2026-07-27 07:00:00-06:00,237.65,1020.16,62.85,15.91,1.31
2026-07-27 08:00:00-06:00,472.25,950.77,92.15,20.24,0.76
2026-07-27 09:00:00-06:00,673.0,938.87,101.95,23.05,0.55
2026-07-27 10:00:00-06:00,850.15,939.38,115.1,24.39,1.17
2026-07-27 11:00:00-06:00,904.9,846.69,133.85,25.62,1.17
2026-07-27 12:00:00-06:00,1032.45,919.07,128.05,26.72,1.17
2026-07-27 13:00:00-06:00,937.0,802.36,136.55,28.2,1.52
2026-07-27 14:00:00-06:00,875.0,785.25,128.65,28.58,1.86
2026-07-27 15:00:00-06:00,663.6,670.98,96.1,28.26,1.38
2026-07-27 16:00:00-06:00,438.4,466.76,116.0,27.53,0.55
2026-07-27 17:00:00-06:00,242.7,347.38,70.45,26.6,1.93
2026-07-27 18:00:00-06:00,79.65,137.15,42.15,25.38,1.72
2026-07-27 19:00:00-06:00,0.9,0.0,0.9,23.95,1.03
2026-07-27 20:00:00-06:00,0.0,0.0,0.0,22.24,1.1
2026-07-27 21:00:00-06:00,0.0,0.0,0.0,21.17,1.1
2026-07-27 22:00:00-06:00,0.0,0.0,0.0,20.6,1.03
2026-07-27 23:00:00-06:00,0.0,0.0,0.0,20.17,0.83
2026-07-28 00:00:00-06:00,0.0,0.0,0.0,20.25,0.62
2026-07-28 01:00:00-06:00,0.0,0.0,0.0,17.56,1.45
2026-07-28 02:00:00-06:00,0.0,0.0,0.0,16.84,1.24
2026-07-28 03:00:00-06:00,0.0,0.0,0.0,16.76,1.03
2026-07-28 04:00:00-06:00,0.0,0.0,0.0,16.72,0.83
2026-07-28 05:00:00-06:00,0.0,0.0,0.0,16.55,1.03
2026-07-28 06:00:00-06:00,0.0,0.0,0.0,16.59,0.83
2026-07-28 07:00:00-06:00,174.25,577.64,75.9,17.5,0.34
2026-07-28 08:00:00-06:00,370.65,621.91,122.5,19.24,0.0
2026-07-28 09:00:00-06:00,534.55,691.17,114.5,20.85,0.28
2026-07-28 10:00:00-06:00,704.95,739.04,126.85,22.38,0.97
2026-07-28 11:00:00-06:00,858.35,748.26,177.0,23.56,1.31
2026-07-28 12:00:00-06:00,904.95,696.41,219.65,25.19,1.45
2026-07-28 13:00:00-06:00,818.8,638.36,181.95,26.05,1.45
2026-07-28 14:00:00-06:00,783.6,651.25,164.65,26.34,0.9
2026-07-28 15:00:00-06:00,585.55,528.58,138.6,26.61,1.17
2026-07-28 16:00:00-06:00,434.15,427.28,139.2,25.41,0.21
2026-07-28 17:00:00-06:00,242.75,316.88,85.85,25.42,0.97
2026-07-28 18:00:00-06:00,67.75,118.23,35.55,23.81,0.9
2026-07-28 19:00:00-06:00,0.65,0.0,0.65,22.96,1.72
2026-07-28 20:00:00-06:00,0.0,0.0,0.0,22.45,0.28
2026-07-28 21:00:00-06:00,0.0,0.0,0.0,21.73,0.48
2026-07-28 22:00:00-06:00,0.0,0.0,0.0,19.96,0.97
2026-07-28 23:00:00-06:00,0.0,0.0,0.0,19.92,0.83
2026-07-29 00:00:00-06:00,0.0,0.0,0.0,20.22,0.62
2026-07-29 01:00:00-06:00,0.0,0.0,0.0,19.4,0.97
2026-07-29 02:00:00-06:00,0.0,0.0,0.0,18.35,1.03
2026-07-29 03:00:00-06:00,0.0,0.0,0.0,17.86,0.97
2026-07-29 04:00:00-06:00,0.0,0.0,0.0,16.94,0.9
2026-07-29 05:00:00-06:00,0.0,0.0,0.0,16.6,1.03
2026-07-29 06:00:00-06:00,0.0,0.0,0.0,16.34,1.24
2026-07-29 07:00:00-06:00,202.8,792.02,68.8,16.77,1.24
2026-07-29 08:00:00-06:00,409.55,717.76,123.7,19.93,0.76
2026-07-29 09:00:00-06:00,650.3,866.51,124.1,22.17,0.34
2026-07-29 10:00:00-06:00,831.8,888.0,137.4,24.14,0.76
2026-07-29 11:00:00-06:00,974.6,940.15,118.6,25.47,1.31
2026-07-29 12:00:00-06:00,1001.35,845.79,169.05,26.8,1.66
2026-07-29 13:00:00-06:00,882.05,707.43,176.3,27.25,1.31
2026-07-29 14:00:00-06:00,831.4,690.62,175.1,27.7,1.03
2026-07-29 15:00:00-06:00,676.15,633.96,140.25,28.0,0.62
2026-07-29 16:00:00-06:00,496.45,556.46,112.6,27.83,0.69
2026-07-29 17:00:00-06:00,289.35,414.56,84.4,27.57,0.76
2026-07-29 18:00:00-06:00,94.85,219.77,35.25,26.98,0.55
2026-07-29 19:00:00-06:00,0.85,0.0,0.85,25.51,0.55
2026-07-29 20:00:00-06:00,0.0,0.0,0.0,23.37,1.24
2026-07-29 21:00:00-06:00,0.0,0.0,0.0,22.09,1.52
2026-07-29 22:00:00-06:00,0.0,0.0,0.0,20.71,1.38
2026-07-29 23:00:00-06:00,0.0,0.0,0.0,20.96,1.1
2026-07-30 00:00:00-06:00,0.0,0.0,0.0,22.05,0.83
2026-07-30 01:00:00-06:00,0.0,0.0,0.0,22.32,0.34
2026-07-30 02:00:00-06:00,0.0,0.0,0.0,21.64,0.83
2026-07-30 03:00:00-06:00,0.0,0.0,0.0,18.98,1.31
2026-07-30 04:00:00-06:00,0.0,0.0,0.0,17.55,1.52
2026-07-30 05:00:00-06:00,0.0,0.0,0.0,16.12,1.59
2026-07-30 06:00:00-06:00,0.0,0.0,0.0,15.22,1.38
2026-07-30 07:00:00-06:00,227.6,989.43,61.25,16.04,1.03
2026-07-30 08:00:00-06:00,457.65,930.93,87.6,20.53,0.48
2026-07-30 09:00:00-06:00,674.55,968.69,86.75,22.86,0.28
2026-07-30 10:00:00-06:00,859.5,959.85,109.15,24.41,0.76
2026-07-30 11:00:00-06:00,984.15,961.28,109.0,25.92,1.03
2026-07-30 12:00:00-06:00,1022.8,938.28,99.5,27.18,1.17
2026-07-30 13:00:00-06:00,1016.15,908.88,109.45,27.89,0.97
2026-07-30 14:00:00-06:00,940.45,888.51,96.2,28.65,0.97
2026-07-30 15:00:00-06:00,751.5,752.94,115.25,29.21,0.9
2026-07-30 16:00:00-06:00,515.95,574.81,119.75,29.27,0.9
2026-07-30 17:00:00-06:00,314.3,458.01,88.25,28.41,1.03
2026-07-30 18:00:00-06:00,81.25,138.71,43.8,27.66,0.9
2026-07-30 19:00:00-06:00,0.7,0.0,0.7,25.53,0.69
2026-07-30 20:00:00-06:00,0.0,0.0,0.0,23.5,1.17
2026-07-30 21:00:00-06:00,0.0,0.0,0.0,21.95,1.52
2026-07-30 22:00:00-06:00,0.0,0.0,0.0,20.91,1.1
2026-07-30 23:00:00-06:00,0.0,0.0,0.0,20.97,0.83
2026-07-31 00:00:00-06:00,0.0,0.0,0.0,21.13,0.9
2026-07-31 01:00:00-06:00,0.0,0.0,0.0,22.28,0.41
2026-07-31 02:00:00-06:00,0.0,0.0,0.0,21.69,0.55
2026-07-31 03:00:00-06:00,0.0,0.0,0.0,20.94,0.83
2026-07-31 04:00:00-06:00,0.0,0.0,0.0,19.68,0.97
2026-07-31 05:00:00-06:00,0.0,0.0,0.0,18.22,1.24
2026-07-31 06:00:00-06:00,0.0,0.0,0.0,16.82,1.52
2026-07-31 07:00:00-06:00,211.4,847.51,69.8,16.71,0.97
2026-07-31 08:00:00-06:00,424.85,754.59,125.45,20.63,0.62
2026-07-31 09:00:00-06:00,668.0,882.09,133.15,22.47,0.14
2026-07-31 10:00:00-06:00,845.1,909.66,134.2,27.84,0.99
2026-07-31 11:00:00-06:00,941.2,861.95,156.55,27.49,0.98
2026-07-31 12:00:00-06:00,872.15,652.89,229.7,27.14,0.97
2026-07-31 13:00:00-06:00,841.6,558.16,284.8,26.79,0.96
2026-07-31 14:00:00-06:00,747.15,469.72,300.9,26.44,0.94
2026-07-31 15:00:00-06:00,555.95,404.06,214.65,26.09,0.93
2026-07-31 16:00:00-06:00,419.05,355.39,174.3,25.74,0.92
2026-07-31 17:00:00-06:00,217.15,184.31,126.35,25.39,0.91
2026-07-31 18:00:00-06:00,87.9,190.74,36.65,25.04,0.9
2026-07-31 19:00:00-06:00,0.6,0.0,0.6,24.69,0.89
2026-07-31 20:00:00-06:00,0.0,0.0,0.0,24.34,0.88
2026-07-31 21:00:00-06:00,0.0,0.0,0.0,23.99,0.87
2026-07-31 22:00:00-06:00,0.0,0.0,0.0,23.64,0.85
2026-07-31 23:00:00-06:00,0.0,0.0,0.0,23.3,0.84
2026-08-01 00:00:00-06:00,0.0,0.0,0.0,22.95,0.83
2026-08-01 01:00:00-06:00,0.0,0.0,0.0,22.6,0.82
2026-08-01 02:00:00-06:00,0.0,0.0,0.0,21.56,0.34
2026-08-01 03:00:00-06:00,0.0,0.0,0.0,21.01,0.41
2026-08-01 04:00:00-06:00,0.0,0.0,0.0,20.41,0.48
2026-08-01 05:00:00-06:00,0.0,0.0,0.0,19.85,0.62
2026-08-01 06:00:00-06:00,0.0,0.0,0.0,18.13,0.97
2026-08-01 07:00:00-06:00,210.85,915.42,58.85,18.52,0.69
2026-08-01 08:00:00-06:00,463.1,970.83,78.6,21.2,0.34
2026-08-01 09:00:00-06:00,676.55,958.33,95.9,23.53,0.41
2026-08-01 10:00:00-06:00,824.05,897.06,123.2,25.07,0.62
2026-08-01 11:00:00-06:00,982.35,945.48,121.75,26.57,0.9
2026-08-01 12:00:00-06:00,1026.75,926.34,115.25,28.04,1.17
2026-08-01 13:00:00-06:00,983.95,869.98,116.15,29.25,1.24
2026-08-01 14:00:00-06:00,860.2,774.86,124.2,29.62,1.03
2026-08-01 15:00:00-06:00,705.75,678.61,132.8,30.03,0.83
2026-08-01 16:00:00-06:00,465.45,531.51,99.75,29.68,0.9
2026-08-01 17:00:00-06:00,294.4,456.36,70.0,28.41,0.83
2026-08-01 18:00:00-06:00,91.75,220.5,32.8,27.87,1.38
2026-08-01 19:00:00-06:00,0.55,0.0,0.55,26.62,1.86
2026-08-01 20:00:00-06:00,0.0,0.0,0.0,24.32,1.38
2026-08-01 21:00:00-06:00,0.0,0.0,0.0,23.43,0.97
2026-08-01 22:00:00-06:00,0.0,0.0,0.0,23.49,0.55
2026-08-01 23:00:00-06:00,0.0,0.0,0.0,21.13,1.1
2026-08-02 00:00:00-06:00,0.0,0.0,0.0,20.31,1.52
2026-08-02 01:00:00-06:00,0.0,0.0,0.0,20.96,0.9
2026-08-02 02:00:00-06:00,0.0,0.0,0.0,19.88,1.1
2026-08-02 03:00:00-06:00,0.0,0.0,0.0,19.12,1.45
2026-08-02 04:00:00-06:00,0.0,0.0,0.0,18.8,1.31
2026-08-02 05:00:00-06:00,0.0,0.0,0.0,18.27,1.1
2026-08-02 06:00:00-06:00,0.0,0.0,0.0,17.91,1.03
2026-08-02 07:00:00-06:00,217.95,926.84,65.0,17.84,0.9
2026-08-02 08:00:00-06:00,439.5,856.33,100.95,21.67,0.55
2026-08-02 09:00:00-06:00,679.15,959.35,98.3,23.37,0.34
2026-08-02 10:00:00-06:00,851.0,909.74,140.45,24.92,0.69
2026-08-02 11:00:00-06:00,919.65,898.49,101.9,26.31,0.9
2026-08-02 12:00:00-06:00,994.05,895.14,113.3,27.49,0.9
2026-08-02 13:00:00-06:00,985.5,859.24,128.5,28.85,0.83
2026-08-02 14:00:00-06:00,784.1,657.68,159.55,29.71,0.69
2026-08-02 15:00:00-06:00,711.0,694.71,124.75,29.97,0.9
2026-08-02 16:00:00-06:00,491.85,557.29,108.8,30.12,1.1
2026-08-02 17:00:00-06:00,282.0,433.67,69.2,29.29,1.03
2026-08-02 18:00:00-06:00,86.8,204.38,32.45,28.43,0.9
2026-08-02 19:00:00-06:00,0.5,0.0,0.5,26.79,1.93
2026-08-02 20:00:00-06:00,0.0,0.0,0.0,24.69,2.14
2026-08-02 21:00:00-06:00,0.0,0.0,0.0,22.54,1.31
2026-08-02 22:00:00-06:00,0.0,0.0,0.0,22.1,0.69
2026-08-02 23:00:00-06:00,0.0,0.0,0.0,21.68,0.14
2026-08-03 00:00:00-06:00,0.0,0.0,0.0,19.52,0.97
2026-08-03 01:00:00-06:00,0.0,0.0,0.0,19.37,1.31
2026-08-03 02:00:00-06:00,0.0,0.0,0.0,18.91,1.24
2026-08-03 03:00:00-06:00,0.0,0.0,0.0,18.34,1.17
2026-08-03 04:00:00-06:00,0.0,0.0,0.0,18.03,1.1
2026-08-03 05:00:00-06:00,0.0,0.0,0.0,17.15,1.31
2026-08-03 06:00:00-06:00,0.0,0.0,0.0,16.85,1.24
2026-08-03 07:00:00-06:00,202.75,827.05,67.1,17.63,0.97
2026-08-03 08:00:00-06:00,417.3,822.99,92.5,21.5,0.41
2026-08-03 09:00:00-06:00,646.85,886.14,110.7,23.06,0.55
2026-08-03 10:00:00-06:00,843.9,952.58,100.1,24.72,0.83
2026-08-03 11:00:00-06:00,944.0,907.6,118.05,26.12,1.24
2026-08-03 12:00:00-06:00,948.7,843.92,118.4,27.28,1.38
2026-08-03 13:00:00-06:00,912.0,762.62,151.45,27.72,1.03
2026-08-03 14:00:00-06:00,843.0,760.87,120.65,28.41,0.69
2026-08-03 15:00:00-06:00,695.85,689.94,113.95,28.9,0.34
2026-08-03 16:00:00-06:00,495.0,566.13,106.3,29.28,0.62
2026-08-03 17:00:00-06:00,261.4,356.6,86.8,28.84,1.52
2026-08-03 18:00:00-06:00,73.65,163.55,30.4,26.78,1.52
2026-08-03 19:00:00-06:00,0.3,0.0,0.3,24.98,1.72
2026-08-03 20:00:00-06:00,0.0,0.0,0.0,23.52,1.59
2026-08-03 21:00:00-06:00,0.0,0.0,0.0,22.37,0.9
2026-08-03 22:00:00-06:00,0.0,0.0,0.0,21.25,0.48
2026-08-03 23:00:00-06:00,0.0,0.0,0.0,20.52,0.69
2026-08-04 00:00:00-06:00,0.0,0.0,0.0,19.48,0.83
2026-08-04 01:00:00-06:00,0.0,0.0,0.0,19.06,1.31
2026-08-04 02:00:00-06:00,0.0,0.0,0.0,18.55,1.45
2026-08-04 03:00:00-06:00,0.0,0.0,0.0,17.61,1.1
2026-08-04 04:00:00-06:00,0.0,0.0,0.0,17.26,1.1
2026-08-04 05:00:00-06:00,0.0,0.0,0.0,16.89,1.24
2026-08-04 06:00:00-06:00,0.0,0.0,0.0,16.58,1.24
2026-08-04 07:00:00-06:00,146.05,437.36,74.75,17.12,0.97
2026-08-04 08:00:00-06:00,432.2,836.21,102.75,19.57,0.62
2026-08-04 09:00:00-06:00,634.15,846.47,122.35,21.63,0.21
2026-08-04 10:00:00-06:00,806.65,849.02,143.9,23.53,0.83
2026-08-04 11:00:00-06:00,878.7,795.11,155.2,24.85,1.24
2026-08-04 12:00:00-06:00,774.2,593.27,190.55,26.04,1.31
2026-08-04 13:00:00-06:00,759.75,543.7,217.6,26.39,1.24
2026-08-04 14:00:00-06:00,670.3,441.01,251.75,26.57,0.48
2026-08-04 15:00:00-06:00,553.1,436.72,185.0,26.93,0.28
2026-08-04 16:00:00-06:00,356.65,304.69,147.7,27.49,0.28
2026-08-04 17:00:00-06:00,215.8,289.06,74.6,26.9,0.69
2026-08-04 18:00:00-06:00,66.55,128.19,32.85,24.75,1.31
2026-08-04 19:00:00-06:00,0.2,0.0,0.2,22.78,1.59
2026-08-04 20:00:00-06:00,0.0,0.0,0.0,21.63,0.41
2026-08-04 21:00:00-06:00,0.0,0.0,0.0,20.12,1.1
2026-08-04 22:00:00-06:00,0.0,0.0,0.0,19.13,0.97
2026-08-04 23:00:00-06:00,0.0,0.0,0.0,18.98,0.55
2026-08-05 00:00:00-06:00,0.0,0.0,0.0,18.55,0.62
2026-08-05 01:00:00-06:00,0.0,0.0,0.0,18.37,1.52
2026-08-05 02:00:00-06:00,0.0,0.0,0.0,17.88,1.31
2026-08-05 03:00:00-06:00,0.0,0.0,0.0,17.79,1.17
2026-08-05 04:00:00-06:00,0.0,0.0,0.0,17.88,0.97
2026-08-05 05:00:00-06:00,0.0,0.0,0.0,18.33,0.69
2026-08-05 06:00:00-06:00,0.0,0.0,0.0,18.32,0.62
2026-08-05 07:00:00-06:00,160.0,586.86,64.9,18.51,0.62
2026-08-05 08:00:00-06:00,363.6,670.96,99.7,20.41,0.34
2026-08-05 09:00:00-06:00,633.1,847.28,121.15,22.17,0.21
2026-08-05 10:00:00-06:00,797.65,840.47,141.75,24.01,0.69
2026-08-05 11:00:00-06:00,923.15,860.22,140.5,25.27,1.24
2026-08-05 12:00:00-06:00,919.05,781.49,150.3,26.53,1.38
2026-08-05 13:00:00-06:00,943.75,777.6,168.5,27.15,1.1
2026-08-05 14:00:00-06:00,663.15,478.42,209.25,27.79,0.83
2026-08-05 15:00:00-06:00,706.55,685.79,128.9,27.83,0.9
2026-08-05 16:00:00-06:00,419.55,455.24,107.75,28.33,0.83
2026-08-05 17:00:00-06:00,177.8,173.62,93.2,27.06,0.28
2026-08-05 18:00:00-06:00,55.9,119.8,24.6,25.24,0.62
2026-08-05 19:00:00-06:00,0.2,0.0,0.2,24.09,0.83
2026-08-05 20:00:00-06:00,0.0,0.0,0.0,22.31,0.9
2026-08-05 21:00:00-06:00,0.0,0.0,0.0,20.79,0.69
2026-08-05 22:00:00-06:00,0.0,0.0,0.0,19.68,0.97
2026-08-05 23:00:00-06:00,0.0,0.0,0.0,18.93,0.62
2026-08-06 00:00:00-06:00,0.0,0.0,0.0,18.53,1.17
2026-08-06 01:00:00-06:00,0.0,0.0,0.0,17.75,1.38
2026-08-06 02:00:00-06:00,0.0,0.0,0.0,17.73,1.17
2026-08-06 03:00:00-06:00,0.0,0.0,0.0,17.3,1.1
2026-08-06 04:00:00-06:00,0.0,0.0,0.0,16.92,0.97
2026-08-06 05:00:00-06:00,0.0,0.0,0.0,17.0,0.76
2026-08-06 06:00:00-06:00,0.0,0.0,0.0,16.97,0.69
2026-08-06 07:00:00-06:00,187.0,749.89,66.2,16.97,0.76
2026-08-06 08:00:00-06:00,395.2,693.84,122.75,19.42,0.48
2026-08-06 09:00:00-06:00,626.8,827.3,127.25,21.05,0.07
2026-08-06 10:00:00-06:00,789.75,820.0,150.0,22.91,0.62
2026-08-06 11:00:00-06:00,856.9,713.3,208.0,24.49,1.1
2026-08-06 12:00:00-06:00,873.55,672.23,212.35,25.59,1.31
2026-08-06 13:00:00-06:00,902.9,762.76,142.6,26.38,1.03
2026-08-06 14:00:00-06:00,886.65,788.66,138.7,27.19,1.17
2026-08-06 15:00:00-06:00,603.2,530.6,156.6,27.81,1.45
2026-08-06 16:00:00-06:00,389.7,385.97,125.7,26.94,1.59
2026-08-06 17:00:00-06:00,193.6,237.95,77.95,26.25,1.59
2026-08-06 18:00:00-06:00,47.9,74.93,28.45,24.08,1.52
2026-08-06 19:00:00-06:00,0.15,0.0,0.15,23.24,1.1
2026-08-06 20:00:00-06:00,0.0,0.0,0.0,21.91,0.9
2026-08-06 21:00:00-06:00,0.0,0.0,0.0,21.83,0.62
2026-08-06 22:00:00-06:00,0.0,0.0,0.0,22.08,0.21
2026-08-06 23:00:00-06:00,0.0,0.0,0.0,21.39,0.0
2026-08-07 00:00:00-06:00,0.0,0.0,0.0,20.67,0.21
2026-08-07 01:00:00-06:00,0.0,0.0,0.0,20.49,0.48
2026-08-07 02:00:00-06:00,0.0,0.0,0.0,19.71,0.69
2026-08-07 03:00:00-06:00,0.0,0.0,0.0,18.51,0.9
2026-08-07 04:00:00-06:00,0.0,0.0,0.0,18.57,0.76
2026-08-07 05:00:00-06:00,0.0,0.0,0.0,18.14,0.76
2026-08-07 06:00:00-06:00,0.0,0.0,0.0,18.62,0.55
2026-08-07 07:00:00-06:00,132.3,285.99,86.5,17.92,0.62
2026-08-07 08:00:00-06:00,318.75,401.75,161.25,19.11,0.48
2026-08-07 09:00:00-06:00,519.4,497.81,219.0,20.17,0.48
2026-08-07 10:00:00-06:00,662.9,578.41,211.75,21.74,0.21
2026-08-07 11:00:00-06:00,763.8,521.77,289.2,22.89,0.41
2026-08-07 12:00:00-06:00,959.85,764.85,207.65,24.6,0.76
2026-08-07 13:00:00-06:00,852.6,665.84,189.05,27.31,1.45
2026-08-07 14:00:00-06:00,825.5,676.97,183.75,27.68,1.86
2026-08-07 15:00:00-06:00,621.55,575.31,137.7,27.9,1.79
2026-08-07 16:00:00-06:00,477.2,537.4,110.15,27.57,1.72
2026-08-07 17:00:00-06:00,217.05,337.85,53.3,26.88,1.59
2026-08-07 18:00:00-06:00,59.95,131.49,26.05,26.0,0.55
2026-08-07 19:00:00-06:00,0.15,0.0,0.15,25.49,0.41
2026-08-07 20:00:00-06:00,0.0,0.0,0.0,24.78,0.21
2026-08-07 21:00:00-06:00,0.0,0.0,0.0,23.78,0.14
2026-08-07 22:00:00-06:00,0.0,0.0,0.0,22.86,0.55
2026-08-07 23:00:00-06:00,0.0,0.0,0.0,21.31,0.76
2026-08-08 00:00:00-06:00,0.0,0.0,0.0,20.05,0.9
2026-08-08 01:00:00-06:00,0.0,0.0,0.0,20.81,0.34
2026-08-08 02:00:00-06:00,0.0,0.0,0.0,19.39,1.03
2026-08-08 03:00:00-06:00,0.0,0.0,0.0,18.31,1.03
2026-08-08 04:00:00-06:00,0.0,0.0,0.0,18.96,0.34
2026-08-08 05:00:00-06:00,0.0,0.0,0.0,18.46,0.21
2026-08-08 06:00:00-06:00,0.0,0.0,0.0,17.02,0.97
2026-08-08 07:00:00-06:00,187.75,717.56,73.5,17.04,1.1
2026-08-08 08:00:00-06:00,393.85,680.48,127.5,20.21,0.34
2026-08-08 09:00:00-06:00,580.5,747.42,129.75,22.19,0.55
2026-08-08 10:00:00-06:00,794.9,853.39,129.45,23.63,1.03
2026-08-08 11:00:00-06:00,901.95,793.87,179.95,25.14,1.31
2026-08-08 12:00:00-06:00,759.65,498.46,269.5,26.42,1.45
2026-08-08 13:00:00-06:00,799.1,526.45,274.6,26.25,1.24
2026-08-08 14:00:00-06:00,789.4,658.51,165.45,26.64,0.48
2026-08-08 15:00:00-06:00,541.75,417.59,190.85,27.57,1.31
2026-08-08 16:00:00-06:00,379.75,289.46,182.35,27.45,0.62
2026-08-08 17:00:00-06:00,140.25,52.35,114.95,27.29,1.24
2026-08-08 18:00:00-06:00,51.4,52.15,38.05,25.99,1.59
2026-08-08 19:00:00-06:00,0.1,0.0,0.1,24.12,1.03
2026-08-08 20:00:00-06:00,0.0,0.0,0.0,24.72,0.28
2026-08-08 21:00:00-06:00,0.0,0.0,0.0,23.54,0.48
2026-08-08 22:00:00-06:00,0.0,0.0,0.0,22.38,0.41
2026-08-08 23:00:00-06:00,0.0,0.0,0.0,20.57,0.9
2026-08-09 00:00:00-06:00,0.0,0.0,0.0,19.04,1.24
2026-08-09 01:00:00-06:00,0.0,0.0,0.0,18.99,0.9
2026-08-09 02:00:00-06:00,0.0,0.0,0.0,18.26,1.03
2026-08-09 03:00:00-06:00,0.0,0.0,0.0,17.84,0.97
2026-08-09 04:00:00-06:00,0.0,0.0,0.0,17.83,1.31
2026-08-09 05:00:00-06:00,0.0,0.0,0.0,17.41,1.24
2026-08-09 06:00:00-06:00,0.0,0.0,0.0,16.98,1.1
2026-08-09 07:00:00-06:00,197.75,815.48,68.65,17.57,1.17
2026-08-09 08:00:00-06:00,434.95,842.35,105.75,20.33,0.76
2026-08-09 09:00:00-06:00,667.5,931.71,105.95,22.88,0.21
2026-08-09 10:00:00-06:00,835.4,915.7,121.55,24.66,0.62
2026-08-09 11:00:00-06:00,931.55,879.06,132.2,26.15,1.1
2026-08-09 12:00:00-06:00,985.75,872.91,127.55,27.44,1.24
2026-08-09 13:00:00-06:00,948.55,836.89,115.0,27.93,1.1
2026-08-09 14:00:00-06:00,757.0,645.12,146.05,28.76,1.1
2026-08-09 15:00:00-06:00,704.8,676.74,136.65,29.06,1.24
2026-08-09 16:00:00-06:00,499.1,591.16,96.6,29.03,1.59
2026-08-09 17:00:00-06:00,230.65,316.3,78.25,28.17,1.59
2026-08-09 18:00:00-06:00,57.6,110.59,29.5,27.16,1.1
2026-08-09 19:00:00-06:00,0.05,0.0,0.05,25.36,0.69
2026-08-09 20:00:00-06:00,0.0,0.0,0.0,25.29,0.28
2026-08-09 21:00:00-06:00,0.0,0.0,0.0,23.13,0.83
2026-08-09 22:00:00-06:00,0.0,0.0,0.0,21.97,0.97
2026-08-09 23:00:00-06:00,0.0,0.0,0.0,21.44,0.97
2026-08-10 00:00:00-06:00,0.0,0.0,0.0,22.33,0.55
2026-08-10 01:00:00-06:00,0.0,0.0,0.0,21.61,0.41
2026-08-10 02:00:00-06:00,0.0,0.0,0.0,21.4,0.48
2026-08-10 03:00:00-06:00,0.0,0.0,0.0,20.58,0.62
2026-08-10 04:00:00-06:00,0.0,0.0,0.0,19.74,0.83
2026-08-10 05:00:00-06:00,0.0,0.0,0.0,19.7,0.69
2026-08-10 06:00:00-06:00,0.0,0.0,0.0,19.52,0.62
2026-08-10 07:00:00-06:00,196.75,816.3,68.25,20.13,0.41
2026-08-10 08:00:00-06:00,446.55,925.38,85.45,21.91,0.14
2026-08-10 09:00:00-06:00,654.95,914.5,104.1,23.83,0.76
2026-08-10 10:00:00-06:00,787.85,848.58,126.5,25.08,1.17
2026-08-10 11:00:00-06:00,883.35,834.87,124.3,26.29,1.38
2026-08-10 12:00:00-06:00,848.0,672.2,187.25,27.43,1.38
2026-08-10 13:00:00-06:00,882.2,729.04,156.3,28.06,1.1
2026-08-10 14:00:00-06:00,824.45,679.56,181.25,28.76,1.17
2026-08-10 15:00:00-06:00,597.1,510.84,168.65,29.23,1.45
2026-08-10 16:00:00-06:00,376.5,335.37,148.55,27.89,1.03
2026-08-10 17:00:00-06:00,164.15,104.1,114.15,26.61,1.31
2026-08-10 18:00:00-06:00,46.85,32.33,38.7,25.83,1.52
2026-08-10 19:00:00-06:00,0.05,0.0,0.05,24.93,1.66
2026-08-10 20:00:00-06:00,0.0,0.0,0.0,23.15,1.45
2026-08-10 21:00:00-06:00,0.0,0.0,0.0,21.74,0.83
2026-08-10 22:00:00-06:00,0.0,0.0,0.0,22.02,0.34
2026-08-10 23:00:00-06:00,0.0,0.0,0.0,21.27,0.69
2026-08-11 00:00:00-06:00,0.0,0.0,0.0,19.24,1.24
2026-08-11 01:00:00-06:00,0.0,0.0,0.0,19.41,1.24
2026-08-11 02:00:00-06:00,0.0,0.0,0.0,18.61,1.38
2026-08-11 03:00:00-06:00,0.0,0.0,0.0,18.54,1.24
2026-08-11 04:00:00-06:00,0.0,0.0,0.0,18.27,1.1
2026-08-11 05:00:00-06:00,0.0,0.0,0.0,17.79,1.1
2026-08-11 06:00:00-06:00,0.0,0.0,0.0,17.32,1.1
2026-08-11 07:00:00-06:00,163.5,587.06,71.6,18.26,0.83
2026-08-11 08:00:00-06:00,395.5,732.09,110.25,21.32,0.48
2026-08-11 09:00:00-06:00,597.2,779.57,127.9,23.06,0.34
2026-08-11 10:00:00-06:00,812.4,869.67,134.8,24.31,0.55
2026-08-11 11:00:00-06:00,878.75,829.36,124.85,25.93,0.83
2026-08-11 12:00:00-06:00,850.05,694.52,167.5,27.19,1.17
2026-08-11 13:00:00-06:00,830.5,659.37,174.2,28.03,1.17
2026-08-11 14:00:00-06:00,854.1,726.81,166.6,28.12,0.97
2026-08-11 15:00:00-06:00,461.55,356.93,162.5,28.73,0.62
2026-08-11 16:00:00-06:00,260.45,189.17,132.1,28.02,0.55
2026-08-11 17:00:00-06:00,110.3,48.15,87.25,27.22,0.21
2026-08-11 18:00:00-06:00,30.35,24.39,24.25,25.54,1.31
2026-08-11 19:00:00-06:00,0.0,0.0,0.0,23.64,1.86
2026-08-11 20:00:00-06:00,0.0,0.0,0.0,21.99,1.31
2026-08-11 21:00:00-06:00,0.0,0.0,0.0,21.0,1.24
2026-08-11 22:00:00-06:00,0.0,0.0,0.0,19.72,0.62
2026-08-11 23:00:00-06:00,0.0,0.0,0.0,20.09,0.21
2026-08-12 00:00:00-06:00,0.0,0.0,0.0,19.52,0.48
2026-08-12 01:00:00-06:00,0.0,0.0,0.0,19.73,0.62
2026-08-12 02:00:00-06:00,0.0,0.0,0.0,19.94,0.14
2026-08-12 03:00:00-06:00,0.0,0.0,0.0,19.43,0.28
2026-08-12 04:00:00-06:00,0.0,0.0,0.0,18.81,0.48
2026-08-12 05:00:00-06:00,0.0,0.0,0.0,18.31,0.69
2026-08-12 06:00:00-06:00,0.0,0.0,0.0,18.35,0.62
2026-08-12 07:00:00-06:00,143.3,505.19,64.65,18.74,0.48
2026-08-12 08:00:00-06:00,294.0,403.4,137.05,20.04,0.41
2026-08-12 09:00:00-06:00,538.4,596.11,179.75,21.15,0.28
2026-08-12 10:00:00-06:00,641.35,544.91,216.9,22.99,0.28
2026-08-12 11:00:00-06:00,805.45,550.2,305.4,24.39,0.76
2026-08-12 12:00:00-06:00,592.45,190.27,405.5,25.82,1.17
2026-08-12 13:00:00-06:00,708.05,347.6,362.2,25.69,0.62
2026-08-12 14:00:00-06:00,586.8,276.9,325.05,26.64,0.76
2026-08-12 15:00:00-06:00,386.85,121.28,285.35,26.95,0.55
2026-08-12 16:00:00-06:00,169.45,26.88,151.25,26.62,0.62
2026-08-12 17:00:00-06:00,152.2,63.83,121.75,25.76,0.48
2026-08-12 18:00:00-06:00,37.3,33.27,29.05,25.47,0.55
2026-08-12 19:00:00-06:00,0.0,0.0,0.0,24.12,1.1
2026-08-12 20:00:00-06:00,0.0,0.0,0.0,22.26,1.17
2026-08-12 21:00:00-06:00,0.0,0.0,0.0,21.05,0.97
2026-08-12 22:00:00-06:00,0.0,0.0,0.0,20.55,0.83
2026-08-12 23:00:00-06:00,0.0,0.0,0.0,19.89,0.9
2026-08-13 00:00:00-06:00,0.0,0.0,0.0,20.06,0.55
2026-08-13 01:00:00-06:00,0.0,0.0,0.0,19.41,0.34
2026-08-13 02:00:00-06:00,0.0,0.0,0.0,18.91,0.21
2026-08-13 03:00:00-06:00,0.0,0.0,0.0,18.67,0.41
2026-08-13 04:00:00-06:00,0.0,0.0,0.0,17.75,0.76
2026-08-13 05:00:00-06:00,0.0,0.0,0.0,18.18,0.48
2026-08-13 06:00:00-06:00,0.0,0.0,0.0,17.83,0.48
2026-08-13 07:00:00-06:00,135.5,282.54,91.75,17.29,0.69
2026-08-13 08:00:00-06:00,341.85,442.19,170.05,19.17,0.69
2026-08-13 09:00:00-06:00,510.65,492.42,214.55,21.19,0.34
2026-08-13 10:00:00-06:00,711.15,623.78,225.4,22.9,0.34
2026-08-13 11:00:00-06:00,895.3,751.11,212.8,24.7,0.97
2026-08-13 12:00:00-06:00,821.3,665.55,167.55,26.23,1.52
2026-08-13 13:00:00-06:00,815.0,588.92,229.3,26.46,1.38
2026-08-13 14:00:00-06:00,673.0,418.85,277.35,26.5,0.83
2026-08-13 15:00:00-06:00,439.85,202.95,270.2,26.42,0.62
2026-08-13 16:00:00-06:00,260.95,84.04,204.15,26.25,0.69
2026-08-13 17:00:00-06:00,79.7,3.89,77.85,25.66,0.69
2026-08-13 18:00:00-06:00,20.65,6.71,19.0,24.38,0.34
2026-08-13 19:00:00-06:00,0.0,0.0,0.0,22.97,0.9
2026-08-13 20:00:00-06:00,0.0,0.0,0.0,21.68,1.1
2026-08-13 21:00:00-06:00,0.0,0.0,0.0,20.73,0.41
2026-08-13 22:00:00-06:00,0.0,0.0,0.0,20.25,1.17
2026-08-13 23:00:00-06:00,0.0,0.0,0.0,19.36,0.83
2026-08-14 00:00:00-06:00,0.0,0.0,0.0,20.0,0.41
2026-08-14 01:00:00-06:00,0.0,0.0,0.0,18.09,0.69
2026-08-14 02:00:00-06:00,0.0,0.0,0.0,17.7,0.97
2026-08-14 03:00:00-06:00,0.0,0.0,0.0,17.64,0.83
2026-08-14 04:00:00-06:00,0.0,0.0,0.0,17.29,0.69
2026-08-14 05:00:00-06:00,0.0,0.0,0.0,17.01,0.62
2026-08-14 06:00:00-06:00,0.0,0.0,0.0,16.67,0.69
2026-08-14 07:00:00-06:00,183.2,652.83,82.65,16.72,0.69
2026-08-14 08:00:00-06:00,394.3,730.97,110.7,18.97,0.0
2026-08-14 09:00:00-06:00,623.3,793.79,146.25,20.85,0.55
2026-08-14 10:00:00-06:00,717.7,726.71,151.95,22.69,0.9
2026-08-14 11:00:00-06:00,763.1,637.45,184.0,23.97,1.17
2026-08-14 12:00:00-06:00,891.85,697.01,207.4,24.95,1.1
2026-08-14 13:00:00-06:00,861.85,636.37,229.25,26.86,1.03
2026-08-14 14:00:00-06:00,730.45,514.25,245.05,27.58,1.17
2026-08-14 15:00:00-06:00,559.25,400.9,224.55,27.76,1.31
2026-08-14 16:00:00-06:00,415.9,381.5,158.6,27.51,0.97
2026-08-14 17:00:00-06:00,208.95,165.56,130.55,27.01,0.62
2026-08-14 18:00:00-06:00,39.2,3.9,38.25,26.3,0.97
2026-08-14 19:00:00-06:00,0.0,0.0,0.0,25.48,0.55
2026-08-14 20:00:00-06:00,0.0,0.0,0.0,25.07,0.28
2026-08-14 21:00:00-06:00,0.0,0.0,0.0,24.14,0.28
2026-08-14 22:00:00-06:00,0.0,0.0,0.0,22.98,0.55
2026-08-14 23:00:00-06:00,0.0,0.0,0.0,21.42,0.83
2026-08-15 00:00:00-06:00,0.0,0.0,0.0,21.84,0.34
2026-08-15 01:00:00-06:00,0.0,0.0,0.0,20.91,0.41
2026-08-15 02:00:00-06:00,0.0,0.0,0.0,20.72,0.48
2026-08-15 03:00:00-06:00,0.0,0.0,0.0,20.33,0.34
2026-08-15 04:00:00-06:00,0.0,0.0,0.0,19.74,0.28
2026-08-15 05:00:00-06:00,0.0,0.0,0.0,18.91,0.28
2026-08-15 06:00:00-06:00,0.0,0.0,0.0,17.98,0.62
2026-08-15 07:00:00-06:00,173.75,578.27,85.15,17.7,0.76
2026-08-15 08:00:00-06:00,413.25,747.19,123.75,20.67,0.41
2026-08-15 09:00:00-06:00,596.35,746.69,147.85,22.89,0.48
2026-08-15 10:00:00-06:00,833.7,903.01,130.9,24.45,0.97
2026-08-15 11:00:00-06:00,924.65,823.51,176.7,26.02,1.24
2026-08-15 12:00:00-06:00,900.0,771.18,142.95,27.18,1.38
2026-08-15 13:00:00-06:00,944.55,815.29,134.5,27.93,0.97
2026-08-15 14:00:00-06:00,795.85,676.84,157.5,28.86,0.97
2026-08-15 15:00:00-06:00,625.55,542.71,173.05,29.13,0.9
2026-08-15 16:00:00-06:00,380.4,340.87,151.0,28.61,0.62
2026-08-15 17:00:00-06:00,178.05,175.44,95.3,28.41,0.69
2026-08-15 18:00:00-06:00,43.75,60.71,29.1,27.41,0.76
2026-08-15 19:00:00-06:00,0.0,0.0,0.0,25.81,0.41
2026-08-15 20:00:00-06:00,0.0,0.0,0.0,23.53,1.93
2026-08-15 21:00:00-06:00,0.0,0.0,0.0,21.28,0.97
2026-08-15 22:00:00-06:00,0.0,0.0,0.0,21.09,1.24
2026-08-15 23:00:00-06:00,0.0,0.0,0.0,20.28,1.17
2026-08-16 00:00:00-06:00,0.0,0.0,0.0,19.99,0.83
2026-08-16 01:00:00-06:00,0.0,0.0,0.0,18.62,0.76
2026-08-16 02:00:00-06:00,0.0,0.0,0.0,18.78,0.41
2026-08-16 03:00:00-06:00,0.0,0.0,0.0,18.72,0.34
2026-08-16 04:00:00-06:00,0.0,0.0,0.0,18.5,0.07
2026-08-16 05:00:00-06:00,0.0,0.0,0.0,18.03,0.48
2026-08-16 06:00:00-06:00,0.0,0.0,0.0,18.31,0.21
2026-08-16 07:00:00-06:00,112.95,60.69,103.7,18.1,0.14
2026-08-16 08:00:00-06:00,313.3,313.23,192.1,18.78,0.41
2026-08-16 09:00:00-06:00,514.25,399.7,274.3,19.84,0.69
2026-08-16 10:00:00-06:00,642.75,358.84,363.55,21.41,0.9
2026-08-16 11:00:00-06:00,710.4,358.03,385.3,22.79,1.17
2026-08-16 12:00:00-06:00,797.85,401.8,403.55,24.11,0.97
2026-08-16 13:00:00-06:00,805.95,429.84,379.1,25.6,0.9
2026-08-16 14:00:00-06:00,603.65,292.21,328.3,26.7,1.03
2026-08-16 15:00:00-06:00,402.45,177.57,254.6,26.36,0.9
2026-08-16 16:00:00-06:00,243.0,84.89,186.0,25.87,0.55
2026-08-16 17:00:00-06:00,80.4,1.49,79.7,25.39,1.31
2026-08-16 18:00:00-06:00,25.7,0.0,25.7,24.38,0.76
2026-08-16 19:00:00-06:00,0.0,0.0,0.0,23.94,0.48
2026-08-16 20:00:00-06:00,0.0,0.0,0.0,23.82,0.28
2026-08-16 21:00:00-06:00,0.0,0.0,0.0,23.29,0.28
2026-08-16 22:00:00-06:00,0.0,0.0,0.0,22.74,0.34
2026-08-16 23:00:00-06:00,0.0,0.0,0.0,21.87,0.69
2026-08-17 00:00:00-06:00,0.0,0.0,0.0,20.29,0.76
2026-08-17 01:00:00-06:00,0.0,0.0,0.0,21.46,0.21
2026-08-17 02:00:00-06:00,0.0,0.0,0.0,20.99,0.28
2026-08-17 03:00:00-06:00,0.0,0.0,0.0,20.29,0.41
2026-08-17 04:00:00-06:00,0.0,0.0,0.0,19.9,0.62
2026-08-17 05:00:00-06:00,0.0,0.0,0.0,18.31,0.83
2026-08-17 06:00:00-06:00,0.0,0.0,0.0,17.01,0.83
2026-08-17 07:00:00-06:00,174.75,745.45,61.7,17.18,0.9
2026-08-17 08:00:00-06:00,396.4,729.63,114.45,20.11,0.48
2026-08-17 09:00:00-06:00,673.7,961.24,96.95,22.33,0.34
2026-08-17 10:00:00-06:00,805.2,845.89,147.25,24.29,0.97
2026-08-17 11:00:00-06:00,921.65,855.4,145.15,25.59,1.17
2026-08-17 12:00:00-06:00,1037.3,920.72,134.1,26.92,1.17
2026-08-17 13:00:00-06:00,952.2,734.38,223.35,28.26,1.17
2026-08-17 14:00:00-06:00,869.2,761.53,152.25,28.9,1.52
2026-08-17 15:00:00-06:00,759.2,792.26,100.5,29.07,1.52
2026-08-17 16:00:00-06:00,453.5,458.24,146.55,28.98,1.31
2026-08-17 17:00:00-06:00,178.25,166.96,100.15,28.17,0.69
2026-08-17 18:00:00-06:00,38.5,73.14,21.2,27.23,1.45
2026-08-17 19:00:00-06:00,0.0,0.0,0.0,25.37,1.31
2026-08-17 20:00:00-06:00,0.0,0.0,0.0,23.85,1.17
2026-08-17 21:00:00-06:00,0.0,0.0,0.0,22.33,1.59
2026-08-17 22:00:00-06:00,0.0,0.0,0.0,20.97,1.59
2026-08-17 23:00:00-06:00,0.0,0.0,0.0,19.49,1.03
2026-08-18 00:00:00-06:00,0.0,0.0,0.0,18.44,0.62
2026-08-18 01:00:00-06:00,0.0,0.0,0.0,19.04,0.55
2026-08-18 02:00:00-06:00,0.0,0.0,0.0,18.32,0.83
2026-08-18 03:00:00-06:00,0.0,0.0,0.0,17.41,1.17
2026-08-18 04:00:00-06:00,0.0,0.0,0.0,17.53,0.76
2026-08-18 05:00:00-06:00,0.0,0.0,0.0,17.86,0.28
2026-08-18 06:00:00-06:00,0.0,0.0,0.0,17.05,0.69
2026-08-18 07:00:00-06:00,186.6,705.78,80.1,16.62,0.9
2026-08-18 08:00:00-06:00,412.6,766.32,116.85,19.19,0.41
2026-08-18 09:00:00-06:00,582.6,691.36,168.0,21.45,0.48
2026-08-18 10:00:00-06:00,697.55,635.18,203.65,23.08,1.17
2026-08-18 11:00:00-06:00,869.6,794.39,148.7,24.3,1.24
2026-08-18 12:00:00-06:00,829.45,633.56,208.2,25.59,1.17
2026-08-18 13:00:00-06:00,761.45,613.5,152.95,25.37,0.83
2026-08-18 14:00:00-06:00,621.7,432.52,214.9,25.98,1.24
2026-08-18 15:00:00-06:00,509.9,339.1,228.4,26.32,0.55
2026-08-18 16:00:00-06:00,340.65,205.25,203.5,26.54,0.48
2026-08-18 17:00:00-06:00,132.8,56.58,106.45,26.22,1.03
2026-08-18 18:00:00-06:00,32.05,38.46,23.05,24.99,1.72
2026-08-18 19:00:00-06:00,0.0,0.0,0.0,23.41,1.52
2026-08-18 20:00:00-06:00,0.0,0.0,0.0,22.09,1.38
2026-08-18 21:00:00-06:00,0.0,0.0,0.0,21.48,1.52
2026-08-18 22:00:00-06:00,0.0,0.0,0.0,20.16,1.03
2026-08-18 23:00:00-06:00,0.0,0.0,0.0,20.87,0.28
2026-08-19 00:00:00-06:00,0.0,0.0,0.0,20.57,0.55
2026-08-19 01:00:00-06:00,0.0,0.0,0.0,20.32,0.55
2026-08-19 02:00:00-06:00,0.0,0.0,0.0,19.98,0.28
2026-08-19 03:00:00-06:00,0.0,0.0,0.0,19.57,0.34
2026-08-19 04:00:00-06:00,0.0,0.0,0.0,19.38,0.62
2026-08-19 05:00:00-06:00,0.0,0.0,0.0,18.4,0.48
2026-08-19 06:00:00-06:00,0.0,0.0,0.0,17.61,0.28
2026-08-19 07:00:00-06:00,198.2,867.75,67.9,17.86,0.34
2026-08-19 08:00:00-06:00,389.85,704.24,118.4,19.82,0.14
2026-08-19 09:00:00-06:00,616.6,794.09,140.65,21.81,0.21
2026-08-19 10:00:00-06:00,763.2,764.35,169.05,23.77,0.41
2026-08-19 11:00:00-06:00,907.25,819.72,163.6,25.42,0.76
2026-08-19 12:00:00-06:00,928.65,784.27,159.95,26.94,1.24
2026-08-19 13:00:00-06:00,854.3,688.01,172.35,27.81,1.38
2026-08-19 14:00:00-06:00,762.1,633.16,167.2,28.25,1.79
2026-08-19 15:00:00-06:00,546.8,477.97,150.65,28.41,1.31
2026-08-19 16:00:00-06:00,283.05,255.52,112.75,28.0,1.45
2026-08-19 17:00:00-06:00,102.2,64.49,72.3,26.65,1.17
2026-08-19 18:00:00-06:00,21.4,0.0,21.4,25.38,1.79
2026-08-19 19:00:00-06:00,0.0,0.0,0.0,23.57,1.59
2026-08-19 20:00:00-06:00,0.0,0.0,0.0,22.33,1.38
2026-08-19 21:00:00-06:00,0.0,0.0,0.0,21.37,1.24
2026-08-19 22:00:00-06:00,0.0,0.0,0.0,20.91,1.1
2026-08-19 23:00:00-06:00,0.0,0.0,0.0,19.9,0.69
2026-08-20 00:00:00-06:00,0.0,0.0,0.0,19.55,0.69
2026-08-20 01:00:00-06:00,0.0,0.0,0.0,18.55,1.31
2026-08-20 02:00:00-06:00,0.0,0.0,0.0,18.19,0.69
2026-08-20 03:00:00-06:00,0.0,0.0,0.0,18.13,0.28
2026-08-20 04:00:00-06:00,0.0,0.0,0.0,17.77,0.14
2026-08-20 05:00:00-06:00,0.0,0.0,0.0,17.52,0.07
2026-08-20 06:00:00-06:00,0.0,0.0,0.0,17.25,0.28
2026-08-20 07:00:00-06:00,135.1,327.23,86.2,17.3,0.34
2026-08-20 08:00:00-06:00,301.8,376.0,157.05,18.72,0.0
2026-08-20 09:00:00-06:00,507.55,535.02,187.05,20.29,0.34
2026-08-20 10:00:00-06:00,695.75,608.51,222.9,21.91,0.62
2026-08-20 11:00:00-06:00,809.45,688.34,185.2,23.63,0.62
2026-08-20 12:00:00-06:00,1004.0,907.17,115.25,25.37,0.83
2026-08-20 13:00:00-06:00,864.7,721.31,150.25,27.62,1.24
2026-08-20 14:00:00-06:00,814.0,687.44,168.8,28.06,1.52
2026-08-20 15:00:00-06:00,664.5,622.58,149.35,28.55,1.66
2026-08-20 16:00:00-06:00,460.6,487.74,136.4,28.35,1.52
2026-08-20 17:00:00-06:00,173.65,189.74,86.1,27.57,1.31
2026-08-20 18:00:00-06:00,41.65,99.18,18.95,26.08,0.14
2026-08-20 19:00:00-06:00,0.0,0.0,0.0,25.04,0.0
2026-08-20 20:00:00-06:00,0.0,0.0,0.0,23.94,0.41
2026-08-20 21:00:00-06:00,0.0,0.0,0.0,22.36,0.48
2026-08-20 22:00:00-06:00,0.0,0.0,0.0,22.11,0.34
2026-08-20 23:00:00-06:00,0.0,0.0,0.0,20.79,0.83
2026-08-21 00:00:00-06:00,0.0,0.0,0.0,19.72,1.03
2026-08-21 01:00:00-06:00,0.0,0.0,0.0,21.8,0.76
2026-08-21 02:00:00-06:00,0.0,0.0,0.0,20.56,0.97
2026-08-21 03:00:00-06:00,0.0,0.0,0.0,20.99,0.76
2026-08-21 04:00:00-06:00,0.0,0.0,0.0,19.99,0.55
2026-08-21 05:00:00-06:00,0.0,0.0,0.0,19.18,0.76
2026-08-21 06:00:00-06:00,0.0,0.0,0.0,17.27,0.97
2026-08-21 07:00:00-06:00,183.95,785.32,67.15,17.28,0.9
2026-08-21 08:00:00-06:00,395.6,697.26,127.5,20.89,0.41
2026-08-21 09:00:00-06:00,617.15,678.61,210.85,22.95,0.34
2026-08-21 10:00:00-06:00,685.65,526.85,276.4,24.52,1.17
2026-08-21 11:00:00-06:00,799.55,583.69,270.4,25.28,1.59
2026-08-21 12:00:00-06:00,780.1,488.97,301.3,26.15,1.38
2026-08-21 13:00:00-06:00,748.4,426.57,326.2,27.11,1.17
2026-08-21 14:00:00-06:00,602.05,392.06,234.5,27.69,1.03
2026-08-21 15:00:00-06:00,445.45,261.99,229.05,28.03,1.1
2026-08-21 16:00:00-06:00,263.65,138.87,171.6,28.18,1.1
2026-08-21 17:00:00-06:00,85.3,27.55,72.65,27.43,0.69
2026-08-21 18:00:00-06:00,16.45,3.76,15.6,26.22,1.1
2026-08-21 19:00:00-06:00,0.0,0.0,0.0,24.9,1.52
2026-08-21 20:00:00-06:00,0.0,0.0,0.0,23.48,1.31
2026-08-21 21:00:00-06:00,0.0,0.0,0.0,23.5,0.69
2026-08-21 22:00:00-06:00,0.0,0.0,0.0,22.89,0.76
2026-08-21 23:00:00-06:00,0.0,0.0,0.0,22.66,0.76
2026-08-22 00:00:00-06:00,0.0,0.0,0.0,22.84,0.55
2026-08-22 01:00:00-06:00,0.0,0.0,0.0,22.17,0.69
2026-08-22 02:00:00-06:00,0.0,0.0,0.0,21.74,0.41
2026-08-22 03:00:00-06:00,0.0,0.0,0.0,19.94,0.97
2026-08-22 04:00:00-06:00,0.0,0.0,0.0,17.9,1.17
2026-08-22 05:00:00-06:00,0.0,0.0,0.0,17.27,1.17
2026-08-22 06:00:00-06:00,0.0,0.0,0.0,16.83,1.1
2026-08-22 07:00:00-06:00,170.55,621.13,78.6,16.98,1.03
2026-08-22 08:00:00-06:00,415.3,755.89,125.0,20.45,0.62
2026-08-22 09:00:00-06:00,641.85,807.14,158.85,22.73,0.21
2026-08-22 10:00:00-06:00,767.3,709.59,216.3,24.36,0.9
2026-08-22 11:00:00-06:00,848.8,598.98,306.0,25.57,1.31
2026-08-22 12:00:00-06:00,870.15,667.79,216.6,26.62,1.31
2026-08-22 13:00:00-06:00,764.9,550.27,220.7,27.82,1.66
2026-08-22 14:00:00-06:00,555.75,358.78,219.8,28.13,1.59
2026-08-22 15:00:00-06:00,461.95,327.41,192.0,27.69,1.66
2026-08-22 16:00:00-06:00,278.2,204.63,142.95,27.22,1.31
2026-08-22 17:00:00-06:00,119.35,67.96,88.3,26.6,1.1
2026-08-22 18:00:00-06:00,26.4,27.3,20.3,25.84,0.9
2026-08-22 19:00:00-06:00,0.0,0.0,0.0,24.43,0.76
2026-08-22 20:00:00-06:00,0.0,0.0,0.0,23.7,0.76
2026-08-22 21:00:00-06:00,0.0,0.0,0.0,22.78,0.76
2026-08-22 22:00:00-06:00,0.0,0.0,0.0,21.94,1.03
2026-08-22 23:00:00-06:00,0.0,0.0,0.0,21.07,1.1
2026-08-23 00:00:00-06:00,0.0,0.0,0.0,21.65,0.41
2026-08-23 01:00:00-06:00,0.0,0.0,0.0,21.42,0.14
2026-08-23 02:00:00-06:00,0.0,0.0,0.0,21.02,0.34
2026-08-23 03:00:00-06:00,0.0,0.0,0.0,20.59,0.55
2026-08-23 04:00:00-06:00,0.0,0.0,0.0,20.35,0.55
2026-08-23 05:00:00-06:00,0.0,0.0,0.0,20.18,0.55
2026-08-23 06:00:00-06:00,0.0,0.0,0.0,19.99,0.28
2026-08-23 07:00:00-06:00,161.7,597.52,73.65,19.79,0.28
2026-08-23 08:00:00-06:00,377.15,622.79,138.25,20.41,0.34
2026-08-23 09:00:00-06:00,626.0,764.77,168.6,21.88,0.28
2026-08-23 10:00:00-06:00,801.85,795.73,184.2,23.69,0.83
2026-08-23 11:00:00-06:00,899.4,817.98,158.45,25.28,1.31
2026-08-23 12:00:00-06:00,987.0,862.22,143.65,26.45,1.52
2026-08-23 13:00:00-06:00,919.15,789.62,138.9,27.71,1.66
2026-08-23 14:00:00-06:00,829.45,726.74,149.8,27.75,1.45
2026-08-23 15:00:00-06:00,537.0,424.4,187.75,26.69,0.62
2026-08-23 16:00:00-06:00,318.2,243.94,157.45,26.35,0.62
2026-08-23 17:00:00-06:00,157.05,134.76,95.8,26.19,0.83
2026-08-23 18:00:00-06:00,27.7,41.24,18.6,25.65,1.17
2026-08-23 19:00:00-06:00,0.0,0.0,0.0,23.86,0.83
2026-08-23 20:00:00-06:00,0.0,0.0,0.0,23.44,0.55
2026-08-23 21:00:00-06:00,0.0,0.0,0.0,20.93,1.24
2026-08-23 22:00:00-06:00,0.0,0.0,0.0,20.21,1.59
2026-08-23 23:00:00-06:00,0.0,0.0,0.0,19.13,1.24
2026-08-24 00:00:00-06:00,0.0,0.0,0.0,18.79,0.76
2026-08-24 01:00:00-06:00,0.0,0.0,0.0,18.5,0.14
2026-08-24 02:00:00-06:00,0.0,0.0,0.0,17.82,0.48
2026-08-24 03:00:00-06:00,0.0,0.0,0.0,17.86,0.76
2026-08-24 04:00:00-06:00,0.0,0.0,0.0,17.7,0.41
2026-08-24 05:00:00-06:00,0.0,0.0,0.0,17.67,0.0
2026-08-24 06:00:00-06:00,0.0,0.0,0.0,17.25,0.41
2026-08-24 07:00:00-06:00,118.6,288.01,76.35,17.4,0.83
2026-08-24 08:00:00-06:00,359.15,520.55,159.7,18.38,0.48
2026-08-24 09:00:00-06:00,569.25,686.23,159.05,20.19,0.28
2026-08-24 10:00:00-06:00,798.35,874.47,119.85,21.89,0.55
2026-08-24 11:00:00-06:00,743.7,644.12,160.5,23.98,1.1
2026-08-24 12:00:00-06:00,878.8,744.29,151.25,25.05,1.24
2026-08-24 13:00:00-06:00,863.0,654.19,217.15,26.45,1.59
2026-08-24 14:00:00-06:00,784.7,641.56,185.5,26.91,1.38
2026-08-24 15:00:00-06:00,537.15,472.29,149.25,27.02,0.55
2026-08-24 16:00:00-06:00,374.9,370.95,131.2,26.35,0.14
2026-08-24 17:00:00-06:00,180.5,204.83,87.9,25.51,1.1
2026-08-24 18:00:00-06:00,36.8,89.06,17.4,23.8,0.55
2026-08-24 19:00:00-06:00,0.0,0.0,0.0,22.8,1.17
2026-08-24 20:00:00-06:00,0.0,0.0,0.0,22.23,0.28
2026-08-24 21:00:00-06:00,0.0,0.0,0.0,21.41,0.21
2026-08-24 22:00:00-06:00,0.0,0.0,0.0,20.38,0.28
2026-08-24 23:00:00-06:00,0.0,0.0,0.0,18.6,0.83
2026-08-25 00:00:00-06:00,0.0,0.0,0.0,17.48,0.97
2026-08-25 01:00:00-06:00,0.0,0.0,0.0,17.46,1.1
2026-08-25 02:00:00-06:00,0.0,0.0,0.0,17.39,0.9
2026-08-25 03:00:00-06:00,0.0,0.0,0.0,17.14,0.62
2026-08-25 04:00:00-06:00,0.0,0.0,0.0,17.38,0.14
2026-08-25 05:00:00-06:00,0.0,0.0,0.0,17.06,0.21
2026-08-25 06:00:00-06:00,0.0,0.0,0.0,16.68,0.48
2026-08-25 07:00:00-06:00,179.9,790.5,64.45,16.76,0.41
2026-08-25 08:00:00-06:00,339.45,599.54,110.0,18.63,0.21
2026-08-25 09:00:00-06:00,614.0,814.33,127.5,20.05,0.62
2026-08-25 10:00:00-06:00,801.65,857.95,136.25,21.88,1.1
2026-08-25 11:00:00-06:00,855.6,766.97,161.5,23.71,1.31
2026-08-25 12:00:00-06:00,896.0,791.25,123.05,25.02,1.52
2026-08-25 13:00:00-06:00,898.4,785.34,123.8,25.9,1.52
2026-08-25 14:00:00-06:00,849.95,804.33,99.75,27.1,1.72
2026-08-25 15:00:00-06:00,660.3,673.83,108.0,26.82,1.17
2026-08-25 16:00:00-06:00,437.4,522.78,95.05,26.1,0.41
2026-08-25 17:00:00-06:00,206.95,282.14,80.1,25.83,0.55
2026-08-25 18:00:00-06:00,49.35,125.16,22.45,24.29,1.72
2026-08-25 19:00:00-06:00,0.0,0.0,0.0,22.85,1.79
2026-08-25 20:00:00-06:00,0.0,0.0,0.0,21.99,1.03
2026-08-25 21:00:00-06:00,0.0,0.0,0.0,21.15,0.55
2026-08-25 22:00:00-06:00,0.0,0.0,0.0,20.14,0.69
2026-08-25 23:00:00-06:00,0.0,0.0,0.0,18.57,1.24
2026-08-26 00:00:00-06:00,0.0,0.0,0.0,18.43,1.52
2026-08-26 01:00:00-06:00,0.0,0.0,0.0,17.78,1.24
2026-08-26 02:00:00-06:00,0.0,0.0,0.0,17.46,1.17
2026-08-26 03:00:00-06:00,0.0,0.0,0.0,18.61,0.55
2026-08-26 04:00:00-06:00,0.0,0.0,0.0,18.35,0.41
2026-08-26 05:00:00-06:00,0.0,0.0,0.0,18.1,0.55
2026-08-26 06:00:00-06:00,0.0,0.0,0.0,18.26,0.55
2026-08-26 07:00:00-06:00,148.3,628.22,56.95,18.05,0.69
2026-08-26 08:00:00-06:00,353.3,628.09,113.2,20.2,0.69
2026-08-26 09:00:00-06:00,609.9,805.32,129.05,21.8,0.48
2026-08-26 10:00:00-06:00,839.3,937.21,112.75,23.61,0.41
2026-08-26 11:00:00-06:00,905.15,861.22,126.15,25.41,0.69
2026-08-26 12:00:00-06:00,902.25,768.69,151.85,26.72,0.97
2026-08-26 13:00:00-06:00,896.0,788.14,119.4,27.61,1.03
2026-08-26 14:00:00-06:00,835.95,761.14,127.05,28.27,0.76
2026-08-26 15:00:00-06:00,606.25,577.15,134.2,28.81,0.83
2026-08-26 16:00:00-06:00,471.35,547.79,113.8,28.95,1.24
2026-08-26 17:00:00-06:00,267.7,453.08,65.15,28.3,1.24
2026-08-26 18:00:00-06:00,52.1,136.81,23.1,27.28,1.31
2026-08-26 19:00:00-06:00,0.0,0.0,0.0,25.29,1.1
2026-08-26 20:00:00-06:00,0.0,0.0,0.0,25.01,0.76
2026-08-26 21:00:00-06:00,0.0,0.0,0.0,23.58,0.97
2026-08-26 22:00:00-06:00,0.0,0.0,0.0,22.12,0.9
2026-08-26 23:00:00-06:00,0.0,0.0,0.0,21.14,0.83
2026-08-27 00:00:00-06:00,0.0,0.0,0.0,20.63,0.9
2026-08-27 01:00:00-06:00,0.0,0.0,0.0,19.43,1.03
2026-08-27 02:00:00-06:00,0.0,0.0,0.0,18.09,1.66
2026-08-27 03:00:00-06:00,0.0,0.0,0.0,17.84,1.45
2026-08-27 04:00:00-06:00,0.0,0.0,0.0,17.38,1.31
2026-08-27 05:00:00-06:00,0.0,0.0,0.0,17.1,1.24
2026-08-27 06:00:00-06:00,0.0,0.0,0.0,16.92,1.31
2026-08-27 07:00:00-06:00,199.9,968.67,59.65,17.11,1.31
2026-08-27 08:00:00-06:00,447.45,933.51,91.0,20.55,1.03
2026-08-27 09:00:00-06:00,672.4,963.98,97.15,22.61,0.21
2026-08-27 10:00:00-06:00,867.45,991.08,99.5,24.57,0.55
2026-08-27 11:00:00-06:00,919.15,878.66,124.8,26.22,0.69
2026-08-27 12:00:00-06:00,1038.75,956.95,105.25,27.34,0.9
2026-08-27 13:00:00-06:00,959.6,834.78,137.9,28.81,0.9
2026-08-27 14:00:00-06:00,822.05,742.44,131.6,29.25,0.9
2026-08-27 15:00:00-06:00,590.6,566.83,128.0,29.59,0.97
2026-08-27 16:00:00-06:00,402.9,493.85,81.65,29.33,0.97
2026-08-27 17:00:00-06:00,214.6,337.16,64.75,28.95,0.97
2026-08-27 18:00:00-06:00,50.1,156.73,17.35,28.12,1.17
2026-08-27 19:00:00-06:00,0.0,0.0,0.0,26.02,1.24
2026-08-27 20:00:00-06:00,0.0,0.0,0.0,25.28,0.9
2026-08-27 21:00:00-06:00,0.0,0.0,0.0,22.97,1.24
2026-08-27 22:00:00-06:00,0.0,0.0,0.0,21.69,1.1
2026-08-27 23:00:00-06:00,0.0,0.0,0.0,21.59,0.97
2026-08-28 00:00:00-06:00,0.0,0.0,0.0,20.75,1.31
2026-08-28 01:00:00-06:00,0.0,0.0,0.0,22.21,0.55
2026-08-28 02:00:00-06:00,0.0,0.0,0.0,21.92,0.34
2026-08-28 03:00:00-06:00,0.0,0.0,0.0,20.27,1.03
2026-08-28 04:00:00-06:00,0.0,0.0,0.0,19.76,1.17
2026-08-28 05:00:00-06:00,0.0,0.0,0.0,19.37,0.97
2026-08-28 06:00:00-06:00,0.0,0.0,0.0,19.47,0.83
2026-08-28 07:00:00-06:00,180.15,836.14,59.6,19.69,0.69
2026-08-28 08:00:00-06:00,353.65,715.9,80.6,21.94,0.41
2026-08-28 09:00:00-06:00,637.4,872.41,117.1,23.51,0.21
2026-08-28 10:00:00-06:00,791.5,828.17,150.1,25.24,0.41
2026-08-28 11:00:00-06:00,904.75,824.38,159.9,26.7,0.9
2026-08-28 12:00:00-06:00,914.25,789.08,145.1,27.9,1.31
2026-08-28 13:00:00-06:00,947.55,809.6,151.5,28.46,1.31
2026-08-28 14:00:00-06:00,814.6,695.99,168.35,29.19,1.31
2026-08-28 15:00:00-06:00,710.45,723.24,121.55,29.62,1.1
2026-08-28 16:00:00-06:00,420.2,434.95,138.25,29.43,1.59
2026-08-28 17:00:00-06:00,205.75,299.7,73.35,27.82,1.59
2026-08-28 18:00:00-06:00,47.7,121.66,22.65,26.61,1.59
2026-08-28 19:00:00-06:00,0.0,0.0,0.0,25.11,1.45
2026-08-28 20:00:00-06:00,0.0,0.0,0.0,23.44,0.97
2026-08-28 21:00:00-06:00,0.0,0.0,0.0,24.11,0.07
2026-08-28 22:00:00-06:00,0.0,0.0,0.0,22.85,0.55
2026-08-28 23:00:00-06:00,0.0,0.0,0.0,22.52,0.62
2026-08-29 00:00:00-06:00,0.0,0.0,0.0,21.58,0.55
2026-08-29 01:00:00-06:00,0.0,0.0,0.0,21.12,0.48
2026-08-29 02:00:00-06:00,0.0,0.0,0.0,18.31,1.38
2026-08-29 03:00:00-06:00,0.0,0.0,0.0,17.7,1.72
2026-08-29 04:00:00-06:00,0.0,0.0,0.0,17.08,1.38
2026-08-29 05:00:00-06:00,0.0,0.0,0.0,16.91,1.24
2026-08-29 06:00:00-06:00,0.0,0.0,0.0,16.54,1.31
2026-08-29 07:00:00-06:00,190.6,927.41,57.45,16.64,1.17
2026-08-29 08:00:00-06:00,415.4,840.59,95.15,19.47,0.55
2026-08-29 09:00:00-06:00,568.3,730.75,132.75,21.71,0.28
2026-08-29 10:00:00-06:00,713.65,730.81,147.95,23.08,0.9
2026-08-29 11:00:00-06:00,849.75,787.51,138.65,24.5,0.9
2026-08-29 12:00:00-06:00,994.25,910.16,107.8,26.11,0.9
2026-08-29 13:00:00-06:00,845.3,683.3,174.2,27.75,1.17
2026-08-29 14:00:00-06:00,773.0,687.08,136.05,28.13,1.24
2026-08-29 15:00:00-06:00,599.75,573.59,133.8,28.57,1.38
2026-08-29 16:00:00-06:00,446.7,513.85,114.8,27.53,1.66
2026-08-29 17:00:00-06:00,208.4,323.42,66.4,26.31,1.86
2026-08-29 18:00:00-06:00,51.05,164.95,17.6,25.4,1.52
2026-08-29 19:00:00-06:00,0.0,0.0,0.0,24.09,0.76
2026-08-29 20:00:00-06:00,0.0,0.0,0.0,23.09,0.62
2026-08-29 21:00:00-06:00,0.0,0.0,0.0,21.76,0.97
2026-08-29 22:00:00-06:00,0.0,0.0,0.0,22.29,0.28
2026-08-29 23:00:00-06:00,0.0,0.0,0.0,20.95,0.76
2026-08-30 00:00:00-06:00,0.0,0.0,0.0,19.15,1.17
2026-08-30 01:00:00-06:00,0.0,0.0,0.0,18.0,1.38
2026-08-30 02:00:00-06:00,0.0,0.0,0.0,17.54,1.1
2026-08-30 03:00:00-06:00,0.0,0.0,0.0,17.56,0.83
2026-08-30 04:00:00-06:00,0.0,0.0,0.0,17.23,0.69
2026-08-30 05:00:00-06:00,0.0,0.0,0.0,17.02,0.76
2026-08-30 06:00:00-06:00,0.0,0.0,0.0,16.88,0.69
2026-08-30 07:00:00-06:00,166.4,720.73,63.35,17.28,0.76
2026-08-30 08:00:00-06:00,389.45,713.57,117.9,19.03,0.69
2026-08-30 09:00:00-06:00,591.65,793.49,119.0,20.84,0.41
2026-08-30 10:00:00-06:00,830.4,952.88,93.2,22.84,0.41
2026-08-30 11:00:00-06:00,887.05,787.46,176.45,24.74,1.03
2026-08-30 12:00:00-06:00,838.4,740.77,117.55,26.02,1.1
2026-08-30 13:00:00-06:00,840.55,710.51,143.55,26.3,1.24
2026-08-30 14:00:00-06:00,785.1,698.45,138.7,27.19,1.38
2026-08-30 15:00:00-06:00,600.45,550.98,153.95,27.12,0.76
2026-08-30 16:00:00-06:00,273.05,257.64,107.25,27.09,0.62
2026-08-30 17:00:00-06:00,114.55,93.75,73.65,24.94,1.31
2026-08-30 18:00:00-06:00,25.55,38.07,17.95,23.69,1.31
2026-08-30 19:00:00-06:00,0.0,0.0,0.0,21.52,0.28
2026-08-30 20:00:00-06:00,0.0,0.0,0.0,20.81,1.1
2026-08-30 21:00:00-06:00,0.0,0.0,0.0,20.06,1.24
2026-08-30 22:00:00-06:00,0.0,0.0,0.0,19.43,0.55
2026-08-30 23:00:00-06:00,0.0,0.0,0.0,19.25,0.62
2026-08-31 00:00:00-06:00,0.0,0.0,0.0,18.87,0.14
2026-08-31 01:00:00-06:00,0.0,0.0,0.0,18.99,0.41
2026-08-31 02:00:00-06:00,0.0,0.0,0.0,18.92,0.48
2026-08-31 03:00:00-06:00,0.0,0.0,0.0,18.84,0.41
2026-08-31 04:00:00-06:00,0.0,0.0,0.0,18.73,0.21
2026-08-31 05:00:00-06:00,0.0,0.0,0.0,18.73,0.41
2026-08-31 06:00:00-06:00,0.0,0.0,0.0,18.73,0.48
2026-08-31 07:00:00-06:00,118.8,449.8,54.75,18.73,0.41
2026-08-31 08:00:00-06:00,317.4,554.16,106.75,19.57,0.41
2026-08-31 09:00:00-06:00,544.25,649.53,157.6,20.61,0.48
2026-08-31 10:00:00-06:00,695.35,642.39,198.65,26.56,0.8
2026-08-31 11:00:00-06:00,813.85,682.1,198.75,26.08,0.82
2026-08-31 12:00:00-06:00,738.6,422.38,327.95,25.6,0.84
2026-08-31 13:00:00-06:00,763.6,516.7,257.35,25.12,0.87
2026-08-31 14:00:00-06:00,752.7,635.15,165.9,24.64,0.89
2026-08-31 15:00:00-06:00,593.05,535.97,159.8,24.16,0.92
2026-08-31 16:00:00-06:00,409.35,419.84,140.2,23.68,0.94
2026-08-31 17:00:00-06:00,136.2,143.73,73.9,23.2,0.97
2026-08-31 18:00:00-06:00,37.1,73.51,22.9,22.72,0.99
2026-08-31 19:00:00-06:00,0.0,0.0,0.0,22.24,1.02
2026-08-31 20:00:00-06:00,0.0,0.0,0.0,21.76,1.04
2026-08-31 21:00:00-06:00,0.0,0.0,0.0,21.28,1.06
2026-08-31 22:00:00-06:00,0.0,0.0,0.0,20.8,1.09
2026-08-31 23:00:00-06:00,0.0,0.0,0.0,20.32,1.11
2026-09-01 00:00:00-06:00,0.0,0.0,0.0,19.84,1.14
2026-09-01 01:00:00-06:00,0.0,0.0,0.0,19.36,1.16
2026-09-01 02:00:00-06:00,0.0,0.0,0.0,17.66,0.97
2026-09-01 03:00:00-06:00,0.0,0.0,0.0,17.42,0.9
2026-09-01 04:00:00-06:00,0.0,0.0,0.0,17.28,0.83
2026-09-01 05:00:00-06:00,0.0,0.0,0.0,17.03,0.9
2026-09-01 06:00:00-06:00,0.0,0.0,0.0,16.99,0.83
2026-09-01 07:00:00-06:00,149.7,407.78,92.1,17.38,0.69
2026-09-01 08:00:00-06:00,319.5,395.12,169.65,19.66,0.14
2026-09-01 09:00:00-06:00,520.75,434.0,262.75,21.11,0.34
2026-09-01 10:00:00-06:00,644.9,508.32,252.35,22.55,1.03
2026-09-01 11:00:00-06:00,676.75,478.26,246.1,23.62,1.66
2026-09-01 12:00:00-06:00,708.25,414.13,306.4,24.1,2.07
2026-09-01 13:00:00-06:00,603.5,330.85,280.2,23.76,2.34
2026-09-01 14:00:00-06:00,654.75,478.77,214.05,23.43,1.79
2026-09-01 15:00:00-06:00,536.8,372.45,237.3,23.53,1.59
2026-09-01 16:00:00-06:00,405.9,448.96,120.35,23.53,1.38
2026-09-01 17:00:00-06:00,182.45,212.09,91.75,23.21,0.83
2026-09-01 18:00:00-06:00,29.05,58.98,17.85,22.58,0.55
2026-09-01 19:00:00-06:00,0.0,0.0,0.0,21.83,0.69
2026-09-01 20:00:00-06:00,0.0,0.0,0.0,21.06,1.03
2026-09-01 21:00:00-06:00,0.0,0.0,0.0,20.23,1.17
2026-09-01 22:00:00-06:00,0.0,0.0,0.0,19.61,1.24
2026-09-01 23:00:00-06:00,0.0,0.0,0.0,19.25,1.31
2026-09-02 00:00:00-06:00,0.0,0.0,0.0,18.67,1.38
2026-09-02 01:00:00-06:00,0.0,0.0,0.0,18.26,1.17
2026-09-02 02:00:00-06:00,0.0,0.0,0.0,17.88,1.24
2026-09-02 03:00:00-06:00,0.0,0.0,0.0,17.61,1.31
2026-09-02 04:00:00-06:00,0.0,0.0,0.0,17.0,1.31
2026-09-02 05:00:00-06:00,0.0,0.0,0.0,16.54,1.31
2026-09-02 06:00:00-06:00,0.0,0.0,0.0,16.52,1.24
2026-09-02 07:00:00-06:00,175.75,804.25,62.6,16.69,1.17
2026-09-02 08:00:00-06:00,373.85,669.85,120.1,19.87,0.62
2026-09-02 09:00:00-06:00,658.8,928.54,107.2,21.98,0.14
2026-09-02 10:00:00-06:00,844.0,942.63,116.55,23.98,0.48
2026-09-02 11:00:00-06:00,926.3,914.11,103.85,25.18,1.03
2026-09-02 12:00:00-06:00,956.35,851.92,130.55,26.18,1.38
2026-09-02 13:00:00-06:00,884.95,758.18,145.1,26.58,1.24
2026-09-02 14:00:00-06:00,819.35,748.71,131.5,26.89,1.24
2026-09-02 15:00:00-06:00,541.7,515.44,128.35,27.19,1.17
2026-09-02 16:00:00-06:00,476.2,606.55,92.0,26.12,0.83
2026-09-02 17:00:00-06:00,206.2,303.54,77.3,26.12,0.55
2026-09-02 18:00:00-06:00,35.25,100.51,16.5,25.34,0.14
2026-09-02 19:00:00-06:00,0.0,0.0,0.0,24.1,1.1
2026-09-02 20:00:00-06:00,0.0,0.0,0.0,22.28,1.24
2026-09-02 21:00:00-06:00,0.0,0.0,0.0,20.77,1.03
2026-09-02 22:00:00-06:00,0.0,0.0,0.0,20.12,0.97
2026-09-02 23:00:00-06:00,0.0,0.0,0.0,18.81,1.38
2026-09-03 00:00:00-06:00,0.0,0.0,0.0,17.97,1.17
2026-09-03 01:00:00-06:00,0.0,0.0,0.0,18.19,1.1
2026-09-03 02:00:00-06:00,0.0,0.0,0.0,18.38,0.9
2026-09-03 03:00:00-06:00,0.0,0.0,0.0,18.04,0.9
2026-09-03 04:00:00-06:00,0.0,0.0,0.0,17.36,0.97
2026-09-03 05:00:00-06:00,0.0,0.0,0.0,16.48,1.03
2026-09-03 06:00:00-06:00,0.0,0.0,0.0,15.98,1.1
2026-09-03 07:00:00-06:00,198.05,943.39,65.85,16.12,1.17
2026-09-03 08:00:00-06:00,448.05,899.91,107.55,19.55,0.62
2026-09-03 09:00:00-06:00,670.6,949.02,107.25,22.19,0.28
2026-09-03 10:00:00-06:00,835.35,940.06,110.4,23.82,0.97
2026-09-03 11:00:00-06:00,949.95,913.71,128.55,25.16,1.24
2026-09-03 12:00:00-06:00,1028.1,949.87,108.35,26.14,1.45
2026-09-03 13:00:00-06:00,920.4,823.12,118.35,27.16,1.79
2026-09-03 14:00:00-06:00,775.1,717.92,116.85,26.76,1.17
2026-09-03 15:00:00-06:00,589.3,564.98,137.5,26.59,0.55
2026-09-03 16:00:00-06:00,411.6,493.3,100.45,26.67,0.55
2026-09-03 17:00:00-06:00,218.7,373.67,61.15,26.02,0.28
2026-09-03 18:00:00-06:00,40.3,131.56,16.2,25.29,0.14
2026-09-03 19:00:00-06:00,0.0,0.0,0.0,24.02,0.34
2026-09-03 20:00:00-06:00,0.0,0.0,0.0,21.95,1.1
2026-09-03 21:00:00-06:00,0.0,0.0,0.0,20.12,1.72
2026-09-03 22:00:00-06:00,0.0,0.0,0.0,19.11,1.79
2026-09-03 23:00:00-06:00,0.0,0.0,0.0,18.04,1.52
2026-09-04 00:00:00-06:00,0.0,0.0,0.0,18.02,0.83
2026-09-04 01:00:00-06:00,0.0,0.0,0.0,19.1,0.41
2026-09-04 02:00:00-06:00,0.0,0.0,0.0,17.69,0.9
2026-09-04 03:00:00-06:00,0.0,0.0,0.0,17.56,0.62
2026-09-04 04:00:00-06:00,0.0,0.0,0.0,16.45,0.83
2026-09-04 05:00:00-06:00,0.0,0.0,0.0,15.82,0.9
2026-09-04 06:00:00-06:00,0.0,0.0,0.0,16.32,0.55
2026-09-04 07:00:00-06:00,171.55,703.54,73.35,16.13,0.69
2026-09-04 08:00:00-06:00,381.35,719.99,109.25,18.74,0.41
2026-09-04 09:00:00-06:00,656.25,923.37,108.55,21.12,0.55
2026-09-04 10:00:00-06:00,732.2,756.1,149.55,22.79,0.97
2026-09-04 11:00:00-06:00,906.7,849.83,143.4,23.99,1.31
2026-09-04 12:00:00-06:00,900.9,725.92,198.8,25.22,1.38
2026-09-04 13:00:00-06:00,922.9,792.35,152.0,26.12,1.66
2026-09-04 14:00:00-06:00,745.85,647.97,152.95,26.76,1.66
2026-09-04 15:00:00-06:00,591.85,610.5,105.05,26.21,1.17
2026-09-04 16:00:00-06:00,376.7,417.41,114.55,25.22,0.41
2026-09-04 17:00:00-06:00,185.9,270.22,72.8,24.47,1.45
2026-09-04 18:00:00-06:00,24.35,49.78,15.4,23.72,0.9
2026-09-04 19:00:00-06:00,0.0,0.0,0.0,22.59,0.48
2026-09-04 20:00:00-06:00,0.0,0.0,0.0,21.96,0.48
2026-09-04 21:00:00-06:00,0.0,0.0,0.0,19.76,1.24
2026-09-04 22:00:00-06:00,0.0,0.0,0.0,19.37,1.1
2026-09-04 23:00:00-06:00,0.0,0.0,0.0,18.11,1.31
2026-09-05 00:00:00-06:00,0.0,0.0,0.0,17.62,1.17
2026-09-05 01:00:00-06:00,0.0,0.0,0.0,16.84,1.24
2026-09-05 02:00:00-06:00,0.0,0.0,0.0,16.34,1.1
2026-09-05 03:00:00-06:00,0.0,0.0,0.0,16.45,0.83
2026-09-05 04:00:00-06:00,0.0,0.0,0.0,16.41,0.9
2026-09-05 05:00:00-06:00,0.0,0.0,0.0,15.7,0.97
2026-09-05 06:00:00-06:00,0.0,0.0,0.0,15.68,0.76
2026-09-05 07:00:00-06:00,157.15,597.72,74.05,15.93,0.83
2026-09-05 08:00:00-06:00,363.0,683.25,105.1,18.57,0.28
2026-09-05 09:00:00-06:00,500.65,613.49,137.05,20.38,0.28
2026-09-05 10:00:00-06:00,736.9,720.2,182.35,21.92,0.83
2026-09-05 11:00:00-06:00,905.7,858.14,135.65,23.53,1.17
2026-09-05 12:00:00-06:00,929.35,801.26,155.3,24.94,1.45
2026-09-05 13:00:00-06:00,880.65,700.84,199.85,26.01,1.59
2026-09-05 14:00:00-06:00,771.05,661.01,167.5,26.49,1.52
2026-09-05 15:00:00-06:00,573.75,534.96,148.45,25.69,1.03
2026-09-05 16:00:00-06:00,345.75,377.11,109.95,25.54,0.28
2026-09-05 17:00:00-06:00,136.4,148.16,74.85,24.68,0.83
2026-09-05 18:00:00-06:00,24.2,65.79,12.6,23.4,1.24
2026-09-05 19:00:00-06:00,0.0,0.0,0.0,22.35,0.55
2026-09-05 20:00:00-06:00,0.0,0.0,0.0,21.87,0.41
2026-09-05 21:00:00-06:00,0.0,0.0,0.0,21.67,0.41
2026-09-05 22:00:00-06:00,0.0,0.0,0.0,20.76,0.76
2026-09-05 23:00:00-06:00,0.0,0.0,0.0,20.13,0.83
2026-09-06 00:00:00-06:00,0.0,0.0,0.0,19.41,0.9
2026-09-06 01:00:00-06:00,0.0,0.0,0.0,18.11,1.38
2026-09-06 02:00:00-06:00,0.0,0.0,0.0,17.81,0.97
2026-09-06 03:00:00-06:00,0.0,0.0,0.0,18.06,0.69
2026-09-06 04:00:00-06:00,0.0,0.0,0.0,17.96,0.76
2026-09-06 05:00:00-06:00,0.0,0.0,0.0,17.85,0.48
2026-09-06 06:00:00-06:00,0.0,0.0,0.0,18.11,0.14
2026-09-06 07:00:00-06:00,120.25,315.21,76.6,17.93,0.34
2026-09-06 08:00:00-06:00,266.7,377.86,124.25,19.0,0.48
2026-09-06 09:00:00-06:00,422.75,378.52,198.6,19.92,0.34
2026-09-06 10:00:00-06:00,542.8,471.89,179.75,21.61,0.83
2026-09-06 11:00:00-06:00,768.65,608.33,223.3,22.52,1.24
2026-09-06 12:00:00-06:00,902.4,751.26,177.55,24.13,1.31
2026-09-06 13:00:00-06:00,820.55,687.44,153.85,25.53,1.31
2026-09-06 14:00:00-06:00,765.85,665.47,159.55,25.25,0.41
2026-09-06 15:00:00-06:00,549.05,505.93,148.05,26.0,0.41
2026-09-06 16:00:00-06:00,397.0,491.03,91.35,26.19,1.31
2026-09-06 17:00:00-06:00,142.9,180.47,68.5,25.07,1.72
2026-09-06 18:00:00-06:00,22.3,54.38,12.9,23.82,0.62
2026-09-06 19:00:00-06:00,0.0,0.0,0.0,22.65,0.41
2026-09-06 20:00:00-06:00,0.0,0.0,0.0,22.45,0.41
2026-09-06 21:00:00-06:00,0.0,0.0,0.0,19.87,1.38
2026-09-06 22:00:00-06:00,0.0,0.0,0.0,18.92,1.24
2026-09-06 23:00:00-06:00,0.0,0.0,0.0,19.71,0.41
2026-09-07 00:00:00-06:00,0.0,0.0,0.0,19.23,0.48
2026-09-07 01:00:00-06:00,0.0,0.0,0.0,18.02,1.03
2026-09-07 02:00:00-06:00,0.0,0.0,0.0,17.67,1.03
2026-09-07 03:00:00-06:00,0.0,0.0,0.0,17.29,0.9
2026-09-07 04:00:00-06:00,0.0,0.0,0.0,16.92,0.48
2026-09-07 05:00:00-06:00,0.0,0.0,0.0,16.81,0.28
2026-09-07 06:00:00-06:00,0.0,0.0,0.0,16.52,0.28
2026-09-07 07:00:00-06:00,78.3,117.81,62.05,16.79,0.41
2026-09-07 08:00:00-06:00,306.15,411.94,151.05,17.74,0.41
2026-09-07 09:00:00-06:00,570.05,662.21,178.25,20.18,0.0
2026-09-07 10:00:00-06:00,729.05,729.75,168.1,22.27,0.48
2026-09-07 11:00:00-06:00,788.65,629.83,224.6,24.15,1.17
2026-09-07 12:00:00-06:00,865.9,672.78,217.6,24.82,1.38
2026-09-07 13:00:00-06:00,842.55,665.3,198.4,24.9,1.52
2026-09-07 14:00:00-06:00,699.05,598.55,154.95,25.71,1.38
2026-09-07 15:00:00-06:00,660.5,658.05,140.55,24.98,0.76
2026-09-07 16:00:00-06:00,387.2,437.46,116.15,25.6,1.03
2026-09-07 17:00:00-06:00,192.65,321.59,61.1,24.89,1.1
2026-09-07 18:00:00-06:00,27.85,82.08,13.95,24.23,1.31
2026-09-07 19:00:00-06:00,0.0,0.0,0.0,23.01,0.34
2026-09-07 20:00:00-06:00,0.0,0.0,0.0,22.49,0.0
2026-09-07 21:00:00-06:00,0.0,0.0,0.0,21.34,0.69
2026-09-07 22:00:00-06:00,0.0,0.0,0.0,20.51,0.9
2026-09-07 23:00:00-06:00,0.0,0.0,0.0,19.03,1.03
2026-09-08 00:00:00-06:00,0.0,0.0,0.0,19.57,0.28
2026-09-08 01:00:00-06:00,0.0,0.0,0.0,16.67,1.1
2026-09-08 02:00:00-06:00,0.0,0.0,0.0,16.46,1.31
2026-09-08 03:00:00-06:00,0.0,0.0,0.0,16.16,1.17
2026-09-08 04:00:00-06:00,0.0,0.0,0.0,15.72,1.45
2026-09-08 05:00:00-06:00,0.0,0.0,0.0,15.49,1.31
2026-09-08 06:00:00-06:00,0.0,0.0,0.0,15.23,1.31
2026-09-08 07:00:00-06:00,114.9,343.94,67.65,15.72,1.24
2026-09-08 08:00:00-06:00,296.1,448.11,127.6,17.73,0.69
2026-09-08 09:00:00-06:00,538.9,636.0,162.95,20.23,0.14
2026-09-08 10:00:00-06:00,774.05,826.83,139.05,21.9,0.62
2026-09-08 11:00:00-06:00,917.65,892.86,118.9,23.79,0.83
2026-09-08 12:00:00-06:00,852.9,671.92,206.3,24.97,1.45
2026-09-08 13:00:00-06:00,848.15,709.86,162.05,24.92,1.1
2026-09-08 14:00:00-06:00,637.75,523.02,163.4,25.59,1.03
2026-09-08 15:00:00-06:00,614.25,653.11,99.85,25.76,1.03
2026-09-08 16:00:00-06:00,435.5,573.54,81.8,25.92,1.31
2026-09-08 17:00:00-06:00,166.4,270.81,56.5,25.05,1.17
2026-09-08 18:00:00-06:00,15.7,40.1,9.05,23.65,0.9
2026-09-08 19:00:00-06:00,0.0,0.0,0.0,21.57,0.83
2026-09-08 20:00:00-06:00,0.0,0.0,0.0,20.51,1.17
2026-09-08 21:00:00-06:00,0.0,0.0,0.0,19.78,1.24
2026-09-08 22:00:00-06:00,0.0,0.0,0.0,19.49,1.31
2026-09-08 23:00:00-06:00,0.0,0.0,0.0,19.01,1.31
2026-09-09 00:00:00-06:00,0.0,0.0,0.0,18.4,1.1
2026-09-09 01:00:00-06:00,0.0,0.0,0.0,18.08,1.1
2026-09-09 02:00:00-06:00,0.0,0.0,0.0,17.71,1.1
2026-09-09 03:00:00-06:00,0.0,0.0,0.0,17.47,1.1
2026-09-09 04:00:00-06:00,0.0,0.0,0.0,16.71,1.24
2026-09-09 05:00:00-06:00,0.0,0.0,0.0,16.26,1.31
2026-09-09 06:00:00-06:00,0.0,0.0,0.0,15.92,1.17
2026-09-09 07:00:00-06:00,151.45,684.07,57.85,16.5,0.9
2026-09-09 08:00:00-06:00,397.25,804.49,95.15,19.47,0.28
2026-09-09 09:00:00-06:00,624.2,856.07,118.65,21.61,0.48
2026-09-09 10:00:00-06:00,776.2,826.45,142.1,23.18,0.76
2026-09-09 11:00:00-06:00,866.1,789.78,160.35,24.16,1.17
2026-09-09 12:00:00-06:00,879.45,744.97,163.55,25.35,1.31
2026-09-09 13:00:00-06:00,891.45,791.1,128.2,25.99,1.52
2026-09-09 14:00:00-06:00,686.9,559.85,180.35,26.68,1.66
2026-09-09 15:00:00-06:00,533.05,479.52,156.6,26.15,1.03
2026-09-09 16:00:00-06:00,303.05,291.9,123.9,25.33,0.83
2026-09-09 17:00:00-06:00,131.95,162.47,66.55,25.2,0.76
2026-09-09 18:00:00-06:00,21.65,61.32,11.7,24.46,0.76
2026-09-09 19:00:00-06:00,0.0,0.0,0.0,23.01,1.03
2026-09-09 20:00:00-06:00,0.0,0.0,0.0,21.71,1.17
2026-09-09 21:00:00-06:00,0.0,0.0,0.0,20.16,1.31
2026-09-09 22:00:00-06:00,0.0,0.0,0.0,19.19,1.17
2026-09-09 23:00:00-06:00,0.0,0.0,0.0,18.34,1.24
2026-09-10 00:00:00-06:00,0.0,0.0,0.0,18.12,1.52
2026-09-10 01:00:00-06:00,0.0,0.0,0.0,18.07,0.9
2026-09-10 02:00:00-06:00,0.0,0.0,0.0,18.2,0.83
2026-09-10 03:00:00-06:00,0.0,0.0,0.0,17.69,1.38
2026-09-10 04:00:00-06:00,0.0,0.0,0.0,17.32,1.31
2026-09-10 05:00:00-06:00,0.0,0.0,0.0,17.4,0.9
2026-09-10 06:00:00-06:00,0.0,0.0,0.0,17.2,0.9
2026-09-10 07:00:00-06:00,143.3,432.95,84.3,16.98,1.03
2026-09-10 08:00:00-06:00,328.65,510.67,137.15,19.79,0.62
2026-09-10 09:00:00-06:00,577.95,666.66,184.65,21.0,0.62
2026-09-10 10:00:00-06:00,779.0,763.23,194.0,22.92,0.28
2026-09-10 11:00:00-06:00,813.0,727.4,163.75,24.34,0.76
2026-09-10 12:00:00-06:00,880.0,744.53,165.55,25.24,1.17
2026-09-10 13:00:00-06:00,870.25,754.61,143.55,26.58,1.24
2026-09-10 14:00:00-06:00,816.25,764.02,126.65,27.03,1.38
2026-09-10 15:00:00-06:00,565.75,563.75,124.65,27.33,1.52
2026-09-10 16:00:00-06:00,375.2,472.46,86.65,26.08,0.55
2026-09-10 17:00:00-06:00,129.45,179.48,57.8,25.57,0.41
2026-09-10 18:00:00-06:00,13.2,24.26,9.35,24.56,0.97
2026-09-10 19:00:00-06:00,0.0,0.0,0.0,23.42,0.97
2026-09-10 20:00:00-06:00,0.0,0.0,0.0,22.74,0.62
2026-09-10 21:00:00-06:00,0.0,0.0,0.0,22.01,0.83
2026-09-10 22:00:00-06:00,0.0,0.0,0.0,20.73,1.1
2026-09-10 23:00:00-06:00,0.0,0.0,0.0,19.18,1.45
2026-09-11 00:00:00-06:00,0.0,0.0,0.0,18.88,1.31
2026-09-11 01:00:00-06:00,0.0,0.0,0.0,19.44,0.9
2026-09-11 02:00:00-06:00,0.0,0.0,0.0,19.2,1.31
2026-09-11 03:00:00-06:00,0.0,0.0,0.0,18.91,1.24
2026-09-11 04:00:00-06:00,0.0,0.0,0.0,18.37,1.1
2026-09-11 05:00:00-06:00,0.0,0.0,0.0,19.03,0.55
2026-09-11 06:00:00-06:00,0.0,0.0,0.0,19.02,0.41
2026-09-11 07:00:00-06:00,102.0,202.26,74.55,18.96,0.07
2026-09-11 08:00:00-06:00,182.95,126.71,135.5,19.99,0.34
2026-09-11 09:00:00-06:00,324.8,139.9,242.35,20.3,0.69
2026-09-11 10:00:00-06:00,337.4,98.41,262.05,21.11,1.03
2026-09-11 11:00:00-06:00,418.45,120.59,310.95,21.14,1.38
2026-09-11 12:00:00-06:00,663.65,368.73,310.35,21.56,1.24
2026-09-11 13:00:00-06:00,589.05,265.45,333.9,24.1,1.86
2026-09-11 14:00:00-06:00,422.0,179.21,260.65,23.94,1.86
2026-09-11 15:00:00-06:00,103.25,1.86,101.8,22.88,1.79
2026-09-11 16:00:00-06:00,162.2,73.39,117.6,21.13,0.83
2026-09-11 17:00:00-06:00,48.4,0.63,48.15,20.6,0.55
2026-09-11 18:00:00-06:00,5.45,4.84,4.7,19.74,0.62
2026-09-11 19:00:00-06:00,0.0,0.0,0.0,19.13,0.76
2026-09-11 20:00:00-06:00,0.0,0.0,0.0,18.78,1.03
2026-09-11 21:00:00-06:00,0.0,0.0,0.0,18.33,0.83
2026-09-11 22:00:00-06:00,0.0,0.0,0.0,18.2,0.69
2026-09-11 23:00:00-06:00,0.0,0.0,0.0,17.84,0.9
2026-09-12 00:00:00-06:00,0.0,0.0,0.0,17.6,0.97
2026-09-12 01:00:00-06:00,0.0,0.0,0.0,17.6,0.83
2026-09-12 02:00:00-06:00,0.0,0.0,0.0,17.6,0.76
2026-09-12 03:00:00-06:00,0.0,0.0,0.0,17.34,0.69
2026-09-12 04:00:00-06:00,0.0,0.0,0.0,17.34,0.76
2026-09-12 05:00:00-06:00,0.0,0.0,0.0,17.14,0.69
2026-09-12 06:00:00-06:00,0.0,0.0,0.0,16.9,0.76
2026-09-12 07:00:00-06:00,89.15,190.9,63.35,16.78,0.83
2026-09-12 08:00:00-06:00,195.3,185.6,125.9,18.12,0.69
2026-09-12 09:00:00-06:00,390.55,327.59,197.7,19.12,0.34
2026-09-12 10:00:00-06:00,438.65,336.81,181.05,20.55,0.21
2026-09-12 11:00:00-06:00,492.1,300.22,224.8,21.41,0.34
2026-09-12 12:00:00-06:00,746.7,520.55,248.7,21.91,0.34
2026-09-12 13:00:00-06:00,846.05,658.82,214.05,24.9,0.97
2026-09-12 14:00:00-06:00,791.6,687.78,173.95,25.88,1.17
2026-09-12 15:00:00-06:00,631.8,604.84,161.8,26.28,1.1
2026-09-12 16:00:00-06:00,369.25,338.81,164.4,26.23,0.83
2026-09-12 17:00:00-06:00,154.95,135.04,101.95,25.59,0.69
2026-09-12 18:00:00-06:00,18.85,30.38,14.25,24.47,0.9
2026-09-12 19:00:00-06:00,0.0,0.0,0.0,22.55,1.03
2026-09-12 20:00:00-06:00,0.0,0.0,0.0,21.66,0.76
2026-09-12 21:00:00-06:00,0.0,0.0,0.0,21.47,0.69
2026-09-12 22:00:00-06:00,0.0,0.0,0.0,19.96,1.17
2026-09-12 23:00:00-06:00,0.0,0.0,0.0,18.89,1.31
2026-09-13 00:00:00-06:00,0.0,0.0,0.0,18.76,0.69
2026-09-13 01:00:00-06:00,0.0,0.0,0.0,19.99,0.62
2026-09-13 02:00:00-06:00,0.0,0.0,0.0,19.41,0.76
2026-09-13 03:00:00-06:00,0.0,0.0,0.0,18.29,1.1
2026-09-13 04:00:00-06:00,0.0,0.0,0.0,17.64,1.17
2026-09-13 05:00:00-06:00,0.0,0.0,0.0,17.3,1.03
2026-09-13 06:00:00-06:00,0.0,0.0,0.0,16.93,1.1
2026-09-13 07:00:00-06:00,142.7,359.27,94.35,16.89,0.97
2026-09-13 08:00:00-06:00,312.85,323.7,192.0,19.75,0.21
2026-09-13 09:00:00-06:00,472.7,391.83,242.3,21.73,0.55
2026-09-13 10:00:00-06:00,589.25,444.73,249.5,22.9,0.83
2026-09-13 11:00:00-06:00,600.95,452.5,198.6,24.12,0.97
2026-09-13 12:00:00-06:00,828.7,504.43,346.9,24.71,1.1
2026-09-13 13:00:00-06:00,750.9,409.46,358.9,25.81,1.1
2026-09-13 14:00:00-06:00,484.2,190.25,313.8,26.22,1.03
2026-09-13 15:00:00-06:00,347.15,141.09,237.9,25.74,1.03
2026-09-13 16:00:00-06:00,214.2,93.1,158.2,25.18,0.9
2026-09-13 17:00:00-06:00,109.5,108.6,67.25,24.67,0.48
2026-09-13 18:00:00-06:00,9.4,1.35,9.2,23.92,0.69
2026-09-13 19:00:00-06:00,0.0,0.0,0.0,22.65,1.31
2026-09-13 20:00:00-06:00,0.0,0.0,0.0,20.83,1.45
2026-09-13 21:00:00-06:00,0.0,0.0,0.0,19.94,1.59
2026-09-13 22:00:00-06:00,0.0,0.0,0.0,19.52,1.66
2026-09-13 23:00:00-06:00,0.0,0.0,0.0,18.96,1.72
2026-09-14 00:00:00-06:00,0.0,0.0,0.0,18.42,1.66
2026-09-14 01:00:00-06:00,0.0,0.0,0.0,17.02,1.52
2026-09-14 02:00:00-06:00,0.0,0.0,0.0,16.2,1.52
2026-09-14 03:00:00-06:00,0.0,0.0,0.0,15.99,1.45
2026-09-14 04:00:00-06:00,0.0,0.0,0.0,14.77,1.59
2026-09-14 05:00:00-06:00,0.0,0.0,0.0,14.45,1.52
2026-09-14 06:00:00-06:00,0.0,0.0,0.0,14.51,1.38
2026-09-14 07:00:00-06:00,189.35,941.45,63.2,14.65,1.38
2026-09-14 08:00:00-06:00,433.85,937.88,84.25,18.89,0.83
2026-09-14 09:00:00-06:00,650.8,932.65,103.05,21.38,0.28
2026-09-14 10:00:00-06:00,846.15,958.35,114.9,22.88,0.62
2026-09-14 11:00:00-06:00,948.5,940.31,113.55,24.54,1.03
2026-09-14 12:00:00-06:00,981.15,907.39,115.9,25.45,1.17
2026-09-14 13:00:00-06:00,983.5,930.79,94.25,26.29,1.38
2026-09-14 14:00:00-06:00,868.5,846.04,112.75,26.74,1.03
2026-09-14 15:00:00-06:00,631.75,691.05,98.6,26.66,0.62
2026-09-14 16:00:00-06:00,376.4,457.68,102.55,26.21,0.83
2026-09-14 17:00:00-06:00,183.55,322.34,59.25,25.59,0.76
2026-09-14 18:00:00-06:00,20.25,75.97,9.3,24.83,0.41
2026-09-14 19:00:00-06:00,0.0,0.0,0.0,23.06,0.55
2026-09-14 20:00:00-06:00,0.0,0.0,0.0,22.05,1.45
2026-09-14 21:00:00-06:00,0.0,0.0,0.0,20.51,1.72
2026-09-14 22:00:00-06:00,0.0,0.0,0.0,19.62,1.45
2026-09-14 23:00:00-06:00,0.0,0.0,0.0,18.73,1.38
2026-09-15 00:00:00-06:00,0.0,0.0,0.0,18.2,1.38
2026-09-15 01:00:00-06:00,0.0,0.0,0.0,17.75,1.38
2026-09-15 02:00:00-06:00,0.0,0.0,0.0,16.83,1.17
2026-09-15 03:00:00-06:00,0.0,0.0,0.0,16.86,1.1
2026-09-15 04:00:00-06:00,0.0,0.0,0.0,16.93,1.31
2026-09-15 05:00:00-06:00,0.0,0.0,0.0,16.59,1.31
2026-09-15 06:00:00-06:00,0.0,0.0,0.0,16.21,1.24
2026-09-15 07:00:00-06:00,171.55,816.69,62.6,16.37,1.03
2026-09-15 08:00:00-06:00,419.0,863.91,97.5,19.69,0.55
2026-09-15 09:00:00-06:00,636.0,855.99,133.9,21.73,0.34
2026-09-15 10:00:00-06:00,801.25,886.73,125.5,23.11,0.55
2026-09-15 11:00:00-06:00,933.2,911.03,125.4,24.32,1.03
2026-09-15 12:00:00-06:00,932.7,865.93,108.4,25.49,1.38
2026-09-15 13:00:00-06:00,933.3,844.41,128.3,26.0,1.1
2026-09-15 14:00:00-06:00,810.2,792.3,104.4,26.25,0.97
2026-09-15 15:00:00-06:00,631.2,682.29,106.75,26.4,0.55
2026-09-15 16:00:00-06:00,401.6,529.02,86.75,26.42,0.83
2026-09-15 17:00:00-06:00,164.35,293.34,52.25,25.05,0.55
2026-09-15 18:00:00-06:00,16.85,59.44,8.5,23.67,1.38
2026-09-15 19:00:00-06:00,0.0,0.0,0.0,21.42,1.24
2026-09-15 20:00:00-06:00,0.0,0.0,0.0,20.18,1.52
2026-09-15 21:00:00-06:00,0.0,0.0,0.0,18.98,1.38
2026-09-15 22:00:00-06:00,0.0,0.0,0.0,18.73,0.76
2026-09-15 23:00:00-06:00,0.0,0.0,0.0,17.96,0.9
2026-09-16 00:00:00-06:00,0.0,0.0,0.0,17.53,0.97
2026-09-16 01:00:00-06:00,0.0,0.0,0.0,17.55,1.1
2026-09-16 02:00:00-06:00,0.0,0.0,0.0,17.42,1.03
2026-09-16 03:00:00-06:00,0.0,0.0,0.0,17.51,0.62
2026-09-16 04:00:00-06:00,0.0,0.0,0.0,17.39,0.83
2026-09-16 05:00:00-06:00,0.0,0.0,0.0,17.36,0.76
2026-09-16 06:00:00-06:00,0.0,0.0,0.0,17.44,0.41
2026-09-16 07:00:00-06:00,95.75,338.85,50.75,17.76,0.28
2026-09-16 08:00:00-06:00,334.5,550.46,130.0,18.44,0.14
2026-09-16 09:00:00-06:00,600.0,824.6,116.95,19.88,0.21
2026-09-16 10:00:00-06:00,756.0,754.47,181.8,21.7,0.55
2026-09-16 11:00:00-06:00,816.4,702.87,194.1,23.24,1.24
2026-09-16 12:00:00-06:00,852.4,693.67,193.25,24.32,1.38
2026-09-16 13:00:00-06:00,864.5,738.19,162.3,25.05,1.45
2026-09-16 14:00:00-06:00,717.7,649.82,140.45,25.69,1.17
2026-09-16 15:00:00-06:00,542.95,555.84,117.3,25.57,1.1
2026-09-16 16:00:00-06:00,355.7,455.46,86.1,24.92,0.14
2026-09-16 17:00:00-06:00,138.1,178.79,70.4,24.45,0.83
2026-09-16 18:00:00-06:00,12.9,24.86,9.5,23.22,1.03
2026-09-16 19:00:00-06:00,0.0,0.0,0.0,21.7,1.17
2026-09-16 20:00:00-06:00,0.0,0.0,0.0,19.71,0.97
2026-09-16 21:00:00-06:00,0.0,0.0,0.0,19.39,0.76
2026-09-16 22:00:00-06:00,0.0,0.0,0.0,18.85,0.97
2026-09-16 23:00:00-06:00,0.0,0.0,0.0,18.48,0.9
2026-09-17 00:00:00-06:00,0.0,0.0,0.0,17.98,1.03
2026-09-17 01:00:00-06:00,0.0,0.0,0.0,18.35,0.69
2026-09-17 02:00:00-06:00,0.0,0.0,0.0,17.72,0.69
2026-09-17 03:00:00-06:00,0.0,0.0,0.0,17.65,0.76
2026-09-17 04:00:00-06:00,0.0,0.0,0.0,17.48,0.62
2026-09-17 05:00:00-06:00,0.0,0.0,0.0,17.31,0.55
2026-09-17 06:00:00-06:00,0.0,0.0,0.0,16.65,0.69
2026-09-17 07:00:00-06:00,154.4,622.21,72.15,16.98,0.55
2026-09-17 08:00:00-06:00,363.55,646.89,123.65,18.8,0.14
2026-09-17 09:00:00-06:00,579.65,749.32,141.3,20.6,0.62
2026-09-17 10:00:00-06:00,742.35,760.96,164.0,22.21,0.97
2026-09-17 11:00:00-06:00,854.95,809.32,139.5,23.44,1.31
2026-09-17 12:00:00-06:00,836.35,680.97,190.45,24.64,1.45
2026-09-17 13:00:00-06:00,804.5,681.32,157.85,25.38,1.31
2026-09-17 14:00:00-06:00,698.0,631.59,138.55,25.99,1.17
2026-09-17 15:00:00-06:00,522.05,525.66,121.05,25.36,1.03
2026-09-17 16:00:00-06:00,261.15,251.33,113.2,25.05,0.76
2026-09-17 17:00:00-06:00,66.55,29.46,55.5,24.13,1.79
2026-09-17 18:00:00-06:00,9.35,7.14,8.4,23.08,0.28
2026-09-17 19:00:00-06:00,0.0,0.0,0.0,22.5,0.21
2026-09-17 20:00:00-06:00,0.0,0.0,0.0,21.16,0.62
2026-09-17 21:00:00-06:00,0.0,0.0,0.0,19.88,0.97
2026-09-17 22:00:00-06:00,0.0,0.0,0.0,18.88,0.97
2026-09-17 23:00:00-06:00,0.0,0.0,0.0,18.35,0.83
2026-09-18 00:00:00-06:00,0.0,0.0,0.0,17.93,0.97
2026-09-18 01:00:00-06:00,0.0,0.0,0.0,17.56,1.03
2026-09-18 02:00:00-06:00,0.0,0.0,0.0,17.26,0.97
2026-09-18 03:00:00-06:00,0.0,0.0,0.0,16.99,0.9
2026-09-18 04:00:00-06:00,0.0,0.0,0.0,16.94,0.76
2026-09-18 05:00:00-06:00,0.0,0.0,0.0,16.52,0.76
2026-09-18 06:00:00-06:00,0.0,0.0,0.0,16.45,0.97
2026-09-18 07:00:00-06:00,156.45,606.18,76.7,16.33,0.9
2026-09-18 08:00:00-06:00,366.25,694.81,109.05,17.96,0.28
2026-09-18 09:00:00-06:00,556.2,747.66,119.45,19.96,0.48
2026-09-18 10:00:00-06:00,660.95,597.41,207.55,21.71,1.24
2026-09-18 11:00:00-06:00,795.8,635.68,234.75,22.94,1.38
2026-09-18 12:00:00-06:00,675.8,431.33,267.45,24.46,1.52
2026-09-18 13:00:00-06:00,702.55,471.74,255.85,23.47,1.38
2026-09-18 14:00:00-06:00,563.65,347.37,256.85,23.83,0.9
2026-09-18 15:00:00-06:00,480.4,313.34,242.3,23.95,0.48
2026-09-18 16:00:00-06:00,340.45,299.03,165.4,24.31,1.03
2026-09-18 17:00:00-06:00,115.7,79.65,86.1,24.14,1.52
2026-09-18 18:00:00-06:00,10.95,18.16,8.6,22.8,0.62
2026-09-18 19:00:00-06:00,0.0,0.0,0.0,21.99,0.21
2026-09-18 20:00:00-06:00,0.0,0.0,0.0,21.72,0.48
2026-09-18 21:00:00-06:00,0.0,0.0,0.0,19.36,1.24
2026-09-18 22:00:00-06:00,0.0,0.0,0.0,18.34,0.97
2026-09-18 23:00:00-06:00,0.0,0.0,0.0,17.72,0.69
2026-09-19 00:00:00-06:00,0.0,0.0,0.0,17.07,0.9
2026-09-19 01:00:00-06:00,0.0,0.0,0.0,16.9,0.97
2026-09-19 02:00:00-06:00,0.0,0.0,0.0,16.95,1.03
2026-09-19 03:00:00-06:00,0.0,0.0,0.0,16.62,1.24
2026-09-19 04:00:00-06:00,0.0,0.0,0.0,16.61,1.31
2026-09-19 05:00:00-06:00,0.0,0.0,0.0,16.29,1.52
2026-09-19 06:00:00-06:00,0.0,0.0,0.0,15.99,1.66
2026-09-19 07:00:00-06:00,159.1,662.24,72.4,16.09,1.59
2026-09-19 08:00:00-06:00,438.65,975.06,78.4,17.86,1.24
2026-09-19 09:00:00-06:00,662.2,948.42,109.0,20.64,0.83
2026-09-19 10:00:00-06:00,851.3,966.21,119.1,22.47,0.14
2026-09-19 11:00:00-06:00,957.9,954.55,116.8,24.34,0.55
2026-09-19 12:00:00-06:00,755.4,448.57,331.55,25.79,0.9
2026-09-19 13:00:00-06:00,528.6,266.38,276.95,25.91,1.38
2026-09-19 14:00:00-06:00,375.85,206.4,194.1,25.83,1.72
2026-09-19 15:00:00-06:00,277.0,95.99,204.35,25.44,1.66
2026-09-19 16:00:00-06:00,135.25,61.76,99.3,24.8,1.45
2026-09-19 17:00:00-06:00,80.8,63.3,57.5,23.75,0.97
2026-09-19 18:00:00-06:00,12.2,25.06,9.05,23.38,0.07
2026-09-19 19:00:00-06:00,0.0,0.0,0.0,22.14,0.55
2026-09-19 20:00:00-06:00,0.0,0.0,0.0,20.96,1.17
2026-09-19 21:00:00-06:00,0.0,0.0,0.0,20.11,1.24
2026-09-19 22:00:00-06:00,0.0,0.0,0.0,18.67,1.24
2026-09-19 23:00:00-06:00,0.0,0.0,0.0,17.92,1.17
2026-09-20 00:00:00-06:00,0.0,0.0,0.0,17.67,1.17
2026-09-20 01:00:00-06:00,0.0,0.0,0.0,17.79,1.17
2026-09-20 02:00:00-06:00,0.0,0.0,0.0,17.6,1.24
2026-09-20 03:00:00-06:00,0.0,0.0,0.0,17.68,1.24
2026-09-20 04:00:00-06:00,0.0,0.0,0.0,17.47,1.45
2026-09-20 05:00:00-06:00,0.0,0.0,0.0,17.54,1.52
2026-09-20 06:00:00-06:00,0.0,0.0,0.0,17.22,1.52
2026-09-20 07:00:00-06:00,165.55,709.74,73.1,16.83,1.45
2026-09-20 08:00:00-06:00,405.2,761.13,124.55,18.73,1.31
2026-09-20 09:00:00-06:00,655.7,899.85,131.65,20.77,0.62
2026-09-20 10:00:00-06:00,859.8,996.18,106.05,22.6,0.14
2026-09-20 11:00:00-06:00,978.85,995.24,103.4,24.27,0.76
2026-09-20 12:00:00-06:00,898.4,757.79,183.8,25.55,1.38
2026-09-20 13:00:00-06:00,850.35,717.84,173.85,25.82,1.38
2026-09-20 14:00:00-06:00,807.8,736.6,161.15,26.27,1.31
2026-09-20 15:00:00-06:00,535.65,516.28,146.45,26.52,1.03
2026-09-20 16:00:00-06:00,280.9,287.61,114.45,25.37,0.41
2026-09-20 17:00:00-06:00,124.7,183.81,57.7,24.85,0.76
2026-09-20 18:00:00-06:00,8.45,22.13,5.75,24.16,0.55
2026-09-20 19:00:00-06:00,0.0,0.0,0.0,23.61,0.48
2026-09-20 20:00:00-06:00,0.0,0.0,0.0,23.19,0.34
2026-09-20 21:00:00-06:00,0.0,0.0,0.0,22.27,0.41
2026-09-20 22:00:00-06:00,0.0,0.0,0.0,19.95,1.1
2026-09-20 23:00:00-06:00,0.0,0.0,0.0,19.5,1.45
2026-09-21 00:00:00-06:00,0.0,0.0,0.0,18.57,1.52
2026-09-21 01:00:00-06:00,0.0,0.0,0.0,18.04,1.17
2026-09-21 02:00:00-06:00,0.0,0.0,0.0,18.23,1.17
2026-09-21 03:00:00-06:00,0.0,0.0,0.0,18.26,0.9
2026-09-21 04:00:00-06:00,0.0,0.0,0.0,18.1,0.83
2026-09-21 05:00:00-06:00,0.0,0.0,0.0,17.53,0.97
2026-09-21 06:00:00-06:00,0.0,0.0,0.0,16.71,1.24
2026-09-21 07:00:00-06:00,175.95,884.38,61.35,16.67,1.31
2026-09-21 08:00:00-06:00,430.25,929.71,88.15,19.24,0.83
2026-09-21 09:00:00-06:00,646.5,903.81,121.0,21.44,0.28
2026-09-21 10:00:00-06:00,849.8,973.37,114.5,22.98,1.03
2026-09-21 11:00:00-06:00,890.35,802.25,185.9,24.38,1.31
2026-09-21 12:00:00-06:00,956.35,819.49,185.15,25.25,1.45
2026-09-21 13:00:00-06:00,903.05,772.44,176.9,25.76,1.59
2026-09-21 14:00:00-06:00,771.45,706.26,153.35,26.13,1.45
2026-09-21 15:00:00-06:00,470.75,369.22,193.55,25.6,1.24
2026-09-21 16:00:00-06:00,258.2,183.79,152.45,24.69,0.9
2026-09-21 17:00:00-06:00,89.05,46.13,72.4,23.96,1.45
2026-09-21 18:00:00-06:00,7.45,0.0,7.45,23.04,1.38
2026-09-21 19:00:00-06:00,0.0,0.0,0.0,22.06,1.17
2026-09-21 20:00:00-06:00,0.0,0.0,0.0,20.67,1.03
2026-09-21 21:00:00-06:00,0.0,0.0,0.0,19.93,1.03
2026-09-21 22:00:00-06:00,0.0,0.0,0.0,19.31,0.97
2026-09-21 23:00:00-06:00,0.0,0.0,0.0,18.95,0.9
2026-09-22 00:00:00-06:00,0.0,0.0,0.0,18.9,0.83
2026-09-22 01:00:00-06:00,0.0,0.0,0.0,19.35,0.9
2026-09-22 02:00:00-06:00,0.0,0.0,0.0,18.78,1.1
2026-09-22 03:00:00-06:00,0.0,0.0,0.0,18.51,1.03
2026-09-22 04:00:00-06:00,0.0,0.0,0.0,17.75,1.1
2026-09-22 05:00:00-06:00,0.0,0.0,0.0,17.69,0.97
2026-09-22 06:00:00-06:00,0.0,0.0,0.0,17.2,1.1
2026-09-22 07:00:00-06:00,158.95,721.17,66.0,17.36,0.97
2026-09-22 08:00:00-06:00,393.85,794.18,102.25,19.87,0.21
2026-09-22 09:00:00-06:00,612.55,830.06,130.75,21.67,0.55
2026-09-22 10:00:00-06:00,771.8,847.04,133.0,22.91,0.9
2026-09-22 11:00:00-06:00,917.35,890.83,136.55,23.94,1.03
2026-09-22 12:00:00-06:00,944.5,892.83,106.05,25.23,1.17
2026-09-22 13:00:00-06:00,872.75,737.71,181.0,25.84,1.59
2026-09-22 14:00:00-06:00,766.5,720.13,138.25,26.17,1.79
2026-09-22 15:00:00-06:00,449.25,341.32,194.05,25.84,0.9
2026-09-22 16:00:00-06:00,282.3,257.61,134.95,24.9,0.76
2026-09-22 17:00:00-06:00,114.85,104.66,77.45,24.59,0.62
2026-09-22 18:00:00-06:00,7.7,8.29,6.75,24.1,0.14
2026-09-22 19:00:00-06:00,0.0,0.0,0.0,22.41,1.03
2026-09-22 20:00:00-06:00,0.0,0.0,0.0,21.18,1.17
2026-09-22 21:00:00-06:00,0.0,0.0,0.0,20.66,0.69
2026-09-22 22:00:00-06:00,0.0,0.0,0.0,20.62,0.55
2026-09-22 23:00:00-06:00,0.0,0.0,0.0,19.73,0.62
2026-09-23 00:00:00-06:00,0.0,0.0,0.0,18.98,1.45
2026-09-23 01:00:00-06:00,0.0,0.0,0.0,18.31,1.24
2026-09-23 02:00:00-06:00,0.0,0.0,0.0,18.05,1.24
2026-09-23 03:00:00-06:00,0.0,0.0,0.0,17.77,0.97
2026-09-23 04:00:00-06:00,0.0,0.0,0.0,18.01,0.62
2026-09-23 05:00:00-06:00,0.0,0.0,0.0,17.6,0.69
2026-09-23 06:00:00-06:00,0.0,0.0,0.0,16.93,0.97
2026-09-23 07:00:00-06:00,148.4,547.7,78.2,16.69,1.17
2026-09-23 08:00:00-06:00,395.85,741.92,124.05,19.18,0.97
2026-09-23 09:00:00-06:00,568.3,713.22,155.05,21.07,0.48
2026-09-23 10:00:00-06:00,816.95,881.25,153.5,22.67,0.21
2026-09-23 11:00:00-06:00,839.5,734.48,196.95,24.62,0.69
2026-09-23 12:00:00-06:00,860.55,735.65,171.2,25.79,1.1
2026-09-23 13:00:00-06:00,826.6,664.45,205.15,26.56,1.17
2026-09-23 14:00:00-06:00,686.3,619.93,147.2,27.18,1.17
2026-09-23 15:00:00-06:00,552.95,592.37,111.9,27.26,0.97
2026-09-23 16:00:00-06:00,331.3,390.87,109.05,27.29,1.03
2026-09-23 17:00:00-06:00,114.0,152.79,59.95,25.84,0.48
2026-09-23 18:00:00-06:00,8.85,24.78,6.1,25.14,0.62
2026-09-23 19:00:00-06:00,0.0,0.0,0.0,23.55,1.1
2026-09-23 20:00:00-06:00,0.0,0.0,0.0,22.19,1.24
2026-09-23 21:00:00-06:00,0.0,0.0,0.0,21.37,1.17
2026-09-23 22:00:00-06:00,0.0,0.0,0.0,20.71,1.03
2026-09-23 23:00:00-06:00,0.0,0.0,0.0,20.56,0.76
2026-09-24 00:00:00-06:00,0.0,0.0,0.0,20.96,0.55
2026-09-24 01:00:00-06:00,0.0,0.0,0.0,18.98,0.97
2026-09-24 02:00:00-06:00,0.0,0.0,0.0,18.5,0.83
2026-09-24 03:00:00-06:00,0.0,0.0,0.0,18.27,0.48
2026-09-24 04:00:00-06:00,0.0,0.0,0.0,18.06,0.48
2026-09-24 05:00:00-06:00,0.0,0.0,0.0,17.97,0.55
2026-09-24 06:00:00-06:00,0.0,0.0,0.0,17.53,0.76
2026-09-24 07:00:00-06:00,134.3,579.91,60.4,17.34,0.83
2026-09-24 08:00:00-06:00,301.85,478.12,127.1,19.36,0.48
2026-09-24 09:00:00-06:00,538.85,667.07,153.05,21.04,0.14
2026-09-24 10:00:00-06:00,785.55,823.09,167.0,22.75,0.28
2026-09-24 11:00:00-06:00,734.45,663.64,155.0,24.97,0.83
2026-09-24 12:00:00-06:00,749.35,614.99,174.35,25.93,1.31
2026-09-24 13:00:00-06:00,768.0,629.87,180.45,26.37,0.69
2026-09-24 14:00:00-06:00,568.3,431.71,194.1,26.98,0.69
2026-09-24 15:00:00-06:00,493.15,428.65,175.35,26.95,0.76
2026-09-24 16:00:00-06:00,213.95,184.45,109.7,26.98,0.62
2026-09-24 17:00:00-06:00,74.7,101.38,39.2,24.99,0.83
2026-09-24 18:00:00-06:00,6.35,24.23,3.75,22.19,0.62
2026-09-24 19:00:00-06:00,0.0,0.0,0.0,21.05,0.41
2026-09-24 20:00:00-06:00,0.0,0.0,0.0,20.48,1.03
2026-09-24 21:00:00-06:00,0.0,0.0,0.0,20.18,0.62
2026-09-24 22:00:00-06:00,0.0,0.0,0.0,20.41,0.07
2026-09-24 23:00:00-06:00,0.0,0.0,0.0,19.71,0.41
2026-09-25 00:00:00-06:00,0.0,0.0,0.0,18.15,0.83
2026-09-25 01:00:00-06:00,0.0,0.0,0.0,18.24,0.97
2026-09-25 02:00:00-06:00,0.0,0.0,0.0,17.61,1.45
2026-09-25 03:00:00-06:00,0.0,0.0,0.0,17.49,1.38
2026-09-25 04:00:00-06:00,0.0,0.0,0.0,17.67,1.31
2026-09-25 05:00:00-06:00,0.0,0.0,0.0,17.56,1.24
2026-09-25 06:00:00-06:00,0.0,0.0,0.0,17.26,1.1
2026-09-25 07:00:00-06:00,139.75,562.86,68.45,17.27,1.03
2026-09-25 08:00:00-06:00,319.6,554.99,117.25,19.64,0.55
2026-09-25 09:00:00-06:00,623.5,849.48,133.15,21.44,0.0
2026-09-25 10:00:00-06:00,751.55,782.84,164.35,23.44,0.41
2026-09-25 11:00:00-06:00,853.7,816.74,142.0,24.89,1.03
2026-09-25 12:00:00-06:00,840.95,752.85,138.65,25.73,1.45
2026-09-25 13:00:00-06:00,805.25,727.4,128.55,25.89,1.45
2026-09-25 14:00:00-06:00,717.6,610.77,189.95,25.03,0.48
2026-09-25 15:00:00-06:00,521.75,563.05,106.1,25.72,0.34
2026-09-25 16:00:00-06:00,249.05,232.31,118.55,25.44,0.97
2026-09-25 17:00:00-06:00,96.7,113.11,57.5,24.62,0.34
2026-09-25 18:00:00-06:00,4.35,5.79,3.75,23.74,0.55
2026-09-25 19:00:00-06:00,0.0,0.0,0.0,22.54,0.0
2026-09-25 20:00:00-06:00,0.0,0.0,0.0,20.73,0.83
2026-09-25 21:00:00-06:00,0.0,0.0,0.0,19.91,0.62
2026-09-25 22:00:00-06:00,0.0,0.0,0.0,19.52,0.62
2026-09-25 23:00:00-06:00,0.0,0.0,0.0,19.82,0.34
2026-09-26 00:00:00-06:00,0.0,0.0,0.0,17.8,1.03
2026-09-26 01:00:00-06:00,0.0,0.0,0.0,17.57,0.83
2026-09-26 02:00:00-06:00,0.0,0.0,0.0,17.24,0.83
2026-09-26 03:00:00-06:00,0.0,0.0,0.0,17.27,0.69
2026-09-26 04:00:00-06:00,0.0,0.0,0.0,17.14,0.48
2026-09-26 05:00:00-06:00,0.0,0.0,0.0,17.44,0.62
2026-09-26 06:00:00-06:00,0.0,0.0,0.0,17.53,0.41
2026-09-26 07:00:00-06:00,75.8,246.25,44.8,17.78,0.21
2026-09-26 08:00:00-06:00,216.45,313.46,102.45,18.43,0.0
2026-09-26 09:00:00-06:00,481.05,617.53,125.3,19.41,0.34
2026-09-26 10:00:00-06:00,623.0,631.27,150.4,21.01,0.97
2026-09-26 11:00:00-06:00,770.75,692.05,168.95,22.06,1.31
2026-09-26 12:00:00-06:00,656.5,447.15,240.35,22.92,1.24
2026-09-26 13:00:00-06:00,644.95,461.87,216.45,23.26,0.34
2026-09-26 14:00:00-06:00,460.35,305.51,197.3,23.75,0.55
2026-09-26 15:00:00-06:00,377.3,219.8,215.75,23.78,0.62
2026-09-26 16:00:00-06:00,227.75,183.23,125.45,23.87,0.48
2026-09-26 17:00:00-06:00,86.6,67.21,63.55,23.52,0.41
2026-09-26 18:00:00-06:00,7.1,5.0,6.6,23.03,0.34
2026-09-26 19:00:00-06:00,0.0,0.0,0.0,21.37,0.9
2026-09-26 20:00:00-06:00,0.0,0.0,0.0,20.63,0.83
2026-09-26 21:00:00-06:00,0.0,0.0,0.0,20.34,0.69
2026-09-26 22:00:00-06:00,0.0,0.0,0.0,20.51,0.41
2026-09-26 23:00:00-06:00,0.0,0.0,0.0,20.02,0.55
2026-09-27 00:00:00-06:00,0.0,0.0,0.0,19.61,0.55
2026-09-27 01:00:00-06:00,0.0,0.0,0.0,17.21,1.17
2026-09-27 02:00:00-06:00,0.0,0.0,0.0,16.82,1.1
2026-09-27 03:00:00-06:00,0.0,0.0,0.0,16.9,0.76
2026-09-27 04:00:00-06:00,0.0,0.0,0.0,17.1,0.62
2026-09-27 05:00:00-06:00,0.0,0.0,0.0,17.13,0.62
2026-09-27 06:00:00-06:00,0.0,0.0,0.0,16.46,0.76
2026-09-27 07:00:00-06:00,127.55,249.44,96.35,16.55,0.69
2026-09-27 08:00:00-06:00,355.7,522.86,166.05,18.69,0.14
2026-09-27 09:00:00-06:00,558.55,587.93,220.55,20.37,0.41
2026-09-27 10:00:00-06:00,639.5,504.65,262.45,21.97,0.76
2026-09-27 11:00:00-06:00,812.3,598.45,293.0,23.3,0.97
2026-09-27 12:00:00-06:00,922.7,795.19,184.4,24.86,1.17
2026-09-27 13:00:00-06:00,861.6,746.73,170.75,25.88,1.59
2026-09-27 14:00:00-06:00,716.9,610.44,193.1,26.08,1.24
2026-09-27 15:00:00-06:00,383.1,254.52,196.85,25.92,1.17
2026-09-27 16:00:00-06:00,206.75,73.44,166.0,25.62,0.34
2026-09-27 17:00:00-06:00,78.65,52.74,60.75,25.16,0.21
2026-09-27 18:00:00-06:00,5.05,5.19,4.55,24.46,0.55
2026-09-27 19:00:00-06:00,0.0,0.0,0.0,23.01,0.62
2026-09-27 20:00:00-06:00,0.0,0.0,0.0,22.62,0.55
2026-09-27 21:00:00-06:00,0.0,0.0,0.0,22.1,0.55
2026-09-27 22:00:00-06:00,0.0,0.0,0.0,21.04,0.34
2026-09-27 23:00:00-06:00,0.0,0.0,0.0,20.44,0.34
2026-09-28 00:00:00-06:00,0.0,0.0,0.0,19.87,0.41
2026-09-28 01:00:00-06:00,0.0,0.0,0.0,19.79,0.28
2026-09-28 02:00:00-06:00,0.0,0.0,0.0,19.55,0.14
2026-09-28 03:00:00-06:00,0.0,0.0,0.0,19.37,0.14
2026-09-28 04:00:00-06:00,0.0,0.0,0.0,19.15,0.14
2026-09-28 05:00:00-06:00,0.0,0.0,0.0,18.97,0.34
2026-09-28 06:00:00-06:00,0.0,0.0,0.0,18.73,0.41
2026-09-28 07:00:00-06:00,93.6,265.2,60.65,18.63,0.34
2026-09-28 08:00:00-06:00,223.4,282.95,121.05,19.2,0.28
2026-09-28 09:00:00-06:00,443.05,437.46,192.1,20.32,0.62
2026-09-28 10:00:00-06:00,656.75,613.39,199.4,21.84,0.97
2026-09-28 11:00:00-06:00,711.05,583.76,205.6,23.17,1.1
2026-09-28 12:00:00-06:00,722.25,591.18,174.7,24.14,1.24
2026-09-28 13:00:00-06:00,781.0,657.76,174.2,25.02,1.38
2026-09-28 14:00:00-06:00,605.35,499.59,178.15,25.58,1.03
2026-09-28 15:00:00-06:00,413.3,321.41,179.15,25.43,1.17
2026-09-28 16:00:00-06:00,196.15,67.47,158.95,24.37,0.69
2026-09-28 17:00:00-06:00,88.75,75.35,63.45,23.78,1.66
2026-09-28 18:00:00-06:00,5.35,5.93,4.8,23.09,0.69
2026-09-28 19:00:00-06:00,0.0,0.0,0.0,21.89,0.69
2026-09-28 20:00:00-06:00,0.0,0.0,0.0,21.09,0.76
2026-09-28 21:00:00-06:00,0.0,0.0,0.0,20.69,0.69
2026-09-28 22:00:00-06:00,0.0,0.0,0.0,20.18,0.76
2026-09-28 23:00:00-06:00,0.0,0.0,0.0,20.42,0.48
2026-09-29 00:00:00-06:00,0.0,0.0,0.0,19.73,0.41
2026-09-29 01:00:00-06:00,0.0,0.0,0.0,18.54,0.83
2026-09-29 02:00:00-06:00,0.0,0.0,0.0,18.21,0.76
2026-09-29 03:00:00-06:00,0.0,0.0,0.0,18.24,0.55
2026-09-29 04:00:00-06:00,0.0,0.0,0.0,18.08,0.48
2026-09-29 05:00:00-06:00,0.0,0.0,0.0,17.39,0.34
2026-09-29 06:00:00-06:00,0.0,0.0,0.0,16.82,0.28
2026-09-29 07:00:00-06:00,118.75,299.06,81.85,16.33,0.69
2026-09-29 08:00:00-06:00,278.65,307.88,167.6,18.33,0.48
2026-09-29 09:00:00-06:00,492.85,453.2,233.45,20.13,0.07
2026-09-29 10:00:00-06:00,642.15,462.56,298.0,21.99,0.76
2026-09-29 11:00:00-06:00,768.35,597.81,251.9,23.69,1.1
2026-09-29 12:00:00-06:00,798.65,632.66,214.15,25.04,1.52
2026-09-29 13:00:00-06:00,752.0,607.7,193.0,25.72,1.38
2026-09-29 14:00:00-06:00,581.1,397.78,242.15,25.25,0.14
2026-09-29 15:00:00-06:00,468.6,344.58,218.7,25.79,0.28
2026-09-29 16:00:00-06:00,297.95,304.34,131.2,25.81,0.9
2026-09-29 17:00:00-06:00,93.25,98.74,60.45,24.53,1.03
2026-09-29 18:00:00-06:00,3.7,0.56,3.65,23.89,1.1
2026-09-29 19:00:00-06:00,0.0,0.0,0.0,22.76,0.62
2026-09-29 20:00:00-06:00,0.0,0.0,0.0,22.55,0.34
2026-09-29 21:00:00-06:00,0.0,0.0,0.0,21.73,0.55
2026-09-29 22:00:00-06:00,0.0,0.0,0.0,19.56,1.17
2026-09-29 23:00:00-06:00,0.0,0.0,0.0,18.91,1.24
2026-09-30 00:00:00-06:00,0.0,0.0,0.0,18.79,0.83
2026-09-30 01:00:00-06:00,0.0,0.0,0.0,18.38,1.38
2026-09-30 02:00:00-06:00,0.0,0.0,0.0,18.0,1.17
2026-09-30 03:00:00-06:00,0.0,0.0,0.0,17.88,0.9
2026-09-30 04:00:00-06:00,0.0,0.0,0.0,17.8,0.9
2026-09-30 05:00:00-06:00,0.0,0.0,0.0,17.55,0.62
2026-09-30 06:00:00-06:00,0.0,0.0,0.0,17.59,0.34
2026-09-30 07:00:00-06:00,120.15,247.36,89.85,17.68,0.28
2026-09-30 08:00:00-06:00,320.35,439.21,162.4,18.95,0.14
2026-09-30 09:00:00-06:00,593.95,757.11,161.6,20.43,0.83
2026-09-30 10:00:00-06:00,658.3,588.32,221.55,25.34,1.14
2026-09-30 11:00:00-06:00,706.55,566.24,218.5,24.86,1.09
2026-09-30 12:00:00-06:00,831.85,641.92,240.3,24.39,1.05
2026-09-30 13:00:00-06:00,654.8,413.51,275.55,23.91,1.0
2026-09-30 14:00:00-06:00,548.9,236.61,348.0,23.43,0.95
2026-09-30 15:00:00-06:00,250.5,54.85,210.9,22.96,0.91
2026-09-30 16:00:00-06:00,107.7,2.76,106.2,22.48,0.86
2026-09-30 17:00:00-06:00,40.25,1.07,39.9,22.01,0.81
2026-09-30 18:00:00-06:00,3.4,5.6,2.9,21.53,0.77
2026-09-30 19:00:00-06:00,0.0,0.0,0.0,21.06,0.72
2026-09-30 20:00:00-06:00,0.0,0.0,0.0,20.58,0.67
2026-09-30 21:00:00-06:00,0.0,0.0,0.0,20.11,0.62
2026-09-30 22:00:00-06:00,0.0,0.0,0.0,19.63,0.58
2026-09-30 23:00:00-06:00,0.0,0.0,0.0,19.16,0.53
2026-10-01 00:00:00-06:00,0.0,0.0,0.0,18.68,0.48
2026-10-01 01:00:00-06:00,0.0,0.0,0.0,18.21,0.44
2026-10-01 02:00:00-06:00,0.0,0.0,0.0,18.55,0.28
2026-10-01 03:00:00-06:00,0.0,0.0,0.0,18.25,0.14
2026-10-01 04:00:00-06:00,0.0,0.0,0.0,18.01,0.07
2026-10-01 05:00:00-06:00,0.0,0.0,0.0,17.72,0.07
2026-10-01 06:00:00-06:00,0.0,0.0,0.0,17.34,0.0
2026-10-01 07:00:00-06:00,107.9,210.21,82.15,17.39,0.07
2026-10-01 08:00:00-06:00,274.75,343.55,151.2,18.32,0.34
2026-10-01 09:00:00-06:00,442.5,464.58,177.2,19.58,0.55
2026-10-01 10:00:00-06:00,670.9,698.17,152.6,21.11,0.76
2026-10-01 11:00:00-06:00,744.8,688.82,151.1,22.59,0.9
2026-10-01 12:00:00-06:00,737.8,573.61,209.2,23.88,1.1
2026-10-01 13:00:00-06:00,624.7,439.57,221.55,24.39,1.31
2026-10-01 14:00:00-06:00,612.85,512.73,177.5,24.3,1.45
2026-10-01 15:00:00-06:00,488.15,458.34,157.25,24.56,0.9
2026-10-01 16:00:00-06:00,281.95,299.39,118.95,24.38,0.34
2026-10-01 17:00:00-06:00,98.25,107.11,63.05,23.94,0.62
2026-10-01 18:00:00-06:00,5.0,5.84,4.5,23.18,1.03
2026-10-01 19:00:00-06:00,0.0,0.0,0.0,21.98,0.9
2026-10-01 20:00:00-06:00,0.0,0.0,0.0,21.82,0.34
2026-10-01 21:00:00-06:00,0.0,0.0,0.0,21.07,0.34
2026-10-01 22:00:00-06:00,0.0,0.0,0.0,20.19,0.34
2026-10-01 23:00:00-06:00,0.0,0.0,0.0,18.11,0.69
2026-10-02 00:00:00-06:00,0.0,0.0,0.0,17.59,0.62
2026-10-02 01:00:00-06:00,0.0,0.0,0.0,20.35,0.69
2026-10-02 02:00:00-06:00,0.0,0.0,0.0,19.7,0.48
2026-10-02 03:00:00-06:00,0.0,0.0,0.0,19.19,0.55
2026-10-02 04:00:00-06:00,0.0,0.0,0.0,18.7,0.34
2026-10-02 05:00:00-06:00,0.0,0.0,0.0,18.22,0.28
2026-10-02 06:00:00-06:00,0.0,0.0,0.0,17.96,0.28
2026-10-02 07:00:00-06:00,130.05,491.87,70.25,17.53,0.28
2026-10-02 08:00:00-06:00,335.55,613.92,115.45,18.56,0.0
2026-10-02 09:00:00-06:00,519.45,603.41,175.7,20.82,0.76
2026-10-02 10:00:00-06:00,701.8,763.95,135.95,22.19,0.83
2026-10-02 11:00:00-06:00,718.0,648.47,160.4,23.6,1.24
2026-10-02 12:00:00-06:00,869.45,799.73,134.4,24.22,1.59
2026-10-02 13:00:00-06:00,830.9,711.5,180.3,25.66,1.45
2026-10-02 14:00:00-06:00,667.6,556.19,197.05,25.21,0.76
2026-10-02 15:00:00-06:00,511.8,561.61,108.2,25.46,1.1
2026-10-02 16:00:00-06:00,246.25,255.01,108.3,24.17,0.76
2026-10-02 17:00:00-06:00,109.8,186.27,49.25,23.03,1.1
2026-10-02 18:00:00-06:00,4.55,15.21,3.3,22.19,0.62
2026-10-02 19:00:00-06:00,0.0,0.0,0.0,21.75,0.97
2026-10-02 20:00:00-06:00,0.0,0.0,0.0,20.5,0.97
2026-10-02 21:00:00-06:00,0.0,0.0,0.0,19.38,1.1
2026-10-02 22:00:00-06:00,0.0,0.0,0.0,18.67,1.24
2026-10-02 23:00:00-06:00,0.0,0.0,0.0,18.25,1.24
2026-10-03 00:00:00-06:00,0.0,0.0,0.0,17.94,1.17
2026-10-03 01:00:00-06:00,0.0,0.0,0.0,18.17,1.45
2026-10-03 02:00:00-06:00,0.0,0.0,0.0,17.53,1.45
2026-10-03 03:00:00-06:00,0.0,0.0,0.0,17.19,1.17
2026-10-03 04:00:00-06:00,0.0,0.0,0.0,16.96,1.1
2026-10-03 05:00:00-06:00,0.0,0.0,0.0,16.79,1.03
2026-10-03 06:00:00-06:00,0.0,0.0,0.0,16.41,1.03
2026-10-03 07:00:00-06:00,162.95,813.67,64.8,16.58,0.97
2026-10-03 08:00:00-06:00,366.25,702.92,115.05,19.1,0.62
2026-10-03 09:00:00-06:00,606.85,834.29,132.75,20.66,0.21
2026-10-03 10:00:00-06:00,676.4,674.47,178.0,22.58,0.62
2026-10-03 11:00:00-06:00,812.2,757.06,162.8,23.64,1.17
2026-10-03 12:00:00-06:00,923.0,855.86,138.45,24.68,1.45
2026-10-03 13:00:00-06:00,757.3,702.32,117.05,25.3,1.52
2026-10-03 14:00:00-06:00,719.65,722.83,110.35,24.42,1.17
2026-10-03 15:00:00-06:00,527.35,554.22,130.9,24.69,0.69
2026-10-03 16:00:00-06:00,287.25,360.29,93.6,24.42,0.62
2026-10-03 17:00:00-06:00,104.8,149.76,56.65,23.87,0.28
2026-10-03 18:00:00-06:00,4.4,10.17,3.6,23.26,0.41
2026-10-03 19:00:00-06:00,0.0,0.0,0.0,22.11,1.03
2026-10-03 20:00:00-06:00,0.0,0.0,0.0,20.96,1.45
2026-10-03 21:00:00-06:00,0.0,0.0,0.0,20.26,1.59
2026-10-03 22:00:00-06:00,0.0,0.0,0.0,19.61,1.45
2026-10-03 23:00:00-06:00,0.0,0.0,0.0,19.01,1.17
2026-10-04 00:00:00-06:00,0.0,0.0,0.0,18.47,0.83
2026-10-04 01:00:00-06:00,0.0,0.0,0.0,17.83,1.17
2026-10-04 02:00:00-06:00,0.0,0.0,0.0,17.56,0.97
2026-10-04 03:00:00-06:00,0.0,0.0,0.0,17.56,1.03
2026-10-04 04:00:00-06:00,0.0,0.0,0.0,17.59,0.9
2026-10-04 05:00:00-06:00,0.0,0.0,0.0,17.78,1.03
2026-10-04 06:00:00-06:00,0.0,0.0,0.0,17.79,1.1
2026-10-04 07:00:00-06:00,107.55,392.41,60.6,17.86,0.9
2026-10-04 08:00:00-06:00,342.85,680.13,100.6,19.32,0.21
2026-10-04 09:00:00-06:00,437.8,545.07,128.85,20.68,0.48
2026-10-04 10:00:00-06:00,542.0,450.37,210.0,21.23,1.03
2026-10-04 11:00:00-06:00,762.55,645.18,210.5,22.06,0.83
2026-10-04 12:00:00-06:00,816.55,702.47,174.35,23.57,0.76
2026-10-04 13:00:00-06:00,787.0,662.9,184.55,25.5,1.79
2026-10-04 14:00:00-06:00,654.15,574.99,171.25,25.54,0.34
2026-10-04 15:00:00-06:00,426.6,311.44,204.85,25.76,0.48
2026-10-04 16:00:00-06:00,184.1,92.88,134.5,24.44,0.48
2026-10-04 17:00:00-06:00,54.0,5.66,52.2,23.77,1.66
2026-10-04 18:00:00-06:00,2.9,0.0,2.9,22.91,0.76
2026-10-04 19:00:00-06:00,0.0,0.0,0.0,21.77,0.55
2026-10-04 20:00:00-06:00,0.0,0.0,0.0,20.02,1.38
2026-10-04 21:00:00-06:00,0.0,0.0,0.0,19.38,1.38
2026-10-04 22:00:00-06:00,0.0,0.0,0.0,18.53,1.17
2026-10-04 23:00:00-06:00,0.0,0.0,0.0,17.83,1.24
2026-10-05 00:00:00-06:00,0.0,0.0,0.0,17.49,1.38
2026-10-05 01:00:00-06:00,0.0,0.0,0.0,17.51,1.59
2026-10-05 02:00:00-06:00,0.0,0.0,0.0,17.22,1.31
2026-10-05 03:00:00-06:00,0.0,0.0,0.0,17.37,1.24
2026-10-05 04:00:00-06:00,0.0,0.0,0.0,17.35,1.38
2026-10-05 05:00:00-06:00,0.0,0.0,0.0,17.29,1.31
2026-10-05 06:00:00-06:00,0.0,0.0,0.0,17.28,1.38
2026-10-05 07:00:00-06:00,106.65,429.05,55.75,17.45,1.24
2026-10-05 08:00:00-06:00,307.25,533.88,117.75,18.99,0.83
2026-10-05 09:00:00-06:00,516.7,698.48,121.85,20.98,0.34
2026-10-05 10:00:00-06:00,665.2,677.65,166.9,22.43,0.34
2026-10-05 11:00:00-06:00,764.95,666.04,196.5,23.84,1.03
2026-10-05 12:00:00-06:00,713.5,537.14,223.8,24.89,1.31
2026-10-05 13:00:00-06:00,709.75,543.51,217.35,25.61,1.52
2026-10-05 14:00:00-06:00,688.0,639.7,152.75,25.76,1.79
2026-10-05 15:00:00-06:00,455.55,390.38,178.9,25.69,1.45
2026-10-05 16:00:00-06:00,242.7,203.66,134.65,24.82,0.55
2026-10-05 17:00:00-06:00,69.55,45.63,55.2,23.64,1.03
2026-10-05 18:00:00-06:00,3.25,0.0,3.25,22.83,1.17
2026-10-05 19:00:00-06:00,0.0,0.0,0.0,21.58,1.38
2026-10-05 20:00:00-06:00,0.0,0.0,0.0,20.45,1.31
2026-10-05 21:00:00-06:00,0.0,0.0,0.0,18.9,1.24
2026-10-05 22:00:00-06:00,0.0,0.0,0.0,18.5,0.76
2026-10-05 23:00:00-06:00,0.0,0.0,0.0,17.82,1.1
2026-10-06 00:00:00-06:00,0.0,0.0,0.0,17.75,1.45
2026-10-06 01:00:00-06:00,0.0,0.0,0.0,18.14,1.17
2026-10-06 02:00:00-06:00,0.0,0.0,0.0,18.13,1.24
2026-10-06 03:00:00-06:00,0.0,0.0,0.0,17.51,1.03
2026-10-06 04:00:00-06:00,0.0,0.0,0.0,17.38,0.97
2026-10-06 05:00:00-06:00,0.0,0.0,0.0,17.13,1.03
2026-10-06 06:00:00-06:00,0.0,0.0,0.0,17.1,1.1
2026-10-06 07:00:00-06:00,110.55,382.27,65.6,17.31,1.17
2026-10-06 08:00:00-06:00,331.35,498.61,155.0,19.14,0.69
2026-10-06 09:00:00-06:00,592.25,819.88,130.05,20.99,0.41
2026-10-06 10:00:00-06:00,700.2,735.56,160.7,22.77,0.21
2026-10-06 11:00:00-06:00,799.5,769.4,144.55,23.99,0.97
2026-10-06 12:00:00-06:00,782.15,655.7,186.05,24.95,1.38
2026-10-06 13:00:00-06:00,659.65,536.33,175.3,25.34,1.38
2026-10-06 14:00:00-06:00,537.5,478.54,138.6,25.23,1.17
2026-10-06 15:00:00-06:00,472.2,495.02,123.05,24.28,0.76
2026-10-06 16:00:00-06:00,212.0,244.65,83.05,24.66,0.76
2026-10-06 17:00:00-06:00,87.3,105.63,54.45,23.16,0.9
2026-10-06 18:00:00-06:00,2.25,5.85,1.85,22.19,1.1
2026-10-06 19:00:00-06:00,0.0,0.0,0.0,21.22,0.69
2026-10-06 20:00:00-06:00,0.0,0.0,0.0,20.94,0.41
2026-10-06 21:00:00-06:00,0.0,0.0,0.0,19.56,0.76
2026-10-06 22:00:00-06:00,0.0,0.0,0.0,18.69,0.97
2026-10-06 23:00:00-06:00,0.0,0.0,0.0,18.13,0.97
2026-10-07 00:00:00-06:00,0.0,0.0,0.0,17.47,1.24
2026-10-07 01:00:00-06:00,0.0,0.0,0.0,17.36,1.31
2026-10-07 02:00:00-06:00,0.0,0.0,0.0,17.26,1.31
2026-10-07 03:00:00-06:00,0.0,0.0,0.0,16.85,1.38
2026-10-07 04:00:00-06:00,0.0,0.0,0.0,16.34,1.52
2026-10-07 05:00:00-06:00,0.0,0.0,0.0,16.11,1.59
2026-10-07 06:00:00-06:00,0.0,0.0,0.0,15.81,1.59
2026-10-07 07:00:00-06:00,180.9,1109.79,51.6,15.69,1.52
2026-10-07 08:00:00-06:00,422.75,971.84,80.3,18.72,0.97
2026-10-07 09:00:00-06:00,626.1,931.79,102.3,21.52,0.21
2026-10-07 10:00:00-06:00,822.3,990.94,97.4,23.34,0.55
2026-10-07 11:00:00-06:00,938.15,987.3,99.95,24.94,1.1
2026-10-07 12:00:00-06:00,942.55,915.72,112.45,26.24,1.66
2026-10-07 13:00:00-06:00,845.5,816.63,110.4,26.69,1.79
2026-10-07 14:00:00-06:00,710.8,727.47,106.7,26.8,1.79
2026-10-07 15:00:00-06:00,505.55,573.38,103.05,26.22,1.17
2026-10-07 16:00:00-06:00,324.45,466.54,80.15,25.65,0.48
2026-10-07 17:00:00-06:00,115.0,194.78,55.1,24.76,0.62
2026-10-07 18:00:00-06:00,3.05,1.54,2.95,24.04,0.69
2026-10-07 19:00:00-06:00,0.0,0.0,0.0,22.55,1.45
2026-10-07 20:00:00-06:00,0.0,0.0,0.0,21.44,1.66
2026-10-07 21:00:00-06:00,0.0,0.0,0.0,20.36,1.59
2026-10-07 22:00:00-06:00,0.0,0.0,0.0,19.45,1.59
2026-10-07 23:00:00-06:00,0.0,0.0,0.0,18.63,1.52
2026-10-08 00:00:00-06:00,0.0,0.0,0.0,18.09,1.59
2026-10-08 01:00:00-06:00,0.0,0.0,0.0,18.38,1.72
2026-10-08 02:00:00-06:00,0.0,0.0,0.0,18.12,1.79
2026-10-08 03:00:00-06:00,0.0,0.0,0.0,17.98,1.79
2026-10-08 04:00:00-06:00,0.0,0.0,0.0,17.77,1.79
2026-10-08 05:00:00-06:00,0.0,0.0,0.0,17.46,1.79
2026-10-08 06:00:00-06:00,0.0,0.0,0.0,17.14,1.79
2026-10-08 07:00:00-06:00,164.25,856.63,65.4,17.0,1.86
2026-10-08 08:00:00-06:00,371.95,706.23,124.05,18.3,1.59
2026-10-08 09:00:00-06:00,581.1,748.18,161.75,20.85,0.83
2026-10-08 10:00:00-06:00,803.25,914.94,135.75,22.98,0.07
2026-10-08 11:00:00-06:00,861.1,835.57,153.65,24.78,1.03
2026-10-08 12:00:00-06:00,931.25,877.74,137.9,25.91,1.72
2026-10-08 13:00:00-06:00,754.4,637.02,182.85,26.84,2.21
2026-10-08 14:00:00-06:00,521.25,420.44,173.45,26.66,2.62
2026-10-08 15:00:00-06:00,262.15,152.44,155.65,26.04,1.93
2026-10-08 16:00:00-06:00,95.4,55.75,66.4,25.4,0.76
2026-10-08 17:00:00-06:00,29.4,7.56,27.1,24.54,0.41
2026-10-08 18:00:00-06:00,1.5,0.81,1.45,23.38,0.69
2026-10-08 19:00:00-06:00,0.0,0.0,0.0,22.33,0.69
2026-10-08 20:00:00-06:00,0.0,0.0,0.0,22.98,0.14
2026-10-08 21:00:00-06:00,0.0,0.0,0.0,21.98,0.55
2026-10-08 22:00:00-06:00,0.0,0.0,0.0,20.79,0.97
2026-10-08 23:00:00-06:00,0.0,0.0,0.0,21.22,0.34
2026-10-09 00:00:00-06:00,0.0,0.0,0.0,20.84,0.21
2026-10-09 01:00:00-06:00,0.0,0.0,0.0,19.47,0.97
2026-10-09 02:00:00-06:00,0.0,0.0,0.0,19.15,1.1
2026-10-09 03:00:00-06:00,0.0,0.0,0.0,18.67,1.03
2026-10-09 04:00:00-06:00,0.0,0.0,0.0,17.97,0.9
2026-10-09 05:00:00-06:00,0.0,0.0,0.0,17.48,0.97
2026-10-09 06:00:00-06:00,0.0,0.0,0.0,17.12,0.9
2026-10-09 07:00:00-06:00,163.1,861.74,64.65,16.77,1.17
2026-10-09 08:00:00-06:00,385.5,806.01,103.7,19.65,0.76
2026-10-09 09:00:00-06:00,628.9,944.34,101.2,21.68,0.55
2026-10-09 10:00:00-06:00,787.35,929.93,110.8,23.43,1.03
2026-10-09 11:00:00-06:00,910.3,961.38,98.6,24.73,1.24
2026-10-09 12:00:00-06:00,861.0,859.15,86.75,25.87,1.38
2026-10-09 13:00:00-06:00,827.55,796.91,114.9,25.8,1.31
2026-10-09 14:00:00-06:00,648.0,643.35,117.85,26.37,0.83
2026-10-09 15:00:00-06:00,539.85,628.08,103.15,26.62,0.97
2026-10-09 16:00:00-06:00,322.45,446.03,91.95,26.66,1.17
2026-10-09 17:00:00-06:00,107.35,215.84,42.45,25.78,0.9
2026-10-09 18:00:00-06:00,2.25,7.7,1.8,24.44,0.83
2026-10-09 19:00:00-06:00,0.0,0.0,0.0,22.48,1.1
2026-10-09 20:00:00-06:00,0.0,0.0,0.0,20.57,0.69
2026-10-09 21:00:00-06:00,0.0,0.0,0.0,19.95,0.76
2026-10-09 22:00:00-06:00,0.0,0.0,0.0,19.66,1.17
2026-10-09 23:00:00-06:00,0.0,0.0,0.0,19.15,1.17
2026-10-10 00:00:00-06:00,0.0,0.0,0.0,18.43,1.1
2026-10-10 01:00:00-06:00,0.0,0.0,0.0,18.17,1.17
2026-10-10 02:00:00-06:00,0.0,0.0,0.0,17.14,1.24
2026-10-10 03:00:00-06:00,0.0,0.0,0.0,16.32,1.1
2026-10-10 04:00:00-06:00,0.0,0.0,0.0,16.25,1.03
2026-10-10 05:00:00-06:00,0.0,0.0,0.0,15.72,1.24
2026-10-10 06:00:00-06:00,0.0,0.0,0.0,15.32,1.31
2026-10-10 07:00:00-06:00,162.4,947.28,55.3,15.64,1.31
2026-10-10 08:00:00-06:00,394.0,827.29,105.95,18.67,0.83
2026-10-10 09:00:00-06:00,581.1,805.39,132.45,21.2,0.07
2026-10-10 10:00:00-06:00,808.45,969.52,105.1,22.56,0.28
2026-10-10 11:00:00-06:00,865.85,897.6,110.15,24.46,0.76
2026-10-10 12:00:00-06:00,944.2,929.69,108.9,25.36,1.17
2026-10-10 13:00:00-06:00,885.45,866.11,113.5,26.49,1.59
2026-10-10 14:00:00-06:00,780.25,833.29,96.25,27.06,1.52
2026-10-10 15:00:00-06:00,604.25,749.99,85.3,27.25,1.38
2026-10-10 16:00:00-06:00,372.05,580.95,73.8,26.92,1.17
2026-10-10 17:00:00-06:00,129.15,314.48,35.65,26.3,1.17
2026-10-10 18:00:00-06:00,2.7,13.57,1.95,24.99,0.9
2026-10-10 19:00:00-06:00,0.0,0.0,0.0,24.26,0.41
2026-10-10 20:00:00-06:00,0.0,0.0,0.0,22.52,0.83
2026-10-10 21:00:00-06:00,0.0,0.0,0.0,22.44,0.83
2026-10-10 22:00:00-06:00,0.0,0.0,0.0,21.77,0.9
2026-10-10 23:00:00-06:00,0.0,0.0,0.0,21.41,0.9
2026-10-11 00:00:00-06:00,0.0,0.0,0.0,20.47,0.83
2026-10-11 01:00:00-06:00,0.0,0.0,0.0,20.65,0.83
2026-10-11 02:00:00-06:00,0.0,0.0,0.0,19.93,0.76
2026-10-11 03:00:00-06:00,0.0,0.0,0.0,19.22,0.62
2026-10-11 04:00:00-06:00,0.0,0.0,0.0,18.51,0.76
2026-10-11 05:00:00-06:00,0.0,0.0,0.0,17.34,0.97
2026-10-11 06:00:00-06:00,0.0,0.0,0.0,17.01,0.97
2026-10-11 07:00:00-06:00,148.3,844.06,53.9,17.49,0.69
2026-10-11 08:00:00-06:00,361.5,709.26,115.6,19.68,0.07
2026-10-11 09:00:00-06:00,541.9,730.63,136.2,21.84,0.69
2026-10-11 10:00:00-06:00,674.15,620.45,225.35,23.47,1.03
2026-10-11 11:00:00-06:00,785.6,739.69,164.65,24.89,1.31
2026-10-11 12:00:00-06:00,774.15,637.75,202.9,25.87,1.45
2026-10-11 13:00:00-06:00,636.4,517.58,176.65,26.46,1.72
2026-10-11 14:00:00-06:00,584.35,526.58,153.8,26.58,1.59
2026-10-11 15:00:00-06:00,542.2,614.29,119.2,26.5,1.38
2026-10-11 16:00:00-06:00,314.95,437.46,91.85,26.45,0.97
2026-10-11 17:00:00-06:00,114.7,236.42,45.2,26.07,0.62
2026-10-11 18:00:00-06:00,2.25,10.56,1.7,25.23,0.34
2026-10-11 19:00:00-06:00,0.0,0.0,0.0,24.26,0.55
2026-10-11 20:00:00-06:00,0.0,0.0,0.0,22.0,1.24
2026-10-11 21:00:00-06:00,0.0,0.0,0.0,20.9,1.52
2026-10-11 22:00:00-06:00,0.0,0.0,0.0,19.57,1.45
2026-10-11 23:00:00-06:00,0.0,0.0,0.0,18.72,1.24
2026-10-12 00:00:00-06:00,0.0,0.0,0.0,18.07,1.24
2026-10-12 01:00:00-06:00,0.0,0.0,0.0,18.03,1.24
2026-10-12 02:00:00-06:00,0.0,0.0,0.0,17.41,1.24
2026-10-12 03:00:00-06:00,0.0,0.0,0.0,17.39,1.1
2026-10-12 04:00:00-06:00,0.0,0.0,0.0,17.6,1.24
2026-10-12 05:00:00-06:00,0.0,0.0,0.0,17.49,1.31
2026-10-12 06:00:00-06:00,0.0,0.0,0.0,17.32,1.24
2026-10-12 07:00:00-06:00,137.4,689.08,61.2,17.37,1.1
2026-10-12 08:00:00-06:00,379.75,742.52,123.45,20.24,0.62
2026-10-12 09:00:00-06:00,609.6,897.29,113.0,22.29,0.14
2026-10-12 10:00:00-06:00,810.2,984.55,100.15,24.03,0.41
2026-10-12 11:00:00-06:00,905.7,952.46,108.5,25.63,0.69
2026-10-12 12:00:00-06:00,955.2,951.41,105.65,26.88,0.97
2026-10-12 13:00:00-06:00,855.15,838.98,112.45,27.98,1.17
2026-10-12 14:00:00-06:00,785.2,849.51,93.35,28.32,1.31
2026-10-12 15:00:00-06:00,595.25,756.78,76.65,28.54,1.17
2026-10-12 16:00:00-06:00,370.75,608.53,62.45,28.29,1.03
2026-10-12 17:00:00-06:00,123.35,300.01,36.15,27.44,1.1
2026-10-12 18:00:00-06:00,2.0,11.23,1.45,25.63,0.76
2026-10-12 19:00:00-06:00,0.0,0.0,0.0,25.23,0.55
2026-10-12 20:00:00-06:00,0.0,0.0,0.0,22.52,1.24
2026-10-12 21:00:00-06:00,0.0,0.0,0.0,20.96,1.45
2026-10-12 22:00:00-06:00,0.0,0.0,0.0,19.79,1.59
2026-10-12 23:00:00-06:00,0.0,0.0,0.0,18.77,1.59
2026-10-13 00:00:00-06:00,0.0,0.0,0.0,17.69,1.45
2026-10-13 01:00:00-06:00,0.0,0.0,0.0,17.36,1.59
2026-10-13 02:00:00-06:00,0.0,0.0,0.0,16.93,1.52
2026-10-13 03:00:00-06:00,0.0,0.0,0.0,16.48,1.45
2026-10-13 04:00:00-06:00,0.0,0.0,0.0,16.08,1.45
2026-10-13 05:00:00-06:00,0.0,0.0,0.0,15.82,1.38
2026-10-13 06:00:00-06:00,0.0,0.0,0.0,15.46,1.38
2026-10-13 07:00:00-06:00,163.45,981.81,56.15,15.29,1.31
2026-10-13 08:00:00-06:00,416.9,973.5,82.4,19.13,0.69
2026-10-13 09:00:00-06:00,631.8,958.09,103.35,22.79,0.28
2026-10-13 10:00:00-06:00,758.3,902.73,109.25,24.39,0.69
2026-10-13 11:00:00-06:00,864.75,882.06,128.7,25.58,0.97
2026-10-13 12:00:00-06:00,850.65,811.74,128.1,26.78,1.24
2026-10-13 13:00:00-06:00,781.65,753.18,117.2,27.45,1.59
2026-10-13 14:00:00-06:00,663.5,681.91,110.35,27.9,1.52
2026-10-13 15:00:00-06:00,487.75,566.54,101.4,27.73,1.66
2026-10-13 16:00:00-06:00,323.0,490.17,76.3,27.25,1.45
2026-10-13 17:00:00-06:00,102.9,222.52,38.95,26.52,1.24
2026-10-13 18:00:00-06:00,1.6,7.63,1.25,25.05,1.38
2026-10-13 19:00:00-06:00,0.0,0.0,0.0,24.26,0.21
2026-10-13 20:00:00-06:00,0.0,0.0,0.0,22.97,0.76
2026-10-13 21:00:00-06:00,0.0,0.0,0.0,21.66,0.97
2026-10-13 22:00:00-06:00,0.0,0.0,0.0,19.83,1.24
2026-10-13 23:00:00-06:00,0.0,0.0,0.0,18.64,1.38
2026-10-14 00:00:00-06:00,0.0,0.0,0.0,17.92,1.38
2026-10-14 01:00:00-06:00,0.0,0.0,0.0,19.37,0.9
2026-10-14 02:00:00-06:00,0.0,0.0,0.0,18.82,0.9
2026-10-14 03:00:00-06:00,0.0,0.0,0.0,18.47,0.83
2026-10-14 04:00:00-06:00,0.0,0.0,0.0,18.11,0.83
2026-10-14 05:00:00-06:00,0.0,0.0,0.0,17.58,0.97
2026-10-14 06:00:00-06:00,0.0,0.0,0.0,16.88,1.17
2026-10-14 07:00:00-06:00,143.5,846.19,52.15,16.6,1.17
2026-10-14 08:00:00-06:00,343.85,704.25,103.0,19.53,0.55
2026-10-14 09:00:00-06:00,566.1,770.42,142.65,22.42,0.48
2026-10-14 10:00:00-06:00,572.15,575.59,159.6,24.21,0.83
2026-10-14 11:00:00-06:00,791.1,732.36,181.85,25.28,1.1
2026-10-14 12:00:00-06:00,824.05,789.65,123.4,26.63,1.17
2026-10-14 13:00:00-06:00,780.9,729.6,139.5,27.55,1.45
2026-10-14 14:00:00-06:00,700.7,709.82,127.2,28.02,1.52
2026-10-14 15:00:00-06:00,445.85,461.52,132.65,28.18,1.24
2026-10-14 16:00:00-06:00,278.9,372.22,92.8,27.84,1.24
2026-10-14 17:00:00-06:00,97.95,216.6,36.4,27.06,1.03
2026-10-14 18:00:00-06:00,1.3,4.66,1.1,25.7,0.69
2026-10-14 19:00:00-06:00,0.0,0.0,0.0,25.15,0.34
2026-10-14 20:00:00-06:00,0.0,0.0,0.0,22.75,1.1
2026-10-14 21:00:00-06:00,0.0,0.0,0.0,21.36,1.66
2026-10-14 22:00:00-06:00,0.0,0.0,0.0,20.27,1.52
2026-10-14 23:00:00-06:00,0.0,0.0,0.0,19.38,1.31
2026-10-15 00:00:00-06:00,0.0,0.0,0.0,18.81,1.38
2026-10-15 01:00:00-06:00,0.0,0.0,0.0,18.48,1.31
2026-10-15 02:00:00-06:00,0.0,0.0,0.0,18.16,1.38
2026-10-15 03:00:00-06:00,0.0,0.0,0.0,17.95,1.31
2026-10-15 04:00:00-06:00,0.0,0.0,0.0,17.63,1.24
2026-10-15 05:00:00-06:00,0.0,0.0,0.0,17.29,1.24
2026-10-15 06:00:00-06:00,0.0,0.0,0.0,17.54,1.31
2026-10-15 07:00:00-06:00,164.6,1054.09,52.25,17.74,1.31
2026-10-15 08:00:00-06:00,405.6,961.25,78.45,20.93,0.76
2026-10-15 09:00:00-06:00,646.55,1025.8,84.75,23.5,0.28
2026-10-15 10:00:00-06:00,818.2,1014.63,93.3,25.32,0.76
2026-10-15 11:00:00-06:00,871.6,926.5,103.25,26.77,1.1
2026-10-15 12:00:00-06:00,925.55,929.48,103.5,27.81,1.45
2026-10-15 13:00:00-06:00,765.15,726.23,128.95,29.11,1.59
2026-10-15 14:00:00-06:00,755.85,809.29,104.6,29.29,1.93
2026-10-15 15:00:00-06:00,498.05,618.81,80.15,29.66,2.07
2026-10-15 16:00:00-06:00,308.85,475.75,72.55,28.97,2.0
2026-10-15 17:00:00-06:00,108.85,264.62,34.5,27.67,1.52
2026-10-15 18:00:00-06:00,0.95,0.0,0.95,25.69,0.83
2026-10-15 19:00:00-06:00,0.0,0.0,0.0,24.63,0.9
2026-10-15 20:00:00-06:00,0.0,0.0,0.0,22.86,1.52
2026-10-15 21:00:00-06:00,0.0,0.0,0.0,21.41,1.66
2026-10-15 22:00:00-06:00,0.0,0.0,0.0,19.78,1.45
2026-10-15 23:00:00-06:00,0.0,0.0,0.0,18.85,1.31
2026-10-16 00:00:00-06:00,0.0,0.0,0.0,19.1,0.97
2026-10-16 01:00:00-06:00,0.0,0.0,0.0,19.47,0.76
2026-10-16 02:00:00-06:00,0.0,0.0,0.0,18.07,1.24
2026-10-16 03:00:00-06:00,0.0,0.0,0.0,18.03,1.52
2026-10-16 04:00:00-06:00,0.0,0.0,0.0,18.12,1.59
2026-10-16 05:00:00-06:00,0.0,0.0,0.0,17.89,1.45
2026-10-16 06:00:00-06:00,0.0,0.0,0.0,17.35,1.52
2026-10-16 07:00:00-06:00,178.5,1176.12,54.8,17.31,1.45
2026-10-16 08:00:00-06:00,388.8,870.4,94.05,19.61,0.97
2026-10-16 09:00:00-06:00,606.3,881.79,125.15,22.05,0.48
2026-10-16 10:00:00-06:00,752.3,868.61,133.75,23.7,0.62
2026-10-16 11:00:00-06:00,867.8,861.16,155.9,25.12,0.97
2026-10-16 12:00:00-06:00,786.95,710.02,161.05,26.35,1.31
2026-10-16 13:00:00-06:00,792.2,737.23,148.65,26.88,1.38
2026-10-16 14:00:00-06:00,644.35,590.16,171.35,27.72,1.66
2026-10-16 15:00:00-06:00,325.35,157.8,219.3,28.03,1.66
2026-10-16 16:00:00-06:00,227.4,226.07,115.85,27.21,1.59
2026-10-16 17:00:00-06:00,74.3,134.8,36.85,26.74,1.24
2026-10-16 18:00:00-06:00,0.65,0.0,0.65,25.79,0.28
2026-10-16 19:00:00-06:00,0.0,0.0,0.0,24.45,0.34
2026-10-16 20:00:00-06:00,0.0,0.0,0.0,22.51,0.76
2026-10-16 21:00:00-06:00,0.0,0.0,0.0,20.96,1.03
2026-10-16 22:00:00-06:00,0.0,0.0,0.0,20.17,1.45
2026-10-16 23:00:00-06:00,0.0,0.0,0.0,19.41,1.59
2026-10-17 00:00:00-06:00,0.0,0.0,0.0,19.26,1.59
2026-10-17 01:00:00-06:00,0.0,0.0,0.0,18.93,1.31
2026-10-17 02:00:00-06:00,0.0,0.0,0.0,19.02,1.31
2026-10-17 03:00:00-06:00,0.0,0.0,0.0,18.69,1.38
2026-10-17 04:00:00-06:00,0.0,0.0,0.0,18.42,1.24
2026-10-17 05:00:00-06:00,0.0,0.0,0.0,18.23,1.24
2026-10-17 06:00:00-06:00,0.0,0.0,0.0,18.18,1.24
2026-10-17 07:00:00-06:00,115.9,577.46,56.0,18.0,1.17
2026-10-17 08:00:00-06:00,306.05,597.51,104.75,20.18,0.62
2026-10-17 09:00:00-06:00,461.85,572.85,150.45,22.08,0.14
2026-10-17 10:00:00-06:00,679.4,755.14,143.45,23.41,0.34
2026-10-17 11:00:00-06:00,789.7,765.77,158.7,24.84,0.76
2026-10-17 12:00:00-06:00,758.85,706.97,137.7,25.81,1.24
2026-10-17 13:00:00-06:00,672.8,584.89,164.05,26.52,1.17
2026-10-17 14:00:00-06:00,520.55,420.98,184.5,26.73,1.31
2026-10-17 15:00:00-06:00,442.95,445.07,145.3,26.62,1.45
2026-10-17 16:00:00-06:00,265.45,355.46,91.2,25.84,1.93
2026-10-17 17:00:00-06:00,78.95,171.99,31.7,23.49,1.03
2026-10-17 18:00:00-06:00,0.55,0.0,0.55,22.19,0.83
2026-10-17 19:00:00-06:00,0.0,0.0,0.0,20.65,1.52
2026-10-17 20:00:00-06:00,0.0,0.0,0.0,19.72,1.52
2026-10-17 21:00:00-06:00,0.0,0.0,0.0,19.02,1.66
2026-10-17 22:00:00-06:00,0.0,0.0,0.0,18.05,1.59
2026-10-17 23:00:00-06:00,0.0,0.0,0.0,17.43,1.52
2026-10-18 00:00:00-06:00,0.0,0.0,0.0,16.97,1.52
2026-10-18 01:00:00-06:00,0.0,0.0,0.0,16.72,1.52
2026-10-18 02:00:00-06:00,0.0,0.0,0.0,16.16,1.45
2026-10-18 03:00:00-06:00,0.0,0.0,0.0,16.18,1.31
2026-10-18 04:00:00-06:00,0.0,0.0,0.0,15.94,1.38
2026-10-18 05:00:00-06:00,0.0,0.0,0.0,15.72,1.45
2026-10-18 06:00:00-06:00,0.0,0.0,0.0,15.52,1.45
2026-10-18 07:00:00-06:00,128.65,432.79,84.4,15.47,1.45
2026-10-18 08:00:00-06:00,326.3,493.72,160.85,17.87,1.1
2026-10-18 09:00:00-06:00,541.25,631.77,199.15,19.92,0.41
2026-10-18 10:00:00-06:00,708.3,643.63,253.05,21.83,0.48
2026-10-18 11:00:00-06:00,815.2,672.65,262.75,23.26,1.24
2026-10-18 12:00:00-06:00,806.45,727.91,169.05,24.39,1.31
2026-10-18 13:00:00-06:00,789.55,686.34,194.7,25.61,1.17
2026-10-18 14:00:00-06:00,576.0,534.58,151.0,26.23,1.03
2026-10-18 15:00:00-06:00,382.95,380.3,129.85,26.11,1.03
2026-10-18 16:00:00-06:00,242.6,295.47,98.7,25.28,1.1
2026-10-18 17:00:00-06:00,74.3,162.7,30.1,24.64,0.48
2026-10-18 18:00:00-06:00,0.5,0.0,0.5,23.44,0.76
2026-10-18 19:00:00-06:00,0.0,0.0,0.0,21.89,1.24
2026-10-18 20:00:00-06:00,0.0,0.0,0.0,20.9,1.31
2026-10-18 21:00:00-06:00,0.0,0.0,0.0,20.05,1.31
2026-10-18 22:00:00-06:00,0.0,0.0,0.0,19.24,1.38
2026-10-18 23:00:00-06:00,0.0,0.0,0.0,18.61,1.31
2026-10-19 00:00:00-06:00,0.0,0.0,0.0,17.87,1.31
2026-10-19 01:00:00-06:00,0.0,0.0,0.0,21.59,0.69
2026-10-19 02:00:00-06:00,0.0,0.0,0.0,20.05,0.9
2026-10-19 03:00:00-06:00,0.0,0.0,0.0,17.71,1.24
2026-10-19 04:00:00-06:00,0.0,0.0,0.0,17.19,1.17
2026-10-19 05:00:00-06:00,0.0,0.0,0.0,16.94,1.17
2026-10-19 06:00:00-06:00,0.0,0.0,0.0,16.93,1.24
2026-10-19 07:00:00-06:00,140.05,752.08,64.3,16.8,1.17
2026-10-19 08:00:00-06:00,342.4,652.0,125.1,19.42,0.76
2026-10-19 09:00:00-06:00,575.6,797.54,145.45,21.33,0.14
2026-10-19 10:00:00-06:00,724.8,776.39,177.55,23.17,0.9
2026-10-19 11:00:00-06:00,819.15,782.95,178.25,24.43,1.17
2026-10-19 12:00:00-06:00,896.8,857.11,148.8,25.31,1.24
2026-10-19 13:00:00-06:00,813.7,780.14,140.0,26.81,1.38
2026-10-19 14:00:00-06:00,730.5,783.84,109.85,27.2,1.31
2026-10-19 15:00:00-06:00,466.75,544.62,106.05,27.52,1.45
2026-10-19 16:00:00-06:00,281.15,386.48,94.15,26.45,0.76
2026-10-19 17:00:00-06:00,67.9,86.35,44.7,25.78,0.62
2026-10-19 18:00:00-06:00,0.45,0.0,0.45,24.28,0.07
2026-10-19 19:00:00-06:00,0.0,0.0,0.0,22.67,0.69
2026-10-19 20:00:00-06:00,0.0,0.0,0.0,21.42,1.38
2026-10-19 21:00:00-06:00,0.0,0.0,0.0,20.58,1.52
2026-10-19 22:00:00-06:00,0.0,0.0,0.0,19.54,1.38
2026-10-19 23:00:00-06:00,0.0,0.0,0.0,18.89,1.31
2026-10-20 00:00:00-06:00,0.0,0.0,0.0,18.5,1.38
2026-10-20 01:00:00-06:00,0.0,0.0,0.0,17.71,1.17
2026-10-20 02:00:00-06:00,0.0,0.0,0.0,17.46,1.24
2026-10-20 03:00:00-06:00,0.0,0.0,0.0,17.23,1.1
2026-10-20 04:00:00-06:00,0.0,0.0,0.0,17.21,1.03
2026-10-20 05:00:00-06:00,0.0,0.0,0.0,17.08,1.03
2026-10-20 06:00:00-06:00,0.0,0.0,0.0,17.06,1.03
2026-10-20 07:00:00-06:00,121.1,582.4,63.35,16.87,0.97
2026-10-20 08:00:00-06:00,330.7,695.81,100.1,19.68,0.34
2026-10-20 09:00:00-06:00,560.4,816.99,121.55,22.11,0.21
2026-10-20 10:00:00-06:00,706.0,836.66,118.35,23.8,0.83
2026-10-20 11:00:00-06:00,822.35,842.61,134.95,24.75,1.31
2026-10-20 12:00:00-06:00,812.7,746.11,163.8,25.61,1.31
2026-10-20 13:00:00-06:00,757.25,709.82,146.5,26.1,0.9
2026-10-20 14:00:00-06:00,716.6,774.29,106.0,26.64,0.83
2026-10-20 15:00:00-06:00,437.1,495.61,110.45,27.06,0.97
2026-10-20 16:00:00-06:00,270.0,397.93,78.7,25.55,0.48
2026-10-20 17:00:00-06:00,61.95,98.22,35.85,24.95,0.48
2026-10-20 18:00:00-06:00,0.35,0.0,0.35,23.97,0.69
2026-10-20 19:00:00-06:00,0.0,0.0,0.0,21.98,1.52
2026-10-20 20:00:00-06:00,0.0,0.0,0.0,20.46,1.66
2026-10-20 21:00:00-06:00,0.0,0.0,0.0,19.91,1.03
2026-10-20 22:00:00-06:00,0.0,0.0,0.0,19.16,1.17
2026-10-20 23:00:00-06:00,0.0,0.0,0.0,18.56,1.38
2026-10-21 00:00:00-06:00,0.0,0.0,0.0,17.99,1.31
2026-10-21 01:00:00-06:00,0.0,0.0,0.0,17.94,1.31
2026-10-21 02:00:00-06:00,0.0,0.0,0.0,18.05,1.38
2026-10-21 03:00:00-06:00,0.0,0.0,0.0,17.9,1.1
2026-10-21 04:00:00-06:00,0.0,0.0,0.0,18.04,0.9
2026-10-21 05:00:00-06:00,0.0,0.0,0.0,17.87,0.83
2026-10-21 06:00:00-06:00,0.0,0.0,0.0,17.4,1.03
2026-10-21 07:00:00-06:00,116.75,637.57,54.55,17.44,1.1
2026-10-21 08:00:00-06:00,296.9,566.01,110.4,19.77,0.48
2026-10-21 09:00:00-06:00,538.85,782.44,120.3,21.97,0.48
2026-10-21 10:00:00-06:00,699.8,786.96,149.05,23.49,0.69
2026-10-21 11:00:00-06:00,741.0,730.44,147.15,24.62,0.97
2026-10-21 12:00:00-06:00,823.35,804.31,126.25,25.68,1.24
2026-10-21 13:00:00-06:00,839.6,804.63,149.8,27.23,1.24
2026-10-21 14:00:00-06:00,627.3,578.12,173.25,28.05,1.72
2026-10-21 15:00:00-06:00,356.6,183.94,235.95,26.76,0.97
2026-10-21 16:00:00-06:00,131.05,31.93,115.8,25.81,0.62
2026-10-21 17:00:00-06:00,36.05,9.89,33.45,22.17,0.48
2026-10-21 18:00:00-06:00,0.1,0.0,0.1,21.03,1.03
2026-10-21 19:00:00-06:00,0.0,0.0,0.0,20.15,0.48
2026-10-21 20:00:00-06:00,0.0,0.0,0.0,19.8,1.1
2026-10-21 21:00:00-06:00,0.0,0.0,0.0,19.03,1.31
2026-10-21 22:00:00-06:00,0.0,0.0,0.0,18.41,1.31
2026-10-21 23:00:00-06:00,0.0,0.0,0.0,18.01,1.17
2026-10-22 00:00:00-06:00,0.0,0.0,0.0,17.75,1.1
2026-10-22 01:00:00-06:00,0.0,0.0,0.0,17.79,1.31
2026-10-22 02:00:00-06:00,0.0,0.0,0.0,17.52,1.24
2026-10-22 03:00:00-06:00,0.0,0.0,0.0,17.4,1.31
2026-10-22 04:00:00-06:00,0.0,0.0,0.0,17.65,1.31
2026-10-22 05:00:00-06:00,0.0,0.0,0.0,17.94,1.31
2026-10-22 06:00:00-06:00,0.0,0.0,0.0,17.75,1.31
2026-10-22 07:00:00-06:00,93.8,258.03,69.05,17.55,1.31
2026-10-22 08:00:00-06:00,270.15,335.07,160.4,19.16,0.9
2026-10-22 09:00:00-06:00,522.55,591.19,207.65,21.35,0.41
2026-10-22 10:00:00-06:00,619.9,540.03,243.35,23.29,0.28
2026-10-22 11:00:00-06:00,719.55,600.42,233.1,24.38,0.83
2026-10-22 12:00:00-06:00,515.3,300.17,256.05,25.47,1.17
2026-10-22 13:00:00-06:00,360.9,191.65,197.2,24.94,1.31
2026-10-22 14:00:00-06:00,480.15,215.04,311.95,24.6,1.59
2026-10-22 15:00:00-06:00,209.1,46.5,178.75,24.67,1.86
2026-10-22 16:00:00-06:00,112.0,32.02,96.8,22.93,0.83
2026-10-22 17:00:00-06:00,30.05,4.23,28.95,21.78,0.69
2026-10-22 18:00:00-06:00,0.1,0.0,0.1,21.24,1.31
2026-10-22 19:00:00-06:00,0.0,0.0,0.0,20.27,1.38
2026-10-22 20:00:00-06:00,0.0,0.0,0.0,19.69,0.76
2026-10-22 21:00:00-06:00,0.0,0.0,0.0,19.24,0.55
2026-10-22 22:00:00-06:00,0.0,0.0,0.0,18.95,0.48
2026-10-22 23:00:00-06:00,0.0,0.0,0.0,18.57,0.48
2026-10-23 00:00:00-06:00,0.0,0.0,0.0,18.13,0.62
2026-10-23 01:00:00-06:00,0.0,0.0,0.0,18.14,0.97
2026-10-23 02:00:00-06:00,0.0,0.0,0.0,17.9,1.1
2026-10-23 03:00:00-06:00,0.0,0.0,0.0,17.72,0.97
2026-10-23 04:00:00-06:00,0.0,0.0,0.0,17.56,0.9
2026-10-23 05:00:00-06:00,0.0,0.0,0.0,17.46,0.83
2026-10-23 06:00:00-06:00,0.0,0.0,0.0,17.17,1.03
2026-10-23 07:00:00-06:00,95.65,435.05,54.65,17.18,0.83
2026-10-23 08:00:00-06:00,247.55,342.8,135.95,18.92,0.14
2026-10-23 09:00:00-06:00,380.65,386.45,175.7,20.36,0.41
2026-10-23 10:00:00-06:00,531.95,447.26,221.25,21.53,0.9
2026-10-23 11:00:00-06:00,561.65,382.62,252.75,22.57,1.38
2026-10-23 12:00:00-06:00,605.7,215.82,419.95,22.77,1.52
2026-10-23 13:00:00-06:00,599.55,267.04,372.3,24.34,1.24
2026-10-23 14:00:00-06:00,468.0,214.37,301.0,24.75,1.38
2026-10-23 15:00:00-06:00,286.2,121.84,207.05,24.26,1.03
2026-10-23 16:00:00-06:00,166.9,55.55,140.7,23.92,1.52
2026-10-23 17:00:00-06:00,36.35,0.0,36.35,22.84,1.38
2026-10-23 18:00:00-06:00,0.05,0.0,0.05,21.13,0.34
2026-10-23 19:00:00-06:00,0.0,0.0,0.0,20.12,0.83
2026-10-23 20:00:00-06:00,0.0,0.0,0.0,18.95,0.9
2026-10-23 21:00:00-06:00,0.0,0.0,0.0,18.7,1.1
2026-10-23 22:00:00-06:00,0.0,0.0,0.0,18.18,0.83
2026-10-23 23:00:00-06:00,0.0,0.0,0.0,18.16,0.76
2026-10-24 00:00:00-06:00,0.0,0.0,0.0,17.98,0.97
2026-10-24 01:00:00-06:00,0.0,0.0,0.0,17.86,0.76
2026-10-24 02:00:00-06:00,0.0,0.0,0.0,17.71,0.9
2026-10-24 03:00:00-06:00,0.0,0.0,0.0,17.47,0.83
2026-10-24 04:00:00-06:00,0.0,0.0,0.0,17.71,0.34
2026-10-24 05:00:00-06:00,0.0,0.0,0.0,17.22,0.48
2026-10-24 06:00:00-06:00,0.0,0.0,0.0,16.39,0.9
2026-10-24 07:00:00-06:00,104.9,172.38,88.95,16.0,0.97
2026-10-24 08:00:00-06:00,246.3,189.02,185.15,17.99,0.34
2026-10-24 09:00:00-06:00,451.5,452.37,212.65,19.58,0.34
2026-10-24 10:00:00-06:00,630.95,520.85,270.5,20.92,0.34
2026-10-24 11:00:00-06:00,698.95,465.84,324.2,22.71,0.69
2026-10-24 12:00:00-06:00,782.4,728.36,157.75,23.8,0.97
2026-10-24 13:00:00-06:00,665.15,532.81,213.4,25.15,1.17
2026-10-24 14:00:00-06:00,564.35,468.58,200.8,25.22,1.38
2026-10-24 15:00:00-06:00,287.45,159.62,184.25,25.25,1.31
2026-10-24 16:00:00-06:00,177.4,93.77,133.45,24.49,0.76
2026-10-24 17:00:00-06:00,46.15,23.38,40.2,23.95,0.69
2026-10-24 18:00:00-06:00,0.05,0.0,0.05,22.73,0.76
2026-10-24 19:00:00-06:00,0.0,0.0,0.0,21.76,0.69
2026-10-24 20:00:00-06:00,0.0,0.0,0.0,22.18,0.34
2026-10-24 21:00:00-06:00,0.0,0.0,0.0,21.84,0.34
2026-10-24 22:00:00-06:00,0.0,0.0,0.0,21.4,0.55
2026-10-24 23:00:00-06:00,0.0,0.0,0.0,20.33,0.83
2026-10-25 00:00:00-06:00,0.0,0.0,0.0,18.84,1.31
2026-10-25 01:00:00-06:00,0.0,0.0,0.0,18.33,1.24
2026-10-25 02:00:00-06:00,0.0,0.0,0.0,17.89,1.17
2026-10-25 03:00:00-06:00,0.0,0.0,0.0,17.62,1.1
2026-10-25 04:00:00-06:00,0.0,0.0,0.0,17.22,1.1
2026-10-25 05:00:00-06:00,0.0,0.0,0.0,16.91,1.17
2026-10-25 06:00:00-06:00,0.0,0.0,0.0,16.93,1.31
2026-10-25 07:00:00-06:00,87.9,147.07,74.55,17.09,1.31
2026-10-25 08:00:00-06:00,235.35,160.99,183.6,18.61,0.76
2026-10-25 09:00:00-06:00,373.4,165.14,286.6,21.35,0.21
2026-10-25 10:00:00-06:00,519.65,263.06,338.3,22.56,0.55
2026-10-25 11:00:00-06:00,580.35,256.12,375.05,23.55,0.83
2026-10-25 12:00:00-06:00,674.75,490.61,255.5,24.13,0.83
2026-10-25 13:00:00-06:00,691.15,583.27,198.45,24.7,0.83
2026-10-25 14:00:00-06:00,584.15,455.21,232.4,25.28,0.9
2026-10-25 15:00:00-06:00,415.9,409.8,152.2,25.53,0.76
2026-10-25 16:00:00-06:00,229.15,272.11,102.4,25.3,0.76
2026-10-25 17:00:00-06:00,79.4,167.2,37.3,24.63,0.62
2026-10-25 18:00:00-06:00,0.05,0.0,0.05,23.02,0.55
2026-10-25 19:00:00-06:00,0.0,0.0,0.0,23.46,0.55
2026-10-25 20:00:00-06:00,0.0,0.0,0.0,22.19,0.83
2026-10-25 21:00:00-06:00,0.0,0.0,0.0,20.12,1.38
2026-10-25 22:00:00-06:00,0.0,0.0,0.0,18.96,1.52
2026-10-25 23:00:00-06:00,0.0,0.0,0.0,18.28,1.59
2026-10-26 00:00:00-06:00,0.0,0.0,0.0,17.74,1.66
2026-10-26 01:00:00-06:00,0.0,0.0,0.0,17.33,1.59
2026-10-26 02:00:00-06:00,0.0,0.0,0.0,16.72,1.59
2026-10-26 03:00:00-06:00,0.0,0.0,0.0,16.22,1.59
2026-10-26 04:00:00-06:00,0.0,0.0,0.0,16.02,1.52
2026-10-26 05:00:00-06:00,0.0,0.0,0.0,15.8,1.59
2026-10-26 06:00:00-06:00,0.0,0.0,0.0,15.39,1.66
2026-10-26 07:00:00-06:00,152.75,1171.51,48.5,14.92,1.52
2026-10-26 08:00:00-06:00,385.35,961.55,78.3,18.26,0.69
2026-10-26 09:00:00-06:00,608.55,998.68,86.05,22.29,0.21
2026-10-26 10:00:00-06:00,770.25,983.06,95.2,24.08,0.69
2026-10-26 11:00:00-06:00,779.55,829.33,117.2,25.36,0.9
2026-10-26 12:00:00-06:00,901.85,933.66,106.85,26.06,1.03
2026-10-26 13:00:00-06:00,807.6,827.79,110.95,27.38,1.38
2026-10-26 14:00:00-06:00,688.8,772.54,94.25,27.76,1.59
2026-10-26 15:00:00-06:00,525.45,692.94,81.65,27.68,1.45
2026-10-26 16:00:00-06:00,321.85,559.89,62.65,27.3,1.31
2026-10-26 17:00:00-06:00,82.5,219.52,27.8,26.59,1.24
2026-10-26 18:00:00-06:00,0.05,0.0,0.05,24.84,0.83
2026-10-26 19:00:00-06:00,0.0,0.0,0.0,24.73,0.55
2026-10-26 20:00:00-06:00,0.0,0.0,0.0,24.2,0.0
2026-10-26 21:00:00-06:00,0.0,0.0,0.0,23.75,0.34
2026-10-26 22:00:00-06:00,0.0,0.0,0.0,23.17,0.55
2026-10-26 23:00:00-06:00,0.0,0.0,0.0,21.9,0.9
2026-10-27 00:00:00-06:00,0.0,0.0,0.0,19.07,1.45
2026-10-27 01:00:00-06:00,0.0,0.0,0.0,18.75,1.31
2026-10-27 02:00:00-06:00,0.0,0.0,0.0,17.93,1.31
2026-10-27 03:00:00-06:00,0.0,0.0,0.0,17.47,1.17
2026-10-27 04:00:00-06:00,0.0,0.0,0.0,17.04,1.24
2026-10-27 05:00:00-06:00,0.0,0.0,0.0,16.75,1.24
2026-10-27 06:00:00-06:00,0.0,0.0,0.0,16.93,1.31
2026-10-27 07:00:00-06:00,144.55,1009.04,56.6,16.89,1.38
2026-10-27 08:00:00-06:00,324.05,731.93,91.9,19.08,0.9
2026-10-27 09:00:00-06:00,428.5,617.5,106.95,21.45,0.41
2026-10-27 10:00:00-06:00,590.15,624.31,163.15,22.84,0.83
2026-10-27 11:00:00-06:00,752.75,679.95,211.7,24.21,1.03
2026-10-27 12:00:00-06:00,859.6,880.46,112.6,25.56,1.24
2026-10-27 13:00:00-06:00,781.45,798.25,112.15,26.87,1.66
2026-10-27 14:00:00-06:00,651.35,705.22,110.8,27.26,1.72
2026-10-27 15:00:00-06:00,498.35,631.79,95.6,27.02,1.52
2026-10-27 16:00:00-06:00,283.35,467.67,68.15,26.64,0.83
2026-10-27 17:00:00-06:00,66.85,179.21,22.65,26.21,0.76
2026-10-27 18:00:00-06:00,0.05,0.0,0.05,24.55,0.55
2026-10-27 19:00:00-06:00,0.0,0.0,0.0,23.14,1.24
2026-10-27 20:00:00-06:00,0.0,0.0,0.0,21.94,1.38
2026-10-27 21:00:00-06:00,0.0,0.0,0.0,20.39,1.38
2026-10-27 22:00:00-06:00,0.0,0.0,0.0,19.37,1.31
2026-10-27 23:00:00-06:00,0.0,0.0,0.0,18.51,1.38
2026-10-28 00:00:00-06:00,0.0,0.0,0.0,18.02,1.31
2026-10-28 01:00:00-06:00,0.0,0.0,0.0,18.9,1.24
2026-10-28 02:00:00-06:00,0.0,0.0,0.0,18.1,1.38
2026-10-28 03:00:00-06:00,0.0,0.0,0.0,17.52,1.38
2026-10-28 04:00:00-06:00,0.0,0.0,0.0,17.07,1.17
2026-10-28 05:00:00-06:00,0.0,0.0,0.0,16.6,1.03
2026-10-28 06:00:00-06:00,0.0,0.0,0.0,16.48,1.03
2026-10-28 07:00:00-06:00,106.5,576.78,57.3,16.56,1.17
2026-10-28 08:00:00-06:00,317.1,650.5,112.2,19.06,0.76
2026-10-28 09:00:00-06:00,532.3,795.87,119.85,21.97,0.34
2026-10-28 10:00:00-06:00,679.35,770.62,154.4,23.65,0.97
2026-10-28 11:00:00-06:00,747.7,774.06,134.05,25.05,1.31
2026-10-28 12:00:00-06:00,801.8,778.79,143.45,25.82,1.45
2026-10-28 13:00:00-06:00,788.75,798.54,121.7,27.0,1.31
2026-10-28 14:00:00-06:00,635.15,666.73,126.15,27.71,1.17
2026-10-28 15:00:00-06:00,446.15,523.54,113.95,27.53,0.34
2026-10-28 16:00:00-06:00,213.35,316.02,68.8,27.27,0.83
2026-10-28 17:00:00-06:00,53.15,112.43,25.7,26.52,0.55
2026-10-28 18:00:00-06:00,0.0,0.0,0.0,24.63,1.38
2026-10-28 19:00:00-06:00,0.0,0.0,0.0,22.74,0.48
2026-10-28 20:00:00-06:00,0.0,0.0,0.0,20.15,0.97
2026-10-28 21:00:00-06:00,0.0,0.0,0.0,19.12,0.69
2026-10-28 22:00:00-06:00,0.0,0.0,0.0,18.48,0.97
2026-10-28 23:00:00-06:00,0.0,0.0,0.0,17.98,1.24
2026-10-29 00:00:00-06:00,0.0,0.0,0.0,16.99,1.24
2026-10-29 01:00:00-06:00,0.0,0.0,0.0,18.39,0.83
2026-10-29 02:00:00-06:00,0.0,0.0,0.0,18.07,0.62
2026-10-29 03:00:00-06:00,0.0,0.0,0.0,17.78,0.55
2026-10-29 04:00:00-06:00,0.0,0.0,0.0,17.17,0.83
2026-10-29 05:00:00-06:00,0.0,0.0,0.0,16.89,1.03
2026-10-29 06:00:00-06:00,0.0,0.0,0.0,16.91,1.31
2026-10-29 07:00:00-06:00,126.2,841.08,56.05,16.93,1.17
2026-10-29 08:00:00-06:00,323.1,741.61,91.15,18.78,0.69
2026-10-29 09:00:00-06:00,536.85,842.52,102.35,21.06,0.28
2026-10-29 10:00:00-06:00,711.7,867.82,122.95,22.86,0.76
2026-10-29 11:00:00-06:00,797.9,838.81,135.4,24.13,1.31
2026-10-29 12:00:00-06:00,763.4,741.63,138.75,25.28,1.59
2026-10-29 13:00:00-06:00,791.2,809.15,117.8,25.68,1.38
2026-10-29 14:00:00-06:00,621.25,678.67,105.2,26.31,1.31
2026-10-29 15:00:00-06:00,497.85,643.03,91.7,25.12,0.28
2026-10-29 16:00:00-06:00,233.35,349.12,74.6,25.42,0.28
2026-10-29 17:00:00-06:00,55.0,135.07,22.35,24.62,0.76
2026-10-29 18:00:00-06:00,0.0,0.0,0.0,23.46,0.14
2026-10-29 19:00:00-06:00,0.0,0.0,0.0,21.15,0.76
2026-10-29 20:00:00-06:00,0.0,0.0,0.0,19.61,1.24
2026-10-29 21:00:00-06:00,0.0,0.0,0.0,18.83,1.17
2026-10-29 22:00:00-06:00,0.0,0.0,0.0,18.29,1.17
2026-10-29 23:00:00-06:00,0.0,0.0,0.0,19.03,0.41
2026-10-30 00:00:00-06:00,0.0,0.0,0.0,17.67,0.28
2026-10-30 01:00:00-06:00,0.0,0.0,0.0,17.33,0.48
2026-10-30 02:00:00-06:00,0.0,0.0,0.0,16.52,0.9
2026-10-30 03:00:00-06:00,0.0,0.0,0.0,17.04,0.41
2026-10-30 04:00:00-06:00,0.0,0.0,0.0,16.96,0.34
2026-10-30 05:00:00-06:00,0.0,0.0,0.0,16.54,0.48
2026-10-30 06:00:00-06:00,0.0,0.0,0.0,16.28,0.55
2026-10-30 07:00:00-06:00,73.3,307.46,48.25,16.41,0.55
2026-10-30 08:00:00-06:00,236.0,390.49,114.75,17.39,0.62
2026-10-30 09:00:00-06:00,410.5,446.74,181.25,18.59,0.48
2026-10-30 10:00:00-06:00,623.75,585.68,228.05,20.25,0.14
2026-10-30 11:00:00-06:00,750.1,722.46,181.65,22.09,0.83
2026-10-30 12:00:00-06:00,819.05,816.98,133.45,23.51,1.31
2026-10-30 13:00:00-06:00,723.65,714.05,131.6,24.42,1.45
2026-10-30 14:00:00-06:00,687.05,742.9,124.4,24.2,1.1
2026-10-30 15:00:00-06:00,500.8,644.84,95.35,24.55,1.24
2026-10-30 16:00:00-06:00,259.95,418.17,70.9,24.38,0.14
2026-10-30 17:00:00-06:00,60.8,148.92,25.15,23.71,0.9
2026-10-30 18:00:00-06:00,0.0,0.0,0.0,22.3,1.38
2026-10-30 19:00:00-06:00,0.0,0.0,0.0,20.94,1.1
2026-10-30 20:00:00-06:00,0.0,0.0,0.0,19.85,0.83
2026-10-30 21:00:00-06:00,0.0,0.0,0.0,18.02,1.24
2026-10-30 22:00:00-06:00,0.0,0.0,0.0,17.26,1.45
2026-10-30 23:00:00-06:00,0.0,0.0,0.0,16.63,1.03
2026-10-31 00:00:00-06:00,0.0,0.0,0.0,16.16,1.24
2026-10-31 01:00:00-06:00,0.0,0.0,0.0,16.18,1.03
2026-10-31 02:00:00-06:00,0.0,0.0,0.0,16.14,0.9
2026-10-31 03:00:00-06:00,0.0,0.0,0.0,15.6,1.03
2026-10-31 04:00:00-06:00,0.0,0.0,0.0,15.42,1.03
2026-10-31 05:00:00-06:00,0.0,0.0,0.0,15.2,1.03
2026-10-31 06:00:00-06:00,0.0,0.0,0.0,14.86,1.03
2026-10-31 07:00:00-06:00,105.75,714.38,48.95,15.04,1.1
2026-10-31 08:00:00-06:00,283.55,616.29,93.6,16.72,0.83
2026-10-31 09:00:00-06:00,464.5,600.1,158.1,19.34,0.14
2026-10-31 10:00:00-06:00,559.1,530.24,202.35,24.91,0.77
2026-10-31 11:00:00-06:00,747.35,727.64,177.0,24.52,0.82
2026-10-31 12:00:00-06:00,803.55,817.06,120.4,24.13,0.88
2026-10-31 13:00:00-06:00,805.5,840.92,110.85,23.74,0.93
2026-10-31 14:00:00-06:00,686.05,745.71,123.5,23.35,0.99
2026-10-31 15:00:00-06:00,389.15,341.48,175.4,22.96,1.05
2026-10-31 16:00:00-06:00,149.0,69.97,117.55,22.57,1.1
2026-10-31 17:00:00-06:00,25.9,2.95,25.2,22.18,1.16
2026-10-31 18:00:00-06:00,0.0,0.0,0.0,21.8,1.21
2026-10-31 19:00:00-06:00,0.0,0.0,0.0,21.41,1.27
2026-10-31 20:00:00-06:00,0.0,0.0,0.0,21.02,1.32
2026-10-31 21:00:00-06:00,0.0,0.0,0.0,20.63,1.38
2026-10-31 22:00:00-06:00,0.0,0.0,0.0,20.24,1.44
2026-10-31 23:00:00-06:00,0.0,0.0,0.0,19.85,1.49
2026-11-01 00:00:00-06:00,0.0,0.0,0.0,19.46,1.55
2026-11-01 01:00:00-06:00,0.0,0.0,0.0,19.07,1.6
2026-11-01 02:00:00-06:00,0.0,0.0,0.0,17.0,1.31
2026-11-01 03:00:00-06:00,0.0,0.0,0.0,16.55,1.24
2026-11-01 04:00:00-06:00,0.0,0.0,0.0,16.16,1.31
2026-11-01 05:00:00-06:00,0.0,0.0,0.0,15.58,1.31
2026-11-01 06:00:00-06:00,0.0,0.0,0.0,15.04,1.31
2026-11-01 07:00:00-06:00,149.1,1250.12,54.74,14.89,1.38
2026-11-01 08:00:00-06:00,373.5,954.74,83.7,18.05,0.9
2026-11-01 09:00:00-06:00,587.5,964.32,100.2,21.52,0.41
2026-11-01 10:00:00-06:00,759.75,995.36,95.75,23.7,0.83
2026-11-01 11:00:00-06:00,862.9,981.58,99.4,25.27,1.24
2026-11-01 12:00:00-06:00,870.7,914.86,111.4,26.33,1.38
2026-11-01 13:00:00-06:00,806.65,857.54,103.5,27.56,1.59
2026-11-01 14:00:00-06:00,586.7,634.0,112.15,27.97,1.86
2026-11-01 15:00:00-06:00,475.5,600.93,102.65,27.47,1.86
2026-11-01 16:00:00-06:00,266.15,434.05,73.2,26.99,1.24
2026-11-01 17:00:00-06:00,51.15,133.41,20.1,26.27,0.21
2026-11-01 18:00:00-06:00,0.0,0.0,0.0,24.78,0.97
2026-11-01 19:00:00-06:00,0.0,0.0,0.0,22.82,1.79
2026-11-01 20:00:00-06:00,0.0,0.0,0.0,21.27,1.52
2026-11-01 21:00:00-06:00,0.0,0.0,0.0,20.05,1.31
2026-11-01 22:00:00-06:00,0.0,0.0,0.0,19.48,1.59
2026-11-01 23:00:00-06:00,0.0,0.0,0.0,18.6,1.72
2026-11-02 00:00:00-06:00,0.0,0.0,0.0,18.09,1.72
2026-11-02 01:00:00-06:00,0.0,0.0,0.0,17.62,1.45
2026-11-02 02:00:00-06:00,0.0,0.0,0.0,17.48,1.59
2026-11-02 03:00:00-06:00,0.0,0.0,0.0,16.78,1.59
2026-11-02 04:00:00-06:00,0.0,0.0,0.0,16.22,1.59
2026-11-02 05:00:00-06:00,0.0,0.0,0.0,15.69,1.66
2026-11-02 06:00:00-06:00,0.0,0.0,0.0,15.52,1.79
2026-11-02 07:00:00-06:00,143.05,1250.74,51.22,15.3,1.86
2026-11-02 08:00:00-06:00,385.25,1026.72,76.05,16.24,1.72
2026-11-02 09:00:00-06:00,617.2,1069.6,79.55,18.46,1.59
2026-11-02 10:00:00-06:00,780.9,1036.48,92.45,20.63,1.1
2026-11-02 11:00:00-06:00,881.9,1019.02,92.35,22.53,0.83
2026-11-02 12:00:00-06:00,905.25,984.88,90.85,24.1,0.83
2026-11-02 13:00:00-06:00,857.65,940.45,89.35,25.63,0.76
2026-11-02 14:00:00-06:00,726.7,859.69,85.7,26.51,0.97
2026-11-02 15:00:00-06:00,543.05,756.58,75.65,26.91,0.97
2026-11-02 16:00:00-06:00,311.5,566.67,60.95,26.85,0.83
2026-11-02 17:00:00-06:00,82.4,246.89,25.45,26.19,0.55
2026-11-02 18:00:00-06:00,0.0,0.0,0.0,24.11,0.55
2026-11-02 19:00:00-06:00,0.0,0.0,0.0,21.63,1.24
2026-11-02 20:00:00-06:00,0.0,0.0,0.0,19.33,1.86
2026-11-02 21:00:00-06:00,0.0,0.0,0.0,17.79,1.86
2026-11-02 22:00:00-06:00,0.0,0.0,0.0,15.8,1.66
2026-11-02 23:00:00-06:00,0.0,0.0,0.0,14.52,1.59
2026-11-03 00:00:00-06:00,0.0,0.0,0.0,13.81,1.86
2026-11-03 01:00:00-06:00,0.0,0.0,0.0,13.17,1.86
2026-11-03 02:00:00-06:00,0.0,0.0,0.0,12.62,1.86
2026-11-03 03:00:00-06:00,0.0,0.0,0.0,12.31,1.86
2026-11-03 04:00:00-06:00,0.0,0.0,0.0,12.23,1.93
2026-11-03 05:00:00-06:00,0.0,0.0,0.0,12.04,1.93
2026-11-03 06:00:00-06:00,0.0,0.0,0.0,11.85,1.93
2026-11-03 07:00:00-06:00,145.65,1251.35,56.39,11.61,1.86
2026-11-03 08:00:00-06:00,384.65,1032.84,76.1,13.73,1.45
2026-11-03 09:00:00-06:00,593.85,1010.54,88.6,17.53,0.69
2026-11-03 10:00:00-06:00,762.8,1016.97,90.25,19.97,0.41
2026-11-03 11:00:00-06:00,843.8,945.78,113.85,22.15,0.97
2026-11-03 12:00:00-06:00,838.3,883.1,110.75,23.73,1.45
2026-11-03 13:00:00-06:00,790.55,833.58,112.05,24.95,1.59
2026-11-03 14:00:00-06:00,556.0,538.45,156.05,25.71,1.93
2026-11-03 15:00:00-06:00,428.1,489.3,127.1,25.5,1.66
2026-11-03 16:00:00-06:00,212.4,277.73,90.25,25.17,1.03
2026-11-03 17:00:00-06:00,67.7,184.98,25.4,24.45,0.21
2026-11-03 18:00:00-06:00,0.0,0.0,0.0,23.29,0.55
2026-11-03 19:00:00-06:00,0.0,0.0,0.0,21.17,1.17
2026-11-03 20:00:00-06:00,0.0,0.0,0.0,19.74,1.1
2026-11-03 21:00:00-06:00,0.0,0.0,0.0,19.34,0.97
2026-11-03 22:00:00-06:00,0.0,0.0,0.0,19.45,0.48
2026-11-03 23:00:00-06:00,0.0,0.0,0.0,18.46,0.14
2026-11-04 00:00:00-06:00,0.0,0.0,0.0,16.93,0.28
2026-11-04 01:00:00-06:00,0.0,0.0,0.0,16.34,0.14
2026-11-04 02:00:00-06:00,0.0,0.0,0.0,15.85,0.34
2026-11-04 03:00:00-06:00,0.0,0.0,0.0,15.3,0.62
2026-11-04 04:00:00-06:00,0.0,0.0,0.0,14.11,0.83
2026-11-04 05:00:00-06:00,0.0,0.0,0.0,13.17,1.03
2026-11-04 06:00:00-06:00,0.0,0.0,0.0,12.56,1.17
2026-11-04 07:00:00-06:00,153.6,1251.95,66.95,12.14,1.17
2026-11-04 08:00:00-06:00,392.05,1093.32,68.1,14.62,0.76
2026-11-04 09:00:00-06:00,610.65,1057.78,84.65,18.14,0.41
2026-11-04 10:00:00-06:00,781.55,1050.39,89.95,20.42,0.97
2026-11-04 11:00:00-06:00,886.85,1031.83,93.6,22.35,1.38
2026-11-04 12:00:00-06:00,915.35,1001.26,93.5,24.04,1.45
2026-11-04 13:00:00-06:00,864.45,953.83,90.9,25.6,1.59
2026-11-04 14:00:00-06:00,738.5,882.6,85.4,26.47,1.72
2026-11-04 15:00:00-06:00,548.8,771.56,76.15,26.75,1.86
2026-11-04 16:00:00-06:00,315.25,581.89,60.65,26.31,1.72
2026-11-04 17:00:00-06:00,81.75,250.06,25.05,25.24,1.17
2026-11-04 18:00:00-06:00,0.0,0.0,0.0,23.52,0.41
2026-11-04 19:00:00-06:00,0.0,0.0,0.0,21.17,1.38
2026-11-04 20:00:00-06:00,0.0,0.0,0.0,18.73,1.66
2026-11-04 21:00:00-06:00,0.0,0.0,0.0,16.48,1.24
2026-11-04 22:00:00-06:00,0.0,0.0,0.0,16.21,0.9
2026-11-04 23:00:00-06:00,0.0,0.0,0.0,16.39,0.69
2026-11-05 00:00:00-06:00,0.0,0.0,0.0,14.96,0.83
2026-11-05 01:00:00-06:00,0.0,0.0,0.0,14.03,1.03
2026-11-05 02:00:00-06:00,0.0,0.0,0.0,12.83,1.31
2026-11-05 03:00:00-06:00,0.0,0.0,0.0,11.69,1.66
2026-11-05 04:00:00-06:00,0.0,0.0,0.0,11.24,1.86
2026-11-05 05:00:00-06:00,0.0,0.0,0.0,10.89,1.93
2026-11-05 06:00:00-06:00,0.0,0.0,0.0,10.57,1.93
2026-11-05 07:00:00-06:00,156.8,1252.55,72.8,10.37,1.93
2026-11-05 08:00:00-06:00,399.75,1125.97,68.9,12.92,1.24
2026-11-05 09:00:00-06:00,614.5,1071.8,84.45,18.0,0.41
2026-11-05 10:00:00-06:00,786.45,1062.23,90.15,20.54,0.83
2026-11-05 11:00:00-06:00,889.0,1039.09,93.3,22.52,1.38
2026-11-05 12:00:00-06:00,915.85,1005.26,93.75,24.13,1.66
2026-11-05 13:00:00-06:00,860.85,952.72,91.0,25.48,1.79
2026-11-05 14:00:00-06:00,732.2,877.57,85.25,26.18,1.72
2026-11-05 15:00:00-06:00,538.5,752.28,79.55,26.42,1.66
2026-11-05 16:00:00-06:00,308.75,570.13,60.55,26.06,1.38
2026-11-05 17:00:00-06:00,78.5,239.0,24.75,25.01,0.76
2026-11-05 18:00:00-06:00,0.0,0.0,0.0,23.5,0.41
2026-11-05 19:00:00-06:00,0.0,0.0,0.0,21.52,1.59
2026-11-05 20:00:00-06:00,0.0,0.0,0.0,19.2,1.79
2026-11-05 21:00:00-06:00,0.0,0.0,0.0,16.67,1.38
2026-11-05 22:00:00-06:00,0.0,0.0,0.0,16.09,1.03
2026-11-05 23:00:00-06:00,0.0,0.0,0.0,16.47,0.76
2026-11-06 00:00:00-06:00,0.0,0.0,0.0,15.95,0.76
2026-11-06 01:00:00-06:00,0.0,0.0,0.0,13.89,1.72
2026-11-06 02:00:00-06:00,0.0,0.0,0.0,13.33,1.79
2026-11-06 03:00:00-06:00,0.0,0.0,0.0,13.02,1.86
2026-11-06 04:00:00-06:00,0.0,0.0,0.0,12.92,1.93
2026-11-06 05:00:00-06:00,0.0,0.0,0.0,13.01,1.93
2026-11-06 06:00:00-06:00,0.0,0.0,0.0,12.62,1.93
2026-11-06 07:00:00-06:00,138.95,1253.14,57.64,12.49,1.79
2026-11-06 08:00:00-06:00,372.2,1006.37,79.0,14.46,1.38
2026-11-06 09:00:00-06:00,604.3,1066.9,79.6,18.64,0.48
2026-11-06 10:00:00-06:00,766.5,1038.33,88.9,21.09,0.62
2026-11-06 11:00:00-06:00,861.5,1003.14,96.35,23.06,0.97
2026-11-06 12:00:00-06:00,902.5,994.0,92.6,24.62,1.1
2026-11-06 13:00:00-06:00,854.35,949.02,90.25,26.03,1.24
2026-11-06 14:00:00-06:00,673.7,760.94,114.8,26.69,1.31
2026-11-06 15:00:00-06:00,448.95,533.88,124.55,26.66,1.45
2026-11-06 16:00:00-06:00,224.35,312.67,88.9,26.01,1.24
2026-11-06 17:00:00-06:00,65.3,167.63,27.9,25.05,0.55
2026-11-06 18:00:00-06:00,0.0,0.0,0.0,23.91,0.28
2026-11-06 19:00:00-06:00,0.0,0.0,0.0,21.75,1.03
2026-11-06 20:00:00-06:00,0.0,0.0,0.0,20.39,1.45
2026-11-06 21:00:00-06:00,0.0,0.0,0.0,19.09,1.59
2026-11-06 22:00:00-06:00,0.0,0.0,0.0,18.09,1.59
2026-11-06 23:00:00-06:00,0.0,0.0,0.0,17.18,1.45
2026-11-07 00:00:00-06:00,0.0,0.0,0.0,16.36,1.31
2026-11-07 01:00:00-06:00,0.0,0.0,0.0,15.74,1.31
2026-11-07 02:00:00-06:00,0.0,0.0,0.0,15.05,1.24
2026-11-07 03:00:00-06:00,0.0,0.0,0.0,14.89,1.17
2026-11-07 04:00:00-06:00,0.0,0.0,0.0,14.6,1.24
2026-11-07 05:00:00-06:00,0.0,0.0,0.0,14.35,1.24
2026-11-07 06:00:00-06:00,0.0,0.0,0.0,13.99,1.24
2026-11-07 07:00:00-06:00,129.85,1253.73,51.26,13.76,1.24
2026-11-07 08:00:00-06:00,354.05,966.65,74.85,17.92,0.48
2026-11-07 09:00:00-06:00,571.9,973.65,95.75,20.81,0.69
2026-11-07 10:00:00-06:00,729.75,954.43,109.7,22.48,1.17
2026-11-07 11:00:00-06:00,770.5,850.42,124.4,23.99,1.38
2026-11-07 12:00:00-06:00,832.5,842.2,148.8,24.94,1.17
2026-11-07 13:00:00-06:00,788.95,832.7,120.9,26.26,1.45
2026-11-07 14:00:00-06:00,642.55,678.86,145.75,26.98,1.45
2026-11-07 15:00:00-06:00,425.3,528.4,105.5,27.25,1.52
2026-11-07 16:00:00-06:00,259.95,407.06,84.45,26.82,1.45
2026-11-07 17:00:00-06:00,65.25,174.11,26.7,25.91,0.9
2026-11-07 18:00:00-06:00,0.0,0.0,0.0,24.46,0.48
2026-11-07 19:00:00-06:00,0.0,0.0,0.0,22.72,1.24
2026-11-07 20:00:00-06:00,0.0,0.0,0.0,21.76,1.72
2026-11-07 21:00:00-06:00,0.0,0.0,0.0,20.16,1.86
2026-11-07 22:00:00-06:00,0.0,0.0,0.0,18.68,1.72
2026-11-07 23:00:00-06:00,0.0,0.0,0.0,17.67,1.72
2026-11-08 00:00:00-06:00,0.0,0.0,0.0,17.28,1.66
2026-11-08 01:00:00-06:00,0.0,0.0,0.0,16.8,1.66
2026-11-08 02:00:00-06:00,0.0,0.0,0.0,16.22,1.59
2026-11-08 03:00:00-06:00,0.0,0.0,0.0,15.62,1.59
2026-11-08 04:00:00-06:00,0.0,0.0,0.0,15.55,1.45
2026-11-08 05:00:00-06:00,0.0,0.0,0.0,15.29,1.45
2026-11-08 06:00:00-06:00,0.0,0.0,0.0,14.95,1.38
2026-11-08 07:00:00-06:00,129.4,1254.31,53.56,14.69,1.31
2026-11-08 08:00:00-06:00,359.65,989.52,76.35,18.54,0.48
2026-11-08 09:00:00-06:00,558.1,951.24,95.55,21.42,0.76
2026-11-08 10:00:00-06:00,720.75,934.48,116.4,23.2,1.03
2026-11-08 11:00:00-06:00,825.55,946.09,109.6,24.73,1.24
2026-11-08 12:00:00-06:00,856.65,916.14,115.65,26.23,1.24
2026-11-08 13:00:00-06:00,816.65,904.14,93.85,27.4,1.31
2026-11-08 14:00:00-06:00,681.25,806.78,92.95,28.23,1.86
2026-11-08 15:00:00-06:00,486.9,665.38,85.75,28.23,1.93
2026-11-08 16:00:00-06:00,270.0,456.49,74.1,27.6,1.72
2026-11-08 17:00:00-06:00,69.45,201.34,25.2,26.5,1.03
2026-11-08 18:00:00-06:00,0.0,0.0,0.0,24.96,0.0
2026-11-08 19:00:00-06:00,0.0,0.0,0.0,22.99,1.03
2026-11-08 20:00:00-06:00,0.0,0.0,0.0,21.98,1.72
2026-11-08 21:00:00-06:00,0.0,0.0,0.0,20.1,1.79
2026-11-08 22:00:00-06:00,0.0,0.0,0.0,18.57,1.66
2026-11-08 23:00:00-06:00,0.0,0.0,0.0,17.88,1.59
2026-11-09 00:00:00-06:00,0.0,0.0,0.0,17.2,1.59
2026-11-09 01:00:00-06:00,0.0,0.0,0.0,16.45,1.59
2026-11-09 02:00:00-06:00,0.0,0.0,0.0,15.65,1.52
2026-11-09 03:00:00-06:00,0.0,0.0,0.0,15.05,1.52
2026-11-09 04:00:00-06:00,0.0,0.0,0.0,14.44,1.52
2026-11-09 05:00:00-06:00,0.0,0.0,0.0,13.86,1.52
2026-11-09 06:00:00-06:00,0.0,0.0,0.0,13.36,1.45
2026-11-09 07:00:00-06:00,140.95,1254.88,67.9,13.03,1.45
2026-11-09 08:00:00-06:00,371.4,1068.73,68.15,16.67,0.69
2026-11-09 09:00:00-06:00,585.55,1040.69,82.4,21.73,0.55
2026-11-09 10:00:00-06:00,751.85,1026.97,90.7,23.81,1.17
2026-11-09 11:00:00-06:00,853.1,1006.5,94.45,25.52,1.38
2026-11-09 12:00:00-06:00,879.0,970.24,97.1,26.99,1.45
2026-11-09 13:00:00-06:00,808.7,883.47,104.9,28.18,1.79
2026-11-09 14:00:00-06:00,702.75,846.6,87.6,28.77,1.86
2026-11-09 15:00:00-06:00,518.1,733.5,77.55,28.95,1.93
2026-11-09 16:00:00-06:00,292.35,541.3,61.1,28.46,1.86
2026-11-09 17:00:00-06:00,71.7,220.18,23.65,27.28,1.24
2026-11-09 18:00:00-06:00,0.0,0.0,0.0,25.33,0.48
2026-11-09 19:00:00-06:00,0.0,0.0,0.0,23.05,0.83
2026-11-09 20:00:00-06:00,0.0,0.0,0.0,21.73,1.59
2026-11-09 21:00:00-06:00,0.0,0.0,0.0,20.48,1.86
2026-11-09 22:00:00-06:00,0.0,0.0,0.0,18.45,1.72
2026-11-09 23:00:00-06:00,0.0,0.0,0.0,17.34,1.66
2026-11-10 00:00:00-06:00,0.0,0.0,0.0,16.76,1.59
2026-11-10 01:00:00-06:00,0.0,0.0,0.0,15.93,1.52
2026-11-10 02:00:00-06:00,0.0,0.0,0.0,15.13,1.45
2026-11-10 03:00:00-06:00,0.0,0.0,0.0,14.44,1.38
2026-11-10 04:00:00-06:00,0.0,0.0,0.0,13.97,1.38
2026-11-10 05:00:00-06:00,0.0,0.0,0.0,13.53,1.38
2026-11-10 06:00:00-06:00,0.0,0.0,0.0,13.18,1.38
2026-11-10 07:00:00-06:00,137.2,1255.44,66.97,13.04,1.45
2026-11-10 08:00:00-06:00,367.9,1064.98,68.45,16.36,0.83
2026-11-10 09:00:00-06:00,582.65,1040.61,82.45,21.33,0.62
2026-11-10 10:00:00-06:00,750.0,1029.26,90.4,23.68,1.24
2026-11-10 11:00:00-06:00,851.5,1008.42,94.4,25.44,1.45
2026-11-10 12:00:00-06:00,876.85,973.64,95.05,26.97,1.66
2026-11-10 13:00:00-06:00,825.65,923.9,92.2,28.36,1.86
2026-11-10 14:00:00-06:00,702.55,851.76,85.8,29.06,1.93
2026-11-10 15:00:00-06:00,515.35,733.12,76.65,29.2,1.93
2026-11-10 16:00:00-06:00,290.5,540.49,60.6,28.79,1.66
2026-11-10 17:00:00-06:00,71.3,221.22,23.35,27.62,0.83
2026-11-10 18:00:00-06:00,0.0,0.0,0.0,25.66,0.28
2026-11-10 19:00:00-06:00,0.0,0.0,0.0,23.37,1.17
2026-11-10 20:00:00-06:00,0.0,0.0,0.0,21.84,1.93
2026-11-10 21:00:00-06:00,0.0,0.0,0.0,20.2,2.07
2026-11-10 22:00:00-06:00,0.0,0.0,0.0,18.51,1.93
2026-11-10 23:00:00-06:00,0.0,0.0,0.0,17.39,1.79
2026-11-11 00:00:00-06:00,0.0,0.0,0.0,16.57,1.72
2026-11-11 01:00:00-06:00,0.0,0.0,0.0,15.86,1.59
2026-11-11 02:00:00-06:00,0.0,0.0,0.0,15.2,1.59
2026-11-11 03:00:00-06:00,0.0,0.0,0.0,14.67,1.52
2026-11-11 04:00:00-06:00,0.0,0.0,0.0,14.19,1.45
2026-11-11 05:00:00-06:00,0.0,0.0,0.0,14.04,1.52
2026-11-11 06:00:00-06:00,0.0,0.0,0.0,13.96,1.52
2026-11-11 07:00:00-06:00,126.95,1256.0,59.56,13.93,1.45
2026-11-11 08:00:00-06:00,333.1,904.37,81.15,16.6,0.97
2026-11-11 09:00:00-06:00,565.9,1000.79,87.65,21.02,0.28
2026-11-11 10:00:00-06:00,732.6,1001.7,93.6,23.15,0.9
2026-11-11 11:00:00-06:00,824.85,964.15,103.85,24.88,1.17
2026-11-11 12:00:00-06:00,864.0,959.41,96.4,26.27,1.45
2026-11-11 13:00:00-06:00,814.0,911.09,93.2,27.88,1.72
2026-11-11 14:00:00-06:00,696.65,848.09,84.65,28.56,1.86
2026-11-11 15:00:00-06:00,496.85,688.8,86.15,28.66,1.66
2026-11-11 16:00:00-06:00,250.95,449.51,60.55,28.18,1.31
2026-11-11 17:00:00-06:00,64.9,199.9,21.85,27.06,0.9
2026-11-11 18:00:00-06:00,0.0,0.0,0.0,25.48,0.34
2026-11-11 19:00:00-06:00,0.0,0.0,0.0,23.89,1.03
2026-11-11 20:00:00-06:00,0.0,0.0,0.0,22.34,1.72
2026-11-11 21:00:00-06:00,0.0,0.0,0.0,20.39,1.79
2026-11-11 22:00:00-06:00,0.0,0.0,0.0,18.83,1.66
2026-11-11 23:00:00-06:00,0.0,0.0,0.0,18.14,1.59
2026-11-12 00:00:00-06:00,0.0,0.0,0.0,17.36,1.59
2026-11-12 01:00:00-06:00,0.0,0.0,0.0,16.56,1.52
2026-11-12 02:00:00-06:00,0.0,0.0,0.0,15.76,1.52
2026-11-12 03:00:00-06:00,0.0,0.0,0.0,15.06,1.45
2026-11-12 04:00:00-06:00,0.0,0.0,0.0,14.51,1.45
2026-11-12 05:00:00-06:00,0.0,0.0,0.0,14.08,1.45
2026-11-12 06:00:00-06:00,0.0,0.0,0.0,13.68,1.45
2026-11-12 07:00:00-06:00,132.9,1256.55,68.38,13.33,1.38
2026-11-12 08:00:00-06:00,363.45,1072.85,67.35,16.97,0.76
2026-11-12 09:00:00-06:00,575.25,1037.34,82.45,21.56,0.41
2026-11-12 10:00:00-06:00,739.85,1021.68,91.1,23.7,0.97
2026-11-12 11:00:00-06:00,840.7,1001.52,94.7,25.35,1.1
2026-11-12 12:00:00-06:00,869.1,972.07,94.15,26.84,1.17
2026-11-12 13:00:00-06:00,820.45,925.28,90.9,28.2,1.45
2026-11-12 14:00:00-06:00,698.8,854.07,84.55,28.87,1.66
2026-11-12 15:00:00-06:00,511.7,734.56,75.25,28.93,1.72
2026-11-12 16:00:00-06:00,289.75,545.32,59.7,28.48,1.59
2026-11-12 17:00:00-06:00,69.65,218.65,22.85,27.44,1.03
2026-11-12 18:00:00-06:00,0.0,0.0,0.0,25.85,0.07
2026-11-12 19:00:00-06:00,0.0,0.0,0.0,23.9,1.24
2026-11-12 20:00:00-06:00,0.0,0.0,0.0,22.21,1.93
2026-11-12 21:00:00-06:00,0.0,0.0,0.0,20.28,1.93
2026-11-12 22:00:00-06:00,0.0,0.0,0.0,18.78,1.72
2026-11-12 23:00:00-06:00,0.0,0.0,0.0,18.04,1.59
2026-11-13 00:00:00-06:00,0.0,0.0,0.0,17.06,1.45
2026-11-13 01:00:00-06:00,0.0,0.0,0.0,16.39,1.52
2026-11-13 02:00:00-06:00,0.0,0.0,0.0,15.78,1.52
2026-11-13 03:00:00-06:00,0.0,0.0,0.0,15.33,1.59
2026-11-13 04:00:00-06:00,0.0,0.0,0.0,14.85,1.59
2026-11-13 05:00:00-06:00,0.0,0.0,0.0,14.38,1.52
2026-11-13 06:00:00-06:00,0.0,0.0,0.0,13.89,1.52
2026-11-13 07:00:00-06:00,130.2,1257.09,68.58,13.53,1.45
2026-11-13 08:00:00-06:00,353.65,1044.33,68.15,16.99,0.83
2026-11-13 09:00:00-06:00,568.1,1027.74,82.75,21.56,0.28
2026-11-13 10:00:00-06:00,731.65,1012.71,91.55,23.62,0.9
2026-11-13 11:00:00-06:00,834.2,995.84,95.35,25.3,1.1
2026-11-13 12:00:00-06:00,863.65,967.35,95.2,26.74,1.24
2026-11-13 13:00:00-06:00,814.95,919.8,92.15,27.93,1.38
2026-11-13 14:00:00-06:00,689.5,834.91,91.0,28.56,1.38
2026-11-13 15:00:00-06:00,505.0,720.77,78.2,28.7,1.31
2026-11-13 16:00:00-06:00,286.65,538.4,60.4,28.35,1.24
2026-11-13 17:00:00-06:00,68.5,215.46,22.65,27.42,0.97
2026-11-13 18:00:00-06:00,0.0,0.0,0.0,25.93,0.0
2026-11-13 19:00:00-06:00,0.0,0.0,0.0,24.08,1.38
2026-11-13 20:00:00-06:00,0.0,0.0,0.0,22.24,2.0
2026-11-13 21:00:00-06:00,0.0,0.0,0.0,20.47,2.07
2026-11-13 22:00:00-06:00,0.0,0.0,0.0,19.01,1.79
2026-11-13 23:00:00-06:00,0.0,0.0,0.0,17.91,1.66
2026-11-14 00:00:00-06:00,0.0,0.0,0.0,17.23,1.52
2026-11-14 01:00:00-06:00,0.0,0.0,0.0,16.61,1.59
2026-11-14 02:00:00-06:00,0.0,0.0,0.0,16.09,1.52
2026-11-14 03:00:00-06:00,0.0,0.0,0.0,15.55,1.52
2026-11-14 04:00:00-06:00,0.0,0.0,0.0,14.88,1.52
2026-11-14 05:00:00-06:00,0.0,0.0,0.0,14.13,1.38
2026-11-14 06:00:00-06:00,0.0,0.0,0.0,13.64,1.31
2026-11-14 07:00:00-06:00,123.45,1257.62,64.75,13.28,1.24
2026-11-14 08:00:00-06:00,348.0,1000.89,77.0,16.16,0.76
2026-11-14 09:00:00-06:00,564.4,1008.77,90.85,20.72,0.28
2026-11-14 10:00:00-06:00,733.6,1021.46,90.95,22.83,1.03
2026-11-14 11:00:00-06:00,818.15,971.41,100.25,24.58,1.38
2026-11-14 12:00:00-06:00,859.3,966.16,94.5,25.9,1.52
2026-11-14 13:00:00-06:00,809.4,916.33,91.7,27.26,1.72
2026-11-14 14:00:00-06:00,689.75,847.95,83.85,27.92,1.72
2026-11-14 15:00:00-06:00,508.4,734.16,75.1,27.93,1.66
2026-11-14 16:00:00-06:00,283.8,535.63,59.55,27.35,1.38
2026-11-14 17:00:00-06:00,66.05,205.77,22.5,26.32,0.62
2026-11-14 18:00:00-06:00,0.0,0.0,0.0,24.6,0.28
2026-11-14 19:00:00-06:00,0.0,0.0,0.0,22.99,1.24
2026-11-14 20:00:00-06:00,0.0,0.0,0.0,21.56,1.86
2026-11-14 21:00:00-06:00,0.0,0.0,0.0,19.83,1.86
2026-11-14 22:00:00-06:00,0.0,0.0,0.0,18.54,1.72
2026-11-14 23:00:00-06:00,0.0,0.0,0.0,17.48,1.66
2026-11-15 00:00:00-06:00,0.0,0.0,0.0,16.63,1.59
2026-11-15 01:00:00-06:00,0.0,0.0,0.0,16.08,1.45
2026-11-15 02:00:00-06:00,0.0,0.0,0.0,15.62,1.38
2026-11-15 03:00:00-06:00,0.0,0.0,0.0,14.97,1.38
2026-11-15 04:00:00-06:00,0.0,0.0,0.0,14.67,1.31
2026-11-15 05:00:00-06:00,0.0,0.0,0.0,14.15,1.38
2026-11-15 06:00:00-06:00,0.0,0.0,0.0,13.88,1.31
2026-11-15 07:00:00-06:00,123.4,1258.15,67.64,13.56,1.38
2026-11-15 08:00:00-06:00,344.9,1033.83,67.7,17.0,0.55
2026-11-15 09:00:00-06:00,559.65,1021.83,82.85,21.22,0.62
2026-11-15 10:00:00-06:00,724.6,1011.5,91.15,23.33,1.1
2026-11-15 11:00:00-06:00,827.4,995.25,94.75,25.1,1.31
2026-11-15 12:00:00-06:00,854.1,962.19,95.1,26.58,1.24
2026-11-15 13:00:00-06:00,718.95,787.83,103.9,28.28,1.66
2026-11-15 14:00:00-06:00,623.3,704.41,121.55,28.7,1.66
2026-11-15 15:00:00-06:00,453.85,603.42,98.85,28.54,1.52
2026-11-15 16:00:00-06:00,271.2,506.25,60.0,27.84,1.1
2026-11-15 17:00:00-06:00,61.15,185.22,22.15,26.98,0.55
2026-11-15 18:00:00-06:00,0.0,0.0,0.0,25.76,0.83
2026-11-15 19:00:00-06:00,0.0,0.0,0.0,23.93,1.72
2026-11-15 20:00:00-06:00,0.0,0.0,0.0,21.31,1.72
2026-11-15 21:00:00-06:00,0.0,0.0,0.0,20.29,1.66
2026-11-15 22:00:00-06:00,0.0,0.0,0.0,19.81,1.52
2026-11-15 23:00:00-06:00,0.0,0.0,0.0,18.84,1.66
2026-11-16 00:00:00-06:00,0.0,0.0,0.0,18.2,1.79
2026-11-16 01:00:00-06:00,0.0,0.0,0.0,18.35,1.86
2026-11-16 02:00:00-06:00,0.0,0.0,0.0,18.25,1.86
2026-11-16 03:00:00-06:00,0.0,0.0,0.0,17.9,1.72
2026-11-16 04:00:00-06:00,0.0,0.0,0.0,17.22,1.79
2026-11-16 05:00:00-06:00,0.0,0.0,0.0,16.83,1.72
2026-11-16 06:00:00-06:00,0.0,0.0,0.0,16.59,1.79
2026-11-16 07:00:00-06:00,119.05,1258.66,66.25,16.27,1.86
2026-11-16 08:00:00-06:00,350.65,1045.42,73.1,17.42,1.59
2026-11-16 09:00:00-06:00,571.1,1055.62,81.5,20.35,1.17
2026-11-16 10:00:00-06:00,738.3,1037.28,91.7,22.66,0.48
2026-11-16 11:00:00-06:00,846.05,1029.2,91.35,24.53,0.28
2026-11-16 12:00:00-06:00,876.95,998.59,91.95,26.15,0.55
2026-11-16 13:00:00-06:00,820.55,940.24,88.85,27.84,0.97
2026-11-16 14:00:00-06:00,701.8,870.34,83.75,28.66,1.1
2026-11-16 15:00:00-06:00,516.3,754.72,73.65,29.04,1.17
2026-11-16 16:00:00-06:00,284.25,530.7,63.6,28.84,1.38
2026-11-16 17:00:00-06:00,65.4,198.51,23.8,27.91,1.59
2026-11-16 18:00:00-06:00,0.0,0.0,0.0,26.38,0.76
2026-11-16 19:00:00-06:00,0.0,0.0,0.0,25.4,0.55
2026-11-16 20:00:00-06:00,0.0,0.0,0.0,21.64,0.97
2026-11-16 21:00:00-06:00,0.0,0.0,0.0,20.23,1.03
2026-11-16 22:00:00-06:00,0.0,0.0,0.0,18.67,1.31
2026-11-16 23:00:00-06:00,0.0,0.0,0.0,18.4,1.93
2026-11-17 00:00:00-06:00,0.0,0.0,0.0,17.57,2.0
2026-11-17 01:00:00-06:00,0.0,0.0,0.0,17.65,1.59
2026-11-17 02:00:00-06:00,0.0,0.0,0.0,17.45,1.66
2026-11-17 03:00:00-06:00,0.0,0.0,0.0,17.21,1.59
2026-11-17 04:00:00-06:00,0.0,0.0,0.0,16.98,1.52
2026-11-17 05:00:00-06:00,0.0,0.0,0.0,16.58,1.52
2026-11-17 06:00:00-06:00,0.0,0.0,0.0,16.34,1.52
2026-11-17 07:00:00-06:00,39.6,0.0,39.6,16.39,1.59
2026-11-17 08:00:00-06:00,265.35,626.21,100.75,17.64,1.24
2026-11-17 09:00:00-06:00,434.25,609.34,153.35,20.99,1.03
2026-11-17 10:00:00-06:00,542.3,565.04,191.7,22.87,0.69
2026-11-17 11:00:00-06:00,640.9,591.48,208.85,24.28,0.69
2026-11-17 12:00:00-06:00,686.25,641.03,184.05,25.61,1.1
2026-11-17 13:00:00-06:00,413.7,184.14,270.85,27.64,1.93
2026-11-17 14:00:00-06:00,393.65,247.81,218.2,27.77,1.79
2026-11-17 15:00:00-06:00,287.85,253.35,139.7,28.08,2.0
2026-11-17 16:00:00-06:00,135.35,94.34,96.25,27.57,1.93
2026-11-17 17:00:00-06:00,35.1,79.08,18.6,26.55,1.59
2026-11-17 18:00:00-06:00,0.0,0.0,0.0,25.1,1.45
2026-11-17 19:00:00-06:00,0.0,0.0,0.0,23.68,1.38
2026-11-17 20:00:00-06:00,0.0,0.0,0.0,22.17,1.38
2026-11-17 21:00:00-06:00,0.0,0.0,0.0,20.67,1.17
2026-11-17 22:00:00-06:00,0.0,0.0,0.0,19.47,1.17
2026-11-17 23:00:00-06:00,0.0,0.0,0.0,18.67,1.17
2026-11-18 00:00:00-06:00,0.0,0.0,0.0,18.24,1.1
2026-11-18 01:00:00-06:00,0.0,0.0,0.0,17.81,1.1
2026-11-18 02:00:00-06:00,0.0,0.0,0.0,17.24,1.31
2026-11-18 03:00:00-06:00,0.0,0.0,0.0,16.93,1.38
2026-11-18 04:00:00-06:00,0.0,0.0,0.0,16.57,1.45
2026-11-18 05:00:00-06:00,0.0,0.0,0.0,16.27,1.45
2026-11-18 06:00:00-06:00,0.0,0.0,0.0,16.21,1.52
2026-11-18 07:00:00-06:00,31.75,0.0,31.75,15.95,1.52
2026-11-18 08:00:00-06:00,234.9,582.23,83.4,17.33,1.24
2026-11-18 09:00:00-06:00,367.4,544.42,117.95,20.11,1.24
2026-11-18 10:00:00-06:00,516.35,586.52,154.1,21.49,1.03
2026-11-18 11:00:00-06:00,641.15,634.91,179.15,22.84,1.03
2026-11-18 12:00:00-06:00,650.75,613.93,171.4,24.8,1.45
2026-11-18 13:00:00-06:00,598.75,591.36,141.4,25.67,1.79
2026-11-18 14:00:00-06:00,429.95,340.6,189.5,26.56,2.0
2026-11-18 15:00:00-06:00,280.95,194.99,167.25,26.71,1.72
2026-11-18 16:00:00-06:00,162.4,155.14,98.3,26.41,1.79
2026-11-18 17:00:00-06:00,29.65,30.32,23.35,25.6,1.86
2026-11-18 18:00:00-06:00,0.0,0.0,0.0,24.26,2.0
2026-11-18 19:00:00-06:00,0.0,0.0,0.0,22.5,1.93
2026-11-18 20:00:00-06:00,0.0,0.0,0.0,20.92,1.93
2026-11-18 21:00:00-06:00,0.0,0.0,0.0,19.73,1.93
2026-11-18 22:00:00-06:00,0.0,0.0,0.0,18.97,1.79
2026-11-18 23:00:00-06:00,0.0,0.0,0.0,18.41,1.66
2026-11-19 00:00:00-06:00,0.0,0.0,0.0,17.79,1.45
2026-11-19 01:00:00-06:00,0.0,0.0,0.0,17.14,1.03
2026-11-19 02:00:00-06:00,0.0,0.0,0.0,16.57,1.03
2026-11-19 03:00:00-06:00,0.0,0.0,0.0,15.82,1.17
2026-11-19 04:00:00-06:00,0.0,0.0,0.0,15.16,1.24
2026-11-19 05:00:00-06:00,0.0,0.0,0.0,14.56,1.38
2026-11-19 06:00:00-06:00,0.0,0.0,0.0,14.24,1.45
2026-11-19 07:00:00-06:00,38.95,0.0,38.95,13.86,1.45
2026-11-19 08:00:00-06:00,342.15,1051.4,71.35,15.49,1.24
2026-11-19 09:00:00-06:00,558.85,1041.07,84.75,18.48,0.69
2026-11-19 10:00:00-06:00,732.3,1052.3,85.35,20.74,0.41
2026-11-19 11:00:00-06:00,821.3,1002.28,94.75,22.88,0.9
2026-11-19 12:00:00-06:00,852.25,975.47,93.15,24.58,1.31
2026-11-19 13:00:00-06:00,803.45,924.84,90.35,26.38,1.38
2026-11-19 14:00:00-06:00,685.35,855.37,83.2,27.32,1.52
2026-11-19 15:00:00-06:00,502.55,736.19,74.45,27.66,1.59
2026-11-19 16:00:00-06:00,282.25,545.13,57.65,27.32,1.59
2026-11-19 17:00:00-06:00,64.45,207.93,21.4,26.26,1.24
2026-11-19 18:00:00-06:00,0.0,0.0,0.0,24.58,0.21
2026-11-19 19:00:00-06:00,0.0,0.0,0.0,22.45,0.76
2026-11-19 20:00:00-06:00,0.0,0.0,0.0,20.91,0.83
2026-11-19 21:00:00-06:00,0.0,0.0,0.0,20.7,0.76
2026-11-19 22:00:00-06:00,0.0,0.0,0.0,20.6,0.76
2026-11-19 23:00:00-06:00,0.0,0.0,0.0,19.93,0.48
2026-11-20 00:00:00-06:00,0.0,0.0,0.0,18.24,0.41
2026-11-20 01:00:00-06:00,0.0,0.0,0.0,17.91,0.48
2026-11-20 02:00:00-06:00,0.0,0.0,0.0,16.97,0.83
2026-11-20 03:00:00-06:00,0.0,0.0,0.0,15.41,1.17
2026-11-20 04:00:00-06:00,0.0,0.0,0.0,14.45,1.45
2026-11-20 05:00:00-06:00,0.0,0.0,0.0,14.31,1.72
2026-11-20 06:00:00-06:00,0.0,0.0,0.0,14.24,1.86
2026-11-20 07:00:00-06:00,37.55,0.0,37.55,14.18,1.86
2026-11-20 08:00:00-06:00,306.3,885.97,80.45,15.73,1.24
2026-11-20 09:00:00-06:00,486.15,886.52,84.9,19.97,0.48
2026-11-20 10:00:00-06:00,626.25,836.95,114.05,22.52,0.48
2026-11-20 11:00:00-06:00,691.75,734.67,161.2,24.53,1.17
2026-11-20 12:00:00-06:00,652.1,626.38,166.25,25.88,1.52
2026-11-20 13:00:00-06:00,650.4,678.35,128.9,26.61,1.72
2026-11-20 14:00:00-06:00,376.85,351.54,130.05,26.65,1.17
2026-11-20 15:00:00-06:00,250.15,293.46,79.95,25.73,0.34
2026-11-20 16:00:00-06:00,82.65,96.86,42.85,25.33,0.55
2026-11-20 17:00:00-06:00,25.8,55.97,14.25,24.26,0.97
2026-11-20 18:00:00-06:00,0.0,0.0,0.0,23.36,1.03
2026-11-20 19:00:00-06:00,0.0,0.0,0.0,22.41,1.03
2026-11-20 20:00:00-06:00,0.0,0.0,0.0,21.38,1.1
2026-11-20 21:00:00-06:00,0.0,0.0,0.0,20.35,0.97
2026-11-20 22:00:00-06:00,0.0,0.0,0.0,19.45,1.17
2026-11-20 23:00:00-06:00,0.0,0.0,0.0,18.81,1.24
2026-11-21 00:00:00-06:00,0.0,0.0,0.0,18.4,1.31
2026-11-21 01:00:00-06:00,0.0,0.0,0.0,17.6,1.59
2026-11-21 02:00:00-06:00,0.0,0.0,0.0,17.64,1.45
2026-11-21 03:00:00-06:00,0.0,0.0,0.0,16.94,1.45
2026-11-21 04:00:00-06:00,0.0,0.0,0.0,16.67,1.38
2026-11-21 05:00:00-06:00,0.0,0.0,0.0,16.57,1.38
2026-11-21 06:00:00-06:00,0.0,0.0,0.0,16.17,1.38
2026-11-21 07:00:00-06:00,33.75,0.0,33.75,15.86,1.38
2026-11-21 08:00:00-06:00,277.1,794.37,76.7,17.77,0.97
2026-11-21 09:00:00-06:00,445.6,754.82,106.05,20.51,0.28
2026-11-21 10:00:00-06:00,580.65,755.83,120.2,22.39,0.28
2026-11-21 11:00:00-06:00,574.1,491.41,220.55,23.83,0.69
2026-11-21 12:00:00-06:00,634.8,631.64,146.45,24.92,0.97
2026-11-21 13:00:00-06:00,674.85,712.65,128.55,26.21,1.1
2026-11-21 14:00:00-06:00,534.0,609.61,107.15,27.0,1.24
2026-11-21 15:00:00-06:00,364.25,475.68,89.05,26.88,1.1
2026-11-21 16:00:00-06:00,211.7,366.8,61.35,26.41,0.69
2026-11-21 17:00:00-06:00,29.8,67.31,15.95,24.94,0.9
2026-11-21 18:00:00-06:00,0.0,0.0,0.0,24.01,1.24
2026-11-21 19:00:00-06:00,0.0,0.0,0.0,22.74,1.31
2026-11-21 20:00:00-06:00,0.0,0.0,0.0,22.03,1.1
2026-11-21 21:00:00-06:00,0.0,0.0,0.0,20.73,0.97
2026-11-21 22:00:00-06:00,0.0,0.0,0.0,19.71,0.83
2026-11-21 23:00:00-06:00,0.0,0.0,0.0,19.27,0.55
2026-11-22 00:00:00-06:00,0.0,0.0,0.0,18.93,0.41
2026-11-22 01:00:00-06:00,0.0,0.0,0.0,18.1,0.69
2026-11-22 02:00:00-06:00,0.0,0.0,0.0,17.44,0.83
2026-11-22 03:00:00-06:00,0.0,0.0,0.0,16.78,1.17
2026-11-22 04:00:00-06:00,0.0,0.0,0.0,16.59,1.31
2026-11-22 05:00:00-06:00,0.0,0.0,0.0,16.23,1.38
2026-11-22 06:00:00-06:00,0.0,0.0,0.0,15.81,1.38
2026-11-22 07:00:00-06:00,37.7,0.0,37.7,15.38,1.45
2026-11-22 08:00:00-06:00,318.1,967.99,76.45,16.75,1.03
2026-11-22 09:00:00-06:00,528.65,996.33,83.2,19.36,0.62
2026-11-22 10:00:00-06:00,705.6,1015.11,90.0,21.37,0.55
2026-11-22 11:00:00-06:00,807.05,982.83,102.55,23.32,1.17
2026-11-22 12:00:00-06:00,840.55,970.1,92.9,24.94,1.45
2026-11-22 13:00:00-06:00,796.15,922.79,90.75,26.55,1.45
2026-11-22 14:00:00-06:00,677.7,848.42,85.15,27.45,1.52
2026-11-22 15:00:00-06:00,493.85,719.71,78.45,27.86,1.72
2026-11-22 16:00:00-06:00,276.35,521.08,63.25,27.45,2.0
2026-11-22 17:00:00-06:00,62.9,197.33,22.4,26.46,1.59
2026-11-22 18:00:00-06:00,0.0,0.0,0.0,25.1,0.55
2026-11-22 19:00:00-06:00,0.0,0.0,0.0,23.05,1.17
2026-11-22 20:00:00-06:00,0.0,0.0,0.0,21.08,1.52
2026-11-22 21:00:00-06:00,0.0,0.0,0.0,19.04,1.38
2026-11-22 22:00:00-06:00,0.0,0.0,0.0,18.0,0.97
2026-11-22 23:00:00-06:00,0.0,0.0,0.0,18.01,0.41
2026-11-23 00:00:00-06:00,0.0,0.0,0.0,17.55,0.28
2026-11-23 01:00:00-06:00,0.0,0.0,0.0,17.34,0.48
2026-11-23 02:00:00-06:00,0.0,0.0,0.0,16.79,0.69
2026-11-23 03:00:00-06:00,0.0,0.0,0.0,14.84,1.1
2026-11-23 04:00:00-06:00,0.0,0.0,0.0,14.33,1.72
2026-11-23 05:00:00-06:00,0.0,0.0,0.0,14.3,1.86
2026-11-23 06:00:00-06:00,0.0,0.0,0.0,14.04,1.86
2026-11-23 07:00:00-06:00,37.95,0.0,37.95,13.73,1.93
2026-11-23 08:00:00-06:00,332.1,1067.76,68.35,15.0,1.66
2026-11-23 09:00:00-06:00,554.7,1053.66,86.5,18.26,0.97
2026-11-23 10:00:00-06:00,722.75,1052.84,87.15,20.77,0.41
2026-11-23 11:00:00-06:00,823.0,1024.16,91.55,22.77,1.1
2026-11-23 12:00:00-06:00,850.0,986.46,92.1,24.47,1.38
2026-11-23 13:00:00-06:00,804.7,940.33,87.85,26.18,1.52
2026-11-23 14:00:00-06:00,688.75,873.04,80.5,26.9,1.52
2026-11-23 15:00:00-06:00,503.9,745.38,74.65,27.13,1.45
2026-11-23 16:00:00-06:00,281.75,546.43,58.75,26.74,1.31
2026-11-23 17:00:00-06:00,64.9,210.21,21.85,25.73,0.9
2026-11-23 18:00:00-06:00,0.0,0.0,0.0,24.31,0.07
2026-11-23 19:00:00-06:00,0.0,0.0,0.0,21.81,1.03
2026-11-23 20:00:00-06:00,0.0,0.0,0.0,20.0,1.52
2026-11-23 21:00:00-06:00,0.0,0.0,0.0,18.6,1.86
2026-11-23 22:00:00-06:00,0.0,0.0,0.0,16.85,1.72
2026-11-23 23:00:00-06:00,0.0,0.0,0.0,15.35,1.59
2026-11-24 00:00:00-06:00,0.0,0.0,0.0,14.43,1.52
2026-11-24 01:00:00-06:00,0.0,0.0,0.0,13.85,1.52
2026-11-24 02:00:00-06:00,0.0,0.0,0.0,13.33,1.45
2026-11-24 03:00:00-06:00,0.0,0.0,0.0,12.79,1.52
2026-11-24 04:00:00-06:00,0.0,0.0,0.0,12.35,1.45
2026-11-24 05:00:00-06:00,0.0,0.0,0.0,11.99,1.45
2026-11-24 06:00:00-06:00,0.0,0.0,0.0,11.61,1.45
2026-11-24 07:00:00-06:00,34.25,0.0,34.25,11.32,1.45
2026-11-24 08:00:00-06:00,326.6,1066.93,65.85,14.22,0.83
2026-11-24 09:00:00-06:00,536.25,1031.73,80.6,19.92,0.41
2026-11-24 10:00:00-06:00,699.7,1014.72,89.85,22.23,1.1
2026-11-24 11:00:00-06:00,790.4,965.47,103.35,24.05,1.31
2026-11-24 12:00:00-06:00,833.2,965.58,93.6,25.53,1.24
2026-11-24 13:00:00-06:00,787.5,916.2,90.9,27.2,1.66
2026-11-24 14:00:00-06:00,644.65,770.71,108.95,27.96,1.72
2026-11-24 15:00:00-06:00,477.35,667.34,93.85,28.0,1.59
2026-11-24 16:00:00-06:00,240.5,411.22,73.0,27.66,1.52
2026-11-24 17:00:00-06:00,58.6,181.97,21.4,26.56,0.9
2026-11-24 18:00:00-06:00,0.0,0.0,0.0,24.92,0.28
2026-11-24 19:00:00-06:00,0.0,0.0,0.0,23.01,1.17
2026-11-24 20:00:00-06:00,0.0,0.0,0.0,21.45,1.79
2026-11-24 21:00:00-06:00,0.0,0.0,0.0,20.05,2.0
2026-11-24 22:00:00-06:00,0.0,0.0,0.0,18.4,1.93
2026-11-24 23:00:00-06:00,0.0,0.0,0.0,17.43,1.86
2026-11-25 00:00:00-06:00,0.0,0.0,0.0,16.95,1.79
2026-11-25 01:00:00-06:00,0.0,0.0,0.0,16.42,1.79
2026-11-25 02:00:00-06:00,0.0,0.0,0.0,15.44,1.72
2026-11-25 03:00:00-06:00,0.0,0.0,0.0,14.64,1.66
2026-11-25 04:00:00-06:00,0.0,0.0,0.0,14.25,1.52
2026-11-25 05:00:00-06:00,0.0,0.0,0.0,13.83,1.52
2026-11-25 06:00:00-06:00,0.0,0.0,0.0,13.43,1.52
2026-11-25 07:00:00-06:00,33.7,0.0,33.7,13.17,1.52
2026-11-25 08:00:00-06:00,322.05,1060.86,65.55,15.07,0.97
2026-11-25 09:00:00-06:00,529.2,1010.72,85.55,21.19,0.34
2026-11-25 10:00:00-06:00,697.6,1017.32,88.9,23.73,0.9
2026-11-25 11:00:00-06:00,800.45,998.24,92.6,25.65,1.31
2026-11-25 12:00:00-06:00,829.5,963.49,93.7,27.15,1.24
2026-11-25 13:00:00-06:00,783.6,912.76,91.4,28.22,1.24
2026-11-25 14:00:00-06:00,620.2,734.09,111.1,28.97,1.17
2026-11-25 15:00:00-06:00,465.85,658.54,88.15,29.02,1.31
2026-11-25 16:00:00-06:00,260.2,485.7,62.7,28.66,1.17
2026-11-25 17:00:00-06:00,56.7,177.81,20.4,27.69,0.41
2026-11-25 18:00:00-06:00,0.0,0.0,0.0,25.92,0.62
2026-11-25 19:00:00-06:00,0.0,0.0,0.0,24.03,1.45
2026-11-25 20:00:00-06:00,0.0,0.0,0.0,22.59,2.07
2026-11-25 21:00:00-06:00,0.0,0.0,0.0,20.78,2.07
2026-11-25 22:00:00-06:00,0.0,0.0,0.0,19.51,1.93
2026-11-25 23:00:00-06:00,0.0,0.0,0.0,18.52,1.79
2026-11-26 00:00:00-06:00,0.0,0.0,0.0,17.47,1.79
2026-11-26 01:00:00-06:00,0.0,0.0,0.0,17.72,1.66
2026-11-26 02:00:00-06:00,0.0,0.0,0.0,17.39,1.66
2026-11-26 03:00:00-06:00,0.0,0.0,0.0,16.81,1.66
2026-11-26 04:00:00-06:00,0.0,0.0,0.0,16.05,1.72
2026-11-26 05:00:00-06:00,0.0,0.0,0.0,15.39,1.66
2026-11-26 06:00:00-06:00,0.0,0.0,0.0,14.85,1.66
2026-11-26 07:00:00-06:00,32.75,0.0,32.75,14.33,1.66
2026-11-26 08:00:00-06:00,324.9,1090.77,64.0,15.64,1.1
2026-11-26 09:00:00-06:00,536.7,1050.03,78.6,22.0,0.07
2026-11-26 10:00:00-06:00,702.5,1033.65,86.75,24.56,0.76
2026-11-26 11:00:00-06:00,807.25,1013.77,90.9,26.4,1.24
2026-11-26 12:00:00-06:00,835.7,975.96,92.55,27.76,1.52
2026-11-26 13:00:00-06:00,792.75,929.51,89.6,28.41,1.59
2026-11-26 14:00:00-06:00,669.4,843.98,85.35,28.87,1.52
2026-11-26 15:00:00-06:00,482.1,694.34,84.6,29.06,1.52
2026-11-26 16:00:00-06:00,266.25,490.13,67.25,28.59,1.17
2026-11-26 17:00:00-06:00,64.3,207.16,22.05,27.52,0.48
2026-11-26 18:00:00-06:00,0.0,0.0,0.0,25.69,0.34
2026-11-26 19:00:00-06:00,0.0,0.0,0.0,23.81,1.38
2026-11-26 20:00:00-06:00,0.0,0.0,0.0,22.2,2.07
2026-11-26 21:00:00-06:00,0.0,0.0,0.0,20.24,2.07
2026-11-26 22:00:00-06:00,0.0,0.0,0.0,18.69,1.93
2026-11-26 23:00:00-06:00,0.0,0.0,0.0,17.69,1.86
2026-11-27 00:00:00-06:00,0.0,0.0,0.0,16.86,1.79
2026-11-27 01:00:00-06:00,0.0,0.0,0.0,16.15,1.72
2026-11-27 02:00:00-06:00,0.0,0.0,0.0,15.62,1.72
2026-11-27 03:00:00-06:00,0.0,0.0,0.0,15.25,1.66
2026-11-27 04:00:00-06:00,0.0,0.0,0.0,14.7,1.59
2026-11-27 05:00:00-06:00,0.0,0.0,0.0,14.09,1.59
2026-11-27 06:00:00-06:00,0.0,0.0,0.0,13.61,1.52
2026-11-27 07:00:00-06:00,32.45,0.0,32.45,13.14,1.52
2026-11-27 08:00:00-06:00,319.15,1078.15,64.05,15.27,0.9
2026-11-27 09:00:00-06:00,529.0,1035.91,79.8,21.34,0.21
2026-11-27 10:00:00-06:00,694.45,1021.14,88.8,23.74,0.97
2026-11-27 11:00:00-06:00,800.0,1005.55,91.9,25.64,1.24
2026-11-27 12:00:00-06:00,834.8,977.43,92.65,27.16,1.31
2026-11-27 13:00:00-06:00,790.6,930.49,88.4,28.2,1.52
2026-11-27 14:00:00-06:00,681.3,868.43,81.55,28.85,1.45
2026-11-27 15:00:00-06:00,497.25,736.9,76.1,29.07,1.38
2026-11-27 16:00:00-06:00,275.85,535.29,58.8,28.65,1.24
2026-11-27 17:00:00-06:00,64.7,209.98,21.9,27.57,0.62
2026-11-27 18:00:00-06:00,0.0,0.0,0.0,25.83,0.28
2026-11-27 19:00:00-06:00,0.0,0.0,0.0,23.92,1.31
2026-11-27 20:00:00-06:00,0.0,0.0,0.0,22.22,2.0
2026-11-27 21:00:00-06:00,0.0,0.0,0.0,20.18,2.07
2026-11-27 22:00:00-06:00,0.0,0.0,0.0,18.5,1.86
2026-11-27 23:00:00-06:00,0.0,0.0,0.0,17.56,1.86
2026-11-28 00:00:00-06:00,0.0,0.0,0.0,16.78,1.86
2026-11-28 01:00:00-06:00,0.0,0.0,0.0,15.95,1.72
2026-11-28 02:00:00-06:00,0.0,0.0,0.0,15.26,1.66
2026-11-28 03:00:00-06:00,0.0,0.0,0.0,14.73,1.66
2026-11-28 04:00:00-06:00,0.0,0.0,0.0,14.43,1.59
2026-11-28 05:00:00-06:00,0.0,0.0,0.0,14.08,1.59
2026-11-28 06:00:00-06:00,0.0,0.0,0.0,13.69,1.59
2026-11-28 07:00:00-06:00,32.0,0.0,32.0,13.39,1.52
2026-11-28 08:00:00-06:00,314.1,1063.05,65.3,15.1,0.97
2026-11-28 09:00:00-06:00,523.8,1027.58,80.9,21.15,0.34
2026-11-28 10:00:00-06:00,687.4,1011.24,90.2,23.35,0.97
2026-11-28 11:00:00-06:00,789.75,988.23,96.2,25.16,1.31
2026-11-28 12:00:00-06:00,817.8,954.45,95.1,26.53,1.45
2026-11-28 13:00:00-06:00,755.55,860.92,107.35,27.54,1.52
2026-11-28 14:00:00-06:00,621.6,756.73,100.0,28.1,1.59
2026-11-28 15:00:00-06:00,429.05,580.51,97.8,28.3,1.72
2026-11-28 16:00:00-06:00,254.25,470.95,63.5,27.59,1.45
2026-11-28 17:00:00-06:00,60.6,191.38,21.6,26.71,0.9
2026-11-28 18:00:00-06:00,0.0,0.0,0.0,25.05,0.14
2026-11-28 19:00:00-06:00,0.0,0.0,0.0,23.72,1.45
2026-11-28 20:00:00-06:00,0.0,0.0,0.0,22.15,1.86
2026-11-28 21:00:00-06:00,0.0,0.0,0.0,20.33,1.72
2026-11-28 22:00:00-06:00,0.0,0.0,0.0,19.19,1.66
2026-11-28 23:00:00-06:00,0.0,0.0,0.0,18.18,1.66
2026-11-29 00:00:00-06:00,0.0,0.0,0.0,17.32,1.66
2026-11-29 01:00:00-06:00,0.0,0.0,0.0,16.64,1.66
2026-11-29 02:00:00-06:00,0.0,0.0,0.0,15.86,1.59
2026-11-29 03:00:00-06:00,0.0,0.0,0.0,15.38,1.52
2026-11-29 04:00:00-06:00,0.0,0.0,0.0,14.85,1.52
2026-11-29 05:00:00-06:00,0.0,0.0,0.0,14.42,1.52
2026-11-29 06:00:00-06:00,0.0,0.0,0.0,13.81,1.45
2026-11-29 07:00:00-06:00,33.85,0.0,33.85,13.3,1.38
2026-11-29 08:00:00-06:00,306.9,1023.54,69.95,15.12,0.9
2026-11-29 09:00:00-06:00,518.9,1022.11,81.0,20.95,0.28
2026-11-29 10:00:00-06:00,683.45,1009.44,89.85,23.34,1.17
2026-11-29 11:00:00-06:00,785.55,987.58,94.75,25.11,1.45
2026-11-29 12:00:00-06:00,818.55,957.83,95.25,26.54,1.59
2026-11-29 13:00:00-06:00,774.15,907.04,92.75,27.54,1.86
2026-11-29 14:00:00-06:00,641.45,795.9,93.85,28.17,1.72
2026-11-29 15:00:00-06:00,432.9,602.48,89.6,28.31,1.72
2026-11-29 16:00:00-06:00,212.85,365.74,64.85,27.63,1.38
2026-11-29 17:00:00-06:00,53.35,161.91,20.35,26.51,0.76
2026-11-29 18:00:00-06:00,0.0,0.0,0.0,25.23,0.21
2026-11-29 19:00:00-06:00,0.0,0.0,0.0,23.9,1.38
2026-11-29 20:00:00-06:00,0.0,0.0,0.0,22.18,1.86
2026-11-29 21:00:00-06:00,0.0,0.0,0.0,20.87,1.72
2026-11-29 22:00:00-06:00,0.0,0.0,0.0,19.71,1.72
2026-11-29 23:00:00-06:00,0.0,0.0,0.0,18.82,1.66
2026-11-30 00:00:00-06:00,0.0,0.0,0.0,18.12,1.59
2026-11-30 01:00:00-06:00,0.0,0.0,0.0,17.51,1.38
2026-11-30 02:00:00-06:00,0.0,0.0,0.0,16.7,1.31
2026-11-30 03:00:00-06:00,0.0,0.0,0.0,16.16,1.24
2026-11-30 04:00:00-06:00,0.0,0.0,0.0,15.9,1.31
2026-11-30 05:00:00-06:00,0.0,0.0,0.0,16.18,1.17
2026-11-30 06:00:00-06:00,0.0,0.0,0.0,16.34,1.17
2026-11-30 07:00:00-06:00,31.4,0.0,31.4,16.45,1.1
2026-11-30 08:00:00-06:00,212.65,498.74,98.45,17.55,0.62
2026-11-30 09:00:00-06:00,412.35,676.14,124.4,20.78,0.14
2026-11-30 10:00:00-06:00,497.75,585.4,154.95,26.71,1.15
2026-11-30 11:00:00-06:00,595.6,605.69,173.3,26.06,1.18
2026-11-30 12:00:00-06:00,539.4,497.63,164.6,25.41,1.21
2026-11-30 13:00:00-06:00,467.55,390.05,175.15,24.76,1.24
2026-11-30 14:00:00-06:00,423.65,442.82,119.5,24.11,1.27
2026-11-30 15:00:00-06:00,283.1,305.23,109.4,23.46,1.3
2026-11-30 16:00:00-06:00,133.8,163.83,67.55,22.8,1.33
2026-11-30 17:00:00-06:00,33.15,89.24,14.95,22.15,1.36
2026-11-30 18:00:00-06:00,0.0,0.0,0.0,21.5,1.39
2026-11-30 19:00:00-06:00,0.0,0.0,0.0,20.85,1.42
2026-11-30 20:00:00-06:00,0.0,0.0,0.0,20.2,1.44
2026-11-30 21:00:00-06:00,0.0,0.0,0.0,19.55,1.47
2026-11-30 22:00:00-06:00,0.0,0.0,0.0,18.9,1.5
2026-11-30 23:00:00-06:00,0.0,0.0,0.0,18.25,1.53
2026-12-01 00:00:00-06:00,0.0,0.0,0.0,17.6,1.56
2026-12-01 01:00:00-06:00,0.0,0.0,0.0,16.95,1.59
2026-12-01 02:00:00-06:00,0.0,0.0,0.0,14.77,1.66
2026-12-01 03:00:00-06:00,0.0,0.0,0.0,14.23,1.59
2026-12-01 04:00:00-06:00,0.0,0.0,0.0,13.65,1.59
2026-12-01 05:00:00-06:00,0.0,0.0,0.0,13.12,1.52
2026-12-01 06:00:00-06:00,0.0,0.0,0.0,12.83,1.52
2026-12-01 07:00:00-06:00,32.05,0.0,32.05,12.43,1.59
2026-12-01 08:00:00-06:00,302.95,1030.89,66.9,13.9,1.17
2026-12-01 09:00:00-06:00,510.6,1003.82,83.1,20.32,0.07
2026-12-01 10:00:00-06:00,679.25,1005.24,90.6,22.82,0.9
2026-12-01 11:00:00-06:00,788.35,995.96,93.95,24.49,1.03
2026-12-01 12:00:00-06:00,822.9,965.91,95.4,25.95,0.9
2026-12-01 13:00:00-06:00,747.0,871.49,93.7,27.07,0.97
2026-12-01 14:00:00-06:00,634.9,772.15,104.55,27.67,0.83
2026-12-01 15:00:00-06:00,460.5,640.06,96.25,27.72,0.62
2026-12-01 16:00:00-06:00,235.3,418.43,66.1,27.33,0.55
2026-12-01 17:00:00-06:00,51.85,152.01,20.85,26.3,0.07
2026-12-01 18:00:00-06:00,0.0,0.0,0.0,24.98,0.34
2026-12-01 19:00:00-06:00,0.0,0.0,0.0,22.94,0.76
2026-12-01 20:00:00-06:00,0.0,0.0,0.0,20.92,1.45
2026-12-01 21:00:00-06:00,0.0,0.0,0.0,20.07,1.86
2026-12-01 22:00:00-06:00,0.0,0.0,0.0,19.03,1.86
2026-12-01 23:00:00-06:00,0.0,0.0,0.0,17.43,1.59
2026-12-02 00:00:00-06:00,0.0,0.0,0.0,16.35,1.45
2026-12-02 01:00:00-06:00,0.0,0.0,0.0,16.0,1.31
2026-12-02 02:00:00-06:00,0.0,0.0,0.0,15.51,1.38
2026-12-02 03:00:00-06:00,0.0,0.0,0.0,15.22,1.45
2026-12-02 04:00:00-06:00,0.0,0.0,0.0,15.02,1.45
2026-12-02 05:00:00-06:00,0.0,0.0,0.0,14.14,1.45
2026-12-02 06:00:00-06:00,0.0,0.0,0.0,13.39,1.38
2026-12-02 07:00:00-06:00,30.2,0.0,30.2,12.82,1.38
2026-12-02 08:00:00-06:00,292.9,970.3,73.15,14.78,0.9
2026-12-02 09:00:00-06:00,498.3,953.69,94.55,20.41,0.21
2026-12-02 10:00:00-06:00,662.45,971.0,96.2,22.49,0.83
2026-12-02 11:00:00-06:00,751.55,926.89,107.35,24.11,1.1
2026-12-02 12:00:00-06:00,738.75,819.74,122.9,25.37,1.1
2026-12-02 13:00:00-06:00,728.9,834.57,104.55,26.02,1.03
2026-12-02 14:00:00-06:00,570.45,674.0,108.25,26.53,0.69
2026-12-02 15:00:00-06:00,405.15,560.66,86.45,26.68,0.48
2026-12-02 16:00:00-06:00,214.4,352.45,71.95,25.9,0.55
2026-12-02 17:00:00-06:00,53.8,159.95,21.15,24.44,1.1
2026-12-02 18:00:00-06:00,0.0,0.0,0.0,23.33,1.72
2026-12-02 19:00:00-06:00,0.0,0.0,0.0,21.81,1.79
2026-12-02 20:00:00-06:00,0.0,0.0,0.0,20.33,1.93
2026-12-02 21:00:00-06:00,0.0,0.0,0.0,18.97,1.93
2026-12-02 22:00:00-06:00,0.0,0.0,0.0,18.25,1.72
2026-12-02 23:00:00-06:00,0.0,0.0,0.0,17.34,1.59
2026-12-03 00:00:00-06:00,0.0,0.0,0.0,16.52,1.59
2026-12-03 01:00:00-06:00,0.0,0.0,0.0,16.57,1.45
2026-12-03 02:00:00-06:00,0.0,0.0,0.0,15.99,1.59
2026-12-03 03:00:00-06:00,0.0,0.0,0.0,15.22,1.66
2026-12-03 04:00:00-06:00,0.0,0.0,0.0,14.52,1.52
2026-12-03 05:00:00-06:00,0.0,0.0,0.0,13.87,1.45
2026-12-03 06:00:00-06:00,0.0,0.0,0.0,13.41,1.45
2026-12-03 07:00:00-06:00,30.2,0.0,30.2,12.97,1.52
2026-12-03 08:00:00-06:00,270.95,888.17,72.0,14.58,1.1
2026-12-03 09:00:00-06:00,505.45,1009.57,80.55,19.53,0.21
2026-12-03 10:00:00-06:00,666.45,989.68,91.65,21.83,0.48
2026-12-03 11:00:00-06:00,762.05,950.84,103.25,23.56,0.76
2026-12-03 12:00:00-06:00,784.8,895.54,113.65,25.05,0.97
2026-12-03 13:00:00-06:00,738.5,856.41,99.05,26.09,1.31
2026-12-03 14:00:00-06:00,607.65,738.38,102.05,26.77,1.38
2026-12-03 15:00:00-06:00,433.8,579.35,104.8,26.99,1.31
2026-12-03 16:00:00-06:00,225.5,383.87,70.4,26.18,1.03
2026-12-03 17:00:00-06:00,54.85,144.81,25.25,25.38,0.76
2026-12-03 18:00:00-06:00,0.0,0.0,0.0,24.09,1.31
2026-12-03 19:00:00-06:00,0.0,0.0,0.0,22.03,1.72
2026-12-03 20:00:00-06:00,0.0,0.0,0.0,20.14,1.66
2026-12-03 21:00:00-06:00,0.0,0.0,0.0,18.87,1.52
2026-12-03 22:00:00-06:00,0.0,0.0,0.0,17.92,1.66
2026-12-03 23:00:00-06:00,0.0,0.0,0.0,17.46,1.66
2026-12-04 00:00:00-06:00,0.0,0.0,0.0,16.79,1.59
2026-12-04 01:00:00-06:00,0.0,0.0,0.0,16.09,1.31
2026-12-04 02:00:00-06:00,0.0,0.0,0.0,15.01,1.31
2026-12-04 03:00:00-06:00,0.0,0.0,0.0,14.13,1.31
2026-12-04 04:00:00-06:00,0.0,0.0,0.0,13.32,1.38
2026-12-04 05:00:00-06:00,0.0,0.0,0.0,12.78,1.38
2026-12-04 06:00:00-06:00,0.0,0.0,0.0,12.32,1.38
2026-12-04 07:00:00-06:00,33.9,0.0,33.9,12.1,1.38
2026-12-04 08:00:00-06:00,275.4,860.3,84.8,14.49,0.9
2026-12-04 09:00:00-06:00,449.4,707.89,153.2,19.51,0.07
2026-12-04 10:00:00-06:00,626.8,852.33,133.75,21.3,0.48
2026-12-04 11:00:00-06:00,705.85,785.43,163.3,23.05,0.69
2026-12-04 12:00:00-06:00,741.6,765.71,169.1,24.49,0.83
2026-12-04 13:00:00-06:00,677.5,690.33,163.0,25.65,1.03
2026-12-04 14:00:00-06:00,567.45,664.15,113.3,26.36,1.31
2026-12-04 15:00:00-06:00,414.25,548.38,103.1,26.58,1.24
2026-12-04 16:00:00-06:00,244.6,435.77,68.55,26.42,0.97
2026-12-04 17:00:00-06:00,60.4,171.19,25.35,25.78,0.55
2026-12-04 18:00:00-06:00,0.0,0.0,0.0,24.66,0.0
2026-12-04 19:00:00-06:00,0.0,0.0,0.0,22.35,1.1
2026-12-04 20:00:00-06:00,0.0,0.0,0.0,20.76,1.66
2026-12-04 21:00:00-06:00,0.0,0.0,0.0,19.19,1.86
2026-12-04 22:00:00-06:00,0.0,0.0,0.0,17.6,1.72
2026-12-04 23:00:00-06:00,0.0,0.0,0.0,16.57,1.66
2026-12-05 00:00:00-06:00,0.0,0.0,0.0,15.87,1.66
2026-12-05 01:00:00-06:00,0.0,0.0,0.0,15.13,1.59
2026-12-05 02:00:00-06:00,0.0,0.0,0.0,14.42,1.66
2026-12-05 03:00:00-06:00,0.0,0.0,0.0,13.8,1.59
2026-12-05 04:00:00-06:00,0.0,0.0,0.0,13.23,1.59
2026-12-05 05:00:00-06:00,0.0,0.0,0.0,12.78,1.59
2026-12-05 06:00:00-06:00,0.0,0.0,0.0,12.43,1.59
2026-12-05 07:00:00-06:00,0.0,0.0,0.0,12.19,1.59
2026-12-05 08:00:00-06:00,282.25,960.85,71.7,13.67,1.17
2026-12-05 09:00:00-06:00,493.55,959.56,94.35,20.03,0.21
2026-12-05 10:00:00-06:00,664.9,982.9,98.55,22.7,0.55
2026-12-05 11:00:00-06:00,757.9,942.66,108.65,24.55,0.97
2026-12-05 12:00:00-06:00,791.3,923.29,102.55,25.96,1.1
2026-12-05 13:00:00-06:00,753.3,868.81,106.9,26.85,1.1
2026-12-05 14:00:00-06:00,630.25,786.87,92.85,27.51,1.1
2026-12-05 15:00:00-06:00,463.15,680.15,77.5,27.57,0.9
2026-12-05 16:00:00-06:00,259.0,486.34,62.5,27.17,0.48
2026-12-05 17:00:00-06:00,64.3,201.78,22.9,26.23,0.28
2026-12-05 18:00:00-06:00,0.0,0.0,0.0,24.93,0.69
2026-12-05 19:00:00-06:00,0.0,0.0,0.0,22.73,1.52
2026-12-05 20:00:00-06:00,0.0,0.0,0.0,21.08,1.79
2026-12-05 21:00:00-06:00,0.0,0.0,0.0,19.34,1.86
2026-12-05 22:00:00-06:00,0.0,0.0,0.0,18.09,1.79
2026-12-05 23:00:00-06:00,0.0,0.0,0.0,16.95,1.72
2026-12-06 00:00:00-06:00,0.0,0.0,0.0,15.88,1.52
2026-12-06 01:00:00-06:00,0.0,0.0,0.0,15.79,1.38
2026-12-06 02:00:00-06:00,0.0,0.0,0.0,16.43,1.31
2026-12-06 03:00:00-06:00,0.0,0.0,0.0,16.58,1.24
2026-12-06 04:00:00-06:00,0.0,0.0,0.0,16.08,1.31
2026-12-06 05:00:00-06:00,0.0,0.0,0.0,15.63,1.31
2026-12-06 06:00:00-06:00,0.0,0.0,0.0,15.52,1.24
2026-12-06 07:00:00-06:00,0.0,0.0,0.0,15.59,1.1
2026-12-06 08:00:00-06:00,177.6,433.01,83.75,16.91,0.83
2026-12-06 09:00:00-06:00,372.35,568.58,137.15,18.8,0.14
2026-12-06 10:00:00-06:00,496.85,522.14,197.15,20.79,0.69
2026-12-06 11:00:00-06:00,619.7,654.43,170.25,21.9,0.62
2026-12-06 12:00:00-06:00,620.75,590.38,181.3,23.1,0.55
2026-12-06 13:00:00-06:00,620.15,606.7,169.5,23.78,0.55
2026-12-06 14:00:00-06:00,568.4,651.5,123.95,24.37,0.62
2026-12-06 15:00:00-06:00,401.75,531.15,100.75,24.88,0.69
2026-12-06 16:00:00-06:00,206.25,322.77,75.8,24.58,0.69
2026-12-06 17:00:00-06:00,54.6,152.18,23.3,23.78,0.41
2026-12-06 18:00:00-06:00,0.0,0.0,0.0,22.85,0.41
2026-12-06 19:00:00-06:00,0.0,0.0,0.0,21.24,0.83
2026-12-06 20:00:00-06:00,0.0,0.0,0.0,19.95,1.17
2026-12-06 21:00:00-06:00,0.0,0.0,0.0,19.04,1.31
2026-12-06 22:00:00-06:00,0.0,0.0,0.0,18.07,1.45
2026-12-06 23:00:00-06:00,0.0,0.0,0.0,17.25,1.24
2026-12-07 00:00:00-06:00,0.0,0.0,0.0,16.58,1.1
2026-12-07 01:00:00-06:00,0.0,0.0,0.0,16.53,0.83
2026-12-07 02:00:00-06:00,0.0,0.0,0.0,16.3,0.69
2026-12-07 03:00:00-06:00,0.0,0.0,0.0,15.66,0.76
2026-12-07 04:00:00-06:00,0.0,0.0,0.0,14.56,1.17
2026-12-07 05:00:00-06:00,0.0,0.0,0.0,14.27,1.17
2026-12-07 06:00:00-06:00,0.0,0.0,0.0,13.94,1.17
2026-12-07 07:00:00-06:00,0.0,0.0,0.0,13.56,1.1
2026-12-07 08:00:00-06:00,218.55,598.93,90.15,14.85,0.69
2026-12-07 09:00:00-06:00,450.1,774.16,131.65,18.72,0.21
2026-12-07 10:00:00-06:00,548.6,684.56,157.15,20.7,0.55
2026-12-07 11:00:00-06:00,670.55,765.6,146.2,22.04,0.83
2026-12-07 12:00:00-06:00,652.05,685.84,142.6,23.51,0.9
2026-12-07 13:00:00-06:00,564.7,557.53,151.2,23.95,1.17
2026-12-07 14:00:00-06:00,530.9,569.54,142.75,24.35,1.31
2026-12-07 15:00:00-06:00,291.25,312.55,114.2,24.53,1.38
2026-12-07 16:00:00-06:00,175.0,218.86,86.5,23.61,1.31
2026-12-07 17:00:00-06:00,36.4,26.91,30.85,22.91,1.17
2026-12-07 18:00:00-06:00,0.0,0.0,0.0,21.95,0.48
2026-12-07 19:00:00-06:00,0.0,0.0,0.0,20.35,0.62
2026-12-07 20:00:00-06:00,0.0,0.0,0.0,18.94,1.03
2026-12-07 21:00:00-06:00,0.0,0.0,0.0,17.76,1.24
2026-12-07 22:00:00-06:00,0.0,0.0,0.0,17.12,1.45
2026-12-07 23:00:00-06:00,0.0,0.0,0.0,16.29,1.38
2026-12-08 00:00:00-06:00,0.0,0.0,0.0,15.57,1.38
2026-12-08 01:00:00-06:00,0.0,0.0,0.0,15.03,1.17
2026-12-08 02:00:00-06:00,0.0,0.0,0.0,14.68,1.1
2026-12-08 03:00:00-06:00,0.0,0.0,0.0,14.47,1.17
2026-12-08 04:00:00-06:00,0.0,0.0,0.0,14.13,1.24
2026-12-08 05:00:00-06:00,0.0,0.0,0.0,14.02,1.17
2026-12-08 06:00:00-06:00,0.0,0.0,0.0,13.46,1.31
2026-12-08 07:00:00-06:00,0.0,0.0,0.0,12.93,1.31
2026-12-08 08:00:00-06:00,246.95,819.36,73.2,14.1,0.9
2026-12-08 09:00:00-06:00,447.35,873.31,90.1,18.96,0.14
2026-12-08 10:00:00-06:00,594.85,839.88,116.35,21.25,0.55
2026-12-08 11:00:00-06:00,676.55,805.28,126.5,22.9,0.9
2026-12-08 12:00:00-06:00,614.2,587.38,178.75,24.16,0.83
2026-12-08 13:00:00-06:00,650.1,639.67,176.35,24.8,0.69
2026-12-08 14:00:00-06:00,506.1,436.47,208.9,25.62,0.9
2026-12-08 15:00:00-06:00,387.15,373.46,175.65,25.62,0.9
2026-12-08 16:00:00-06:00,215.7,287.29,99.45,25.34,0.62
2026-12-08 17:00:00-06:00,54.5,158.29,21.75,24.4,0.0
2026-12-08 18:00:00-06:00,0.0,0.0,0.0,23.29,0.55
2026-12-08 19:00:00-06:00,0.0,0.0,0.0,21.6,1.17
2026-12-08 20:00:00-06:00,0.0,0.0,0.0,20.7,1.72
2026-12-08 21:00:00-06:00,0.0,0.0,0.0,18.62,1.79
2026-12-08 22:00:00-06:00,0.0,0.0,0.0,17.31,1.72
2026-12-08 23:00:00-06:00,0.0,0.0,0.0,16.55,1.45
2026-12-09 00:00:00-06:00,0.0,0.0,0.0,15.78,1.31
2026-12-09 01:00:00-06:00,0.0,0.0,0.0,15.26,1.31
2026-12-09 02:00:00-06:00,0.0,0.0,0.0,14.93,1.17
2026-12-09 03:00:00-06:00,0.0,0.0,0.0,14.96,1.24
2026-12-09 04:00:00-06:00,0.0,0.0,0.0,14.91,1.31
2026-12-09 05:00:00-06:00,0.0,0.0,0.0,14.48,1.45
2026-12-09 06:00:00-06:00,0.0,0.0,0.0,14.07,1.38
2026-12-09 07:00:00-06:00,0.0,0.0,0.0,13.83,1.24
2026-12-09 08:00:00-06:00,184.25,262.43,129.2,14.81,0.97
2026-12-09 09:00:00-06:00,389.55,485.68,191.95,18.53,0.21
2026-12-09 10:00:00-06:00,610.15,820.17,144.55,20.69,0.07
2026-12-09 11:00:00-06:00,730.4,894.4,121.05,22.72,0.28
2026-12-09 12:00:00-06:00,689.55,643.76,213.2,24.37,0.69
2026-12-09 13:00:00-06:00,690.4,748.53,136.75,25.53,1.03
2026-12-09 14:00:00-06:00,594.3,678.93,132.35,26.13,1.31
2026-12-09 15:00:00-06:00,432.85,597.59,94.45,26.39,1.31
2026-12-09 16:00:00-06:00,234.0,410.97,67.55,26.01,1.1
2026-12-09 17:00:00-06:00,59.4,176.28,22.8,25.11,0.69
2026-12-09 18:00:00-06:00,0.0,0.0,0.0,23.98,0.21
2026-12-09 19:00:00-06:00,0.0,0.0,0.0,22.04,0.69
2026-12-09 20:00:00-06:00,0.0,0.0,0.0,20.35,0.97
2026-12-09 21:00:00-06:00,0.0,0.0,0.0,19.28,1.1
2026-12-09 22:00:00-06:00,0.0,0.0,0.0,19.74,0.9
2026-12-09 23:00:00-06:00,0.0,0.0,0.0,19.93,0.28
2026-12-10 00:00:00-06:00,0.0,0.0,0.0,18.98,0.21
2026-12-10 01:00:00-06:00,0.0,0.0,0.0,17.6,0.83
2026-12-10 02:00:00-06:00,0.0,0.0,0.0,16.26,0.83
2026-12-10 03:00:00-06:00,0.0,0.0,0.0,15.27,0.97
2026-12-10 04:00:00-06:00,0.0,0.0,0.0,14.34,1.17
2026-12-10 05:00:00-06:00,0.0,0.0,0.0,13.28,1.31
2026-12-10 06:00:00-06:00,0.0,0.0,0.0,12.8,1.52
2026-12-10 07:00:00-06:00,0.0,0.0,0.0,12.48,1.59
2026-12-10 08:00:00-06:00,270.0,908.84,81.4,13.52,1.24
2026-12-10 09:00:00-06:00,493.9,1011.04,84.75,18.56,0.34
2026-12-10 10:00:00-06:00,663.85,1012.9,90.85,21.35,0.55
2026-12-10 11:00:00-06:00,769.4,983.58,100.95,23.34,0.76
2026-12-10 12:00:00-06:00,811.05,968.47,95.7,24.97,0.97
2026-12-10 13:00:00-06:00,783.3,926.48,98.85,26.36,0.9
2026-12-10 14:00:00-06:00,637.2,788.91,100.75,27.17,1.03
2026-12-10 15:00:00-06:00,459.85,650.98,91.2,27.25,1.03
2026-12-10 16:00:00-06:00,254.8,449.12,72.7,26.84,0.97
2026-12-10 17:00:00-06:00,66.85,197.92,25.6,25.89,0.48
2026-12-10 18:00:00-06:00,0.0,0.0,0.0,24.7,0.48
2026-12-10 19:00:00-06:00,0.0,0.0,0.0,22.41,1.24
2026-12-10 20:00:00-06:00,0.0,0.0,0.0,21.17,1.79
2026-12-10 21:00:00-06:00,0.0,0.0,0.0,19.22,2.0
2026-12-10 22:00:00-06:00,0.0,0.0,0.0,17.58,1.86
2026-12-10 23:00:00-06:00,0.0,0.0,0.0,16.86,1.79
2026-12-11 00:00:00-06:00,0.0,0.0,0.0,15.97,1.72
2026-12-11 01:00:00-06:00,0.0,0.0,0.0,15.5,1.66
2026-12-11 02:00:00-06:00,0.0,0.0,0.0,14.99,1.66
2026-12-11 03:00:00-06:00,0.0,0.0,0.0,14.09,1.59
2026-12-11 04:00:00-06:00,0.0,0.0,0.0,13.39,1.59
2026-12-11 05:00:00-06:00,0.0,0.0,0.0,12.82,1.66
2026-12-11 06:00:00-06:00,0.0,0.0,0.0,12.26,1.59
2026-12-11 07:00:00-06:00,0.0,0.0,0.0,11.78,1.59
2026-12-11 08:00:00-06:00,282.3,1073.27,61.95,13.06,1.17
2026-12-11 09:00:00-06:00,482.7,997.49,81.15,19.55,0.34
2026-12-11 10:00:00-06:00,660.0,1012.35,89.25,22.72,0.76
2026-12-11 11:00:00-06:00,767.85,993.15,94.5,24.73,1.24
2026-12-11 12:00:00-06:00,803.3,956.73,97.8,26.26,1.45
2026-12-11 13:00:00-06:00,768.35,910.74,96.25,27.42,1.38
2026-12-11 14:00:00-06:00,650.95,817.26,95.5,28.09,1.17
2026-12-11 15:00:00-06:00,459.2,628.34,103.3,28.27,1.17
2026-12-11 16:00:00-06:00,216.1,370.46,65.7,27.83,1.17
2026-12-11 17:00:00-06:00,54.8,140.47,25.4,26.78,0.69
2026-12-11 18:00:00-06:00,0.0,0.0,0.0,25.78,0.62
2026-12-11 19:00:00-06:00,0.0,0.0,0.0,23.68,1.31
2026-12-11 20:00:00-06:00,0.0,0.0,0.0,22.02,1.72
2026-12-11 21:00:00-06:00,0.0,0.0,0.0,20.03,1.72
2026-12-11 22:00:00-06:00,0.0,0.0,0.0,17.86,1.38
2026-12-11 23:00:00-06:00,0.0,0.0,0.0,16.83,1.03
2026-12-12 00:00:00-06:00,0.0,0.0,0.0,17.84,0.55
2026-12-12 01:00:00-06:00,0.0,0.0,0.0,17.51,0.76
2026-12-12 02:00:00-06:00,0.0,0.0,0.0,15.53,1.17
2026-12-12 03:00:00-06:00,0.0,0.0,0.0,14.3,1.38
2026-12-12 04:00:00-06:00,0.0,0.0,0.0,13.59,1.38
2026-12-12 05:00:00-06:00,0.0,0.0,0.0,13.02,1.31
2026-12-12 06:00:00-06:00,0.0,0.0,0.0,12.81,1.17
2026-12-12 07:00:00-06:00,0.0,0.0,0.0,12.37,1.31
2026-12-12 08:00:00-06:00,275.6,1048.07,62.7,13.93,0.97
2026-12-12 09:00:00-06:00,487.0,1014.5,80.7,19.3,0.34
2026-12-12 10:00:00-06:00,654.3,1003.95,90.15,21.81,0.9
2026-12-12 11:00:00-06:00,760.45,976.56,99.85,23.72,1.24
2026-12-12 12:00:00-06:00,791.6,933.64,104.2,25.27,1.52
2026-12-12 13:00:00-06:00,748.15,875.34,102.8,26.38,1.38
2026-12-12 14:00:00-06:00,630.6,777.6,102.3,27.17,1.45
2026-12-12 15:00:00-06:00,435.55,601.12,94.95,27.53,1.86
2026-12-12 16:00:00-06:00,269.3,496.57,67.4,27.09,1.79
2026-12-12 17:00:00-06:00,67.9,212.14,23.3,26.48,1.31
2026-12-12 18:00:00-06:00,0.0,0.0,0.0,25.21,0.34
2026-12-12 19:00:00-06:00,0.0,0.0,0.0,23.44,0.97
2026-12-12 20:00:00-06:00,0.0,0.0,0.0,21.91,1.66
2026-12-12 21:00:00-06:00,0.0,0.0,0.0,19.66,1.86
2026-12-12 22:00:00-06:00,0.0,0.0,0.0,17.77,1.72
2026-12-12 23:00:00-06:00,0.0,0.0,0.0,16.72,1.72
2026-12-13 00:00:00-06:00,0.0,0.0,0.0,16.05,1.72
2026-12-13 01:00:00-06:00,0.0,0.0,0.0,15.72,1.66
2026-12-13 02:00:00-06:00,0.0,0.0,0.0,15.12,1.66
2026-12-13 03:00:00-06:00,0.0,0.0,0.0,14.45,1.66
2026-12-13 04:00:00-06:00,0.0,0.0,0.0,13.76,1.66
2026-12-13 05:00:00-06:00,0.0,0.0,0.0,13.1,1.59
2026-12-13 06:00:00-06:00,0.0,0.0,0.0,12.6,1.52
2026-12-13 07:00:00-06:00,0.0,0.0,0.0,12.15,1.52
2026-12-13 08:00:00-06:00,276.0,1060.16,62.9,13.41,1.1
2026-12-13 09:00:00-06:00,487.3,1025.65,78.6,19.66,0.21
2026-12-13 10:00:00-06:00,656.8,1014.02,88.8,22.68,0.83
2026-12-13 11:00:00-06:00,764.25,992.98,94.0,24.52,1.17
2026-12-13 12:00:00-06:00,802.85,962.68,95.1,25.92,1.31
2026-12-13 13:00:00-06:00,766.8,915.04,92.75,27.12,1.38
2026-12-13 14:00:00-06:00,660.05,844.04,86.75,27.77,1.31
2026-12-13 15:00:00-06:00,491.5,726.33,79.75,27.99,1.17
2026-12-13 16:00:00-06:00,264.7,473.51,71.85,27.7,1.03
2026-12-13 17:00:00-06:00,69.25,208.76,25.15,26.63,0.48
2026-12-13 18:00:00-06:00,0.0,0.0,0.0,25.1,0.41
2026-12-13 19:00:00-06:00,0.0,0.0,0.0,23.22,1.17
2026-12-13 20:00:00-06:00,0.0,0.0,0.0,21.56,1.86
2026-12-13 21:00:00-06:00,0.0,0.0,0.0,20.0,2.0
2026-12-13 22:00:00-06:00,0.0,0.0,0.0,18.24,1.93
2026-12-13 23:00:00-06:00,0.0,0.0,0.0,17.1,1.79
2026-12-14 00:00:00-06:00,0.0,0.0,0.0,16.26,1.79
2026-12-14 01:00:00-06:00,0.0,0.0,0.0,15.83,1.72
2026-12-14 02:00:00-06:00,0.0,0.0,0.0,15.16,1.66
2026-12-14 03:00:00-06:00,0.0,0.0,0.0,14.54,1.66
2026-12-14 04:00:00-06:00,0.0,0.0,0.0,13.9,1.59
2026-12-14 05:00:00-06:00,0.0,0.0,0.0,13.37,1.52
2026-12-14 06:00:00-06:00,0.0,0.0,0.0,12.87,1.52
2026-12-14 07:00:00-06:00,0.0,0.0,0.0,12.45,1.52
2026-12-14 08:00:00-06:00,272.9,1057.43,62.55,13.67,1.03
2026-12-14 09:00:00-06:00,482.5,1015.2,79.95,19.79,0.07
2026-12-14 10:00:00-06:00,651.3,1005.42,89.85,22.76,0.97
2026-12-14 11:00:00-06:00,759.95,987.31,94.9,24.7,1.38
2026-12-14 12:00:00-06:00,795.9,948.72,99.35,26.21,1.72
2026-12-14 13:00:00-06:00,761.25,905.04,95.05,27.35,1.93
2026-12-14 14:00:00-06:00,617.65,756.16,104.1,28.12,1.79
2026-12-14 15:00:00-06:00,474.2,692.45,81.4,28.38,1.86
2026-12-14 16:00:00-06:00,267.55,490.64,67.35,28.24,1.66
2026-12-14 17:00:00-06:00,67.35,206.98,23.4,27.36,1.1
2026-12-14 18:00:00-06:00,0.0,0.0,0.0,26.06,0.62
2026-12-14 19:00:00-06:00,0.0,0.0,0.0,25.09,0.41
2026-12-14 20:00:00-06:00,0.0,0.0,0.0,22.12,1.31
2026-12-14 21:00:00-06:00,0.0,0.0,0.0,20.75,1.86
2026-12-14 22:00:00-06:00,0.0,0.0,0.0,18.23,1.72
2026-12-14 23:00:00-06:00,0.0,0.0,0.0,16.94,1.66
2026-12-15 00:00:00-06:00,0.0,0.0,0.0,16.21,1.72
2026-12-15 01:00:00-06:00,0.0,0.0,0.0,15.56,1.66
2026-12-15 02:00:00-06:00,0.0,0.0,0.0,14.82,1.66
2026-12-15 03:00:00-06:00,0.0,0.0,0.0,14.16,1.59
2026-12-15 04:00:00-06:00,0.0,0.0,0.0,13.59,1.59
2026-12-15 05:00:00-06:00,0.0,0.0,0.0,13.09,1.59
2026-12-15 06:00:00-06:00,0.0,0.0,0.0,12.71,1.52
2026-12-15 07:00:00-06:00,0.0,0.0,0.0,12.3,1.52
2026-12-15 08:00:00-06:00,275.0,1087.68,60.85,13.51,1.17
2026-12-15 09:00:00-06:00,487.8,1036.43,78.8,19.73,0.21
2026-12-15 10:00:00-06:00,654.25,1011.0,91.35,22.6,0.69
2026-12-15 11:00:00-06:00,741.75,957.47,98.05,24.48,0.97
2026-12-15 12:00:00-06:00,761.45,866.7,125.9,25.81,1.03
2026-12-15 13:00:00-06:00,694.5,774.22,124.95,26.64,1.17
2026-12-15 14:00:00-06:00,620.35,737.3,119.6,27.38,1.17
2026-12-15 15:00:00-06:00,418.6,594.84,80.9,27.62,1.1
2026-12-15 16:00:00-06:00,267.3,491.1,66.5,27.35,0.83
2026-12-15 17:00:00-06:00,72.3,215.0,26.4,26.59,0.28
2026-12-15 18:00:00-06:00,0.0,0.0,0.0,25.11,0.41
2026-12-15 19:00:00-06:00,0.0,0.0,0.0,22.99,0.97
2026-12-15 20:00:00-06:00,0.0,0.0,0.0,20.98,1.38
2026-12-15 21:00:00-06:00,0.0,0.0,0.0,19.48,1.66
2026-12-15 22:00:00-06:00,0.0,0.0,0.0,18.3,1.79
2026-12-15 23:00:00-06:00,0.0,0.0,0.0,17.3,1.72
2026-12-16 00:00:00-06:00,0.0,0.0,0.0,16.49,1.59
2026-12-16 01:00:00-06:00,0.0,0.0,0.0,17.29,1.1
2026-12-16 02:00:00-06:00,0.0,0.0,0.0,17.58,0.97
2026-12-16 03:00:00-06:00,0.0,0.0,0.0,17.03,1.03
2026-12-16 04:00:00-06:00,0.0,0.0,0.0,16.1,1.1
2026-12-16 05:00:00-06:00,0.0,0.0,0.0,15.1,1.24
2026-12-16 06:00:00-06:00,0.0,0.0,0.0,14.55,1.31
2026-12-16 07:00:00-06:00,0.0,0.0,0.0,13.73,1.45
2026-12-16 08:00:00-06:00,235.15,813.76,76.55,14.44,1.24
2026-12-16 09:00:00-06:00,447.5,859.38,109.95,18.53,0.41
2026-12-16 10:00:00-06:00,631.1,965.61,95.0,20.68,0.28
2026-12-16 11:00:00-06:00,668.9,806.71,127.55,22.34,0.62
2026-12-16 12:00:00-06:00,700.7,791.96,120.6,23.36,1.03
2026-12-16 13:00:00-06:00,682.85,765.76,119.8,24.48,1.66
2026-12-16 14:00:00-06:00,555.85,647.24,116.2,25.22,1.66
2026-12-16 15:00:00-06:00,410.2,538.59,104.15,25.32,1.52
2026-12-16 16:00:00-06:00,255.65,439.61,75.5,25.16,1.38
2026-12-16 17:00:00-06:00,59.65,146.48,28.2,24.54,0.9
2026-12-16 18:00:00-06:00,0.0,0.0,0.0,23.12,0.28
2026-12-16 19:00:00-06:00,0.0,0.0,0.0,21.31,0.9
2026-12-16 20:00:00-06:00,0.0,0.0,0.0,19.34,1.31
2026-12-16 21:00:00-06:00,0.0,0.0,0.0,17.89,1.52
2026-12-16 22:00:00-06:00,0.0,0.0,0.0,16.77,1.72
2026-12-16 23:00:00-06:00,0.0,0.0,0.0,15.81,1.86
2026-12-17 00:00:00-06:00,0.0,0.0,0.0,14.84,1.86
2026-12-17 01:00:00-06:00,0.0,0.0,0.0,14.22,1.72
2026-12-17 02:00:00-06:00,0.0,0.0,0.0,13.67,1.72
2026-12-17 03:00:00-06:00,0.0,0.0,0.0,13.05,1.66
2026-12-17 04:00:00-06:00,0.0,0.0,0.0,12.49,1.66
2026-12-17 05:00:00-06:00,0.0,0.0,0.0,12.11,1.66
2026-12-17 06:00:00-06:00,0.0,0.0,0.0,11.76,1.72
2026-12-17 07:00:00-06:00,0.0,0.0,0.0,11.41,1.72
2026-12-17 08:00:00-06:00,254.45,876.11,85.4,12.24,1.38
2026-12-17 09:00:00-06:00,453.25,839.38,125.05,17.83,0.48
2026-12-17 10:00:00-06:00,632.1,898.44,134.65,20.67,0.21
2026-12-17 11:00:00-06:00,722.0,817.58,174.3,22.42,0.62
2026-12-17 12:00:00-06:00,783.4,872.98,144.6,23.75,0.9
2026-12-17 13:00:00-06:00,733.55,805.98,141.15,24.75,1.24
2026-12-17 14:00:00-06:00,668.1,849.95,90.6,25.39,1.31
2026-12-17 15:00:00-06:00,500.6,739.19,80.1,25.68,1.31
2026-12-17 16:00:00-06:00,288.3,540.54,66.25,25.45,1.03
2026-12-17 17:00:00-06:00,77.15,234.49,26.5,24.64,0.48
2026-12-17 18:00:00-06:00,0.0,0.0,0.0,23.26,0.55
2026-12-17 19:00:00-06:00,0.0,0.0,0.0,21.47,1.31
2026-12-17 20:00:00-06:00,0.0,0.0,0.0,19.75,1.86
2026-12-17 21:00:00-06:00,0.0,0.0,0.0,18.03,2.07
2026-12-17 22:00:00-06:00,0.0,0.0,0.0,16.1,1.93
2026-12-17 23:00:00-06:00,0.0,0.0,0.0,14.84,1.93
2026-12-18 00:00:00-06:00,0.0,0.0,0.0,13.97,1.93
2026-12-18 01:00:00-06:00,0.0,0.0,0.0,13.64,1.86
2026-12-18 02:00:00-06:00,0.0,0.0,0.0,13.09,1.79
2026-12-18 03:00:00-06:00,0.0,0.0,0.0,12.6,1.79
2026-12-18 04:00:00-06:00,0.0,0.0,0.0,12.29,1.79
2026-12-18 05:00:00-06:00,0.0,0.0,0.0,11.98,1.79
2026-12-18 06:00:00-06:00,0.0,0.0,0.0,11.63,1.79
2026-12-18 07:00:00-06:00,0.0,0.0,0.0,11.3,1.79
2026-12-18 08:00:00-06:00,197.45,331.3,134.15,11.94,1.52
2026-12-18 09:00:00-06:00,370.5,435.93,200.8,16.82,0.76
2026-12-18 10:00:00-06:00,539.4,515.35,254.8,20.41,0.28
2026-12-18 11:00:00-06:00,687.85,686.65,228.6,22.38,0.83
2026-12-18 12:00:00-06:00,684.15,530.84,296.05,23.91,0.83
2026-12-18 13:00:00-06:00,678.9,587.76,247.0,24.87,0.69
2026-12-18 14:00:00-06:00,497.15,419.14,212.25,25.55,0.69
2026-12-18 15:00:00-06:00,455.9,529.26,154.45,25.44,0.48
2026-12-18 16:00:00-06:00,268.3,412.88,98.25,25.45,0.34
2026-12-18 17:00:00-06:00,74.45,188.86,33.4,24.61,0.07
2026-12-18 18:00:00-06:00,0.0,0.0,0.0,23.23,0.34
2026-12-18 19:00:00-06:00,0.0,0.0,0.0,21.5,1.45
2026-12-18 20:00:00-06:00,0.0,0.0,0.0,19.67,1.79
2026-12-18 21:00:00-06:00,0.0,0.0,0.0,17.79,1.93
2026-12-18 22:00:00-06:00,0.0,0.0,0.0,16.12,1.79
2026-12-18 23:00:00-06:00,0.0,0.0,0.0,14.97,1.59
2026-12-19 00:00:00-06:00,0.0,0.0,0.0,13.79,1.45
2026-12-19 01:00:00-06:00,0.0,0.0,0.0,13.3,1.38
2026-12-19 02:00:00-06:00,0.0,0.0,0.0,12.85,1.52
2026-12-19 03:00:00-06:00,0.0,0.0,0.0,12.37,1.59
2026-12-19 04:00:00-06:00,0.0,0.0,0.0,12.26,1.45
2026-12-19 05:00:00-06:00,0.0,0.0,0.0,12.15,1.45
2026-12-19 06:00:00-06:00,0.0,0.0,0.0,12.24,1.59
2026-12-19 07:00:00-06:00,0.0,0.0,0.0,12.21,1.66
2026-12-19 08:00:00-06:00,226.0,804.85,73.7,12.96,1.31
2026-12-19 09:00:00-06:00,441.5,870.02,104.25,16.67,1.1
2026-12-19 10:00:00-06:00,626.75,921.25,119.25,19.34,0.14
2026-12-19 11:00:00-06:00,724.65,834.78,167.15,21.46,0.69
2026-12-19 12:00:00-06:00,752.6,761.83,196.05,23.18,0.9
2026-12-19 13:00:00-06:00,687.65,689.11,181.35,24.55,1.03
2026-12-19 14:00:00-06:00,585.05,600.74,176.5,25.2,1.03
2026-12-19 15:00:00-06:00,403.15,458.58,141.6,25.3,0.76
2026-12-19 16:00:00-06:00,211.4,262.46,103.0,25.05,0.41
2026-12-19 17:00:00-06:00,54.05,83.42,35.8,24.15,0.14
2026-12-19 18:00:00-06:00,0.0,0.0,0.0,22.99,0.76
2026-12-19 19:00:00-06:00,0.0,0.0,0.0,21.57,1.31
2026-12-19 20:00:00-06:00,0.0,0.0,0.0,19.97,1.31
2026-12-19 21:00:00-06:00,0.0,0.0,0.0,18.17,1.31
2026-12-19 22:00:00-06:00,0.0,0.0,0.0,17.34,1.03
2026-12-19 23:00:00-06:00,0.0,0.0,0.0,18.14,0.55
2026-12-20 00:00:00-06:00,0.0,0.0,0.0,17.36,0.21
2026-12-20 01:00:00-06:00,0.0,0.0,0.0,18.24,0.48
2026-12-20 02:00:00-06:00,0.0,0.0,0.0,16.87,0.76
2026-12-20 03:00:00-06:00,0.0,0.0,0.0,14.74,0.9
2026-12-20 04:00:00-06:00,0.0,0.0,0.0,13.58,1.03
2026-12-20 05:00:00-06:00,0.0,0.0,0.0,12.38,1.38
2026-12-20 06:00:00-06:00,0.0,0.0,0.0,12.36,1.66
2026-12-20 07:00:00-06:00,0.0,0.0,0.0,12.37,1.72
2026-12-20 08:00:00-06:00,237.3,843.46,79.2,13.13,1.45
2026-12-20 09:00:00-06:00,448.85,856.64,118.15,16.67,0.9
2026-12-20 10:00:00-06:00,633.15,951.26,110.35,19.54,0.41
2026-12-20 11:00:00-06:00,709.9,838.99,150.35,21.66,1.03
2026-12-20 12:00:00-06:00,713.85,671.71,223.45,23.25,1.1
2026-12-20 13:00:00-06:00,695.4,675.23,199.3,24.21,0.9
2026-12-20 14:00:00-06:00,609.65,694.24,137.2,24.94,0.62
2026-12-20 15:00:00-06:00,459.05,604.5,113.75,25.31,0.14
2026-12-20 16:00:00-06:00,267.15,436.35,86.4,25.05,0.14
2026-12-20 17:00:00-06:00,64.8,141.19,33.7,24.29,0.34
2026-12-20 18:00:00-06:00,0.0,0.0,0.0,23.1,0.83
2026-12-20 19:00:00-06:00,0.0,0.0,0.0,21.53,1.52
2026-12-20 20:00:00-06:00,0.0,0.0,0.0,19.85,1.72
2026-12-20 21:00:00-06:00,0.0,0.0,0.0,18.56,1.79
2026-12-20 22:00:00-06:00,0.0,0.0,0.0,17.5,1.66
2026-12-20 23:00:00-06:00,0.0,0.0,0.0,16.95,1.52
2026-12-21 00:00:00-06:00,0.0,0.0,0.0,16.41,1.38
2026-12-21 01:00:00-06:00,0.0,0.0,0.0,15.41,1.24
2026-12-21 02:00:00-06:00,0.0,0.0,0.0,15.04,1.24
2026-12-21 03:00:00-06:00,0.0,0.0,0.0,14.61,1.24
2026-12-21 04:00:00-06:00,0.0,0.0,0.0,14.29,1.24
2026-12-21 05:00:00-06:00,0.0,0.0,0.0,13.9,1.17
2026-12-21 06:00:00-06:00,0.0,0.0,0.0,13.69,1.1
2026-12-21 07:00:00-06:00,0.0,0.0,0.0,13.69,0.97
2026-12-21 08:00:00-06:00,126.95,29.89,121.4,14.17,0.83
2026-12-21 09:00:00-06:00,296.8,164.36,233.6,16.98,0.34
2026-12-21 10:00:00-06:00,423.95,242.08,291.2,19.38,0.76
2026-12-21 11:00:00-06:00,538.5,311.51,331.0,20.77,1.17
2026-12-21 12:00:00-06:00,363.5,65.64,315.6,22.08,1.38
2026-12-21 13:00:00-06:00,402.15,94.86,332.45,21.15,1.17
2026-12-21 14:00:00-06:00,291.1,91.92,228.5,21.64,1.31
2026-12-21 15:00:00-06:00,245.5,43.61,220.55,21.35,1.03
2026-12-21 16:00:00-06:00,132.65,31.29,119.65,21.03,0.55
2026-12-21 17:00:00-06:00,43.05,39.0,34.4,20.4,0.34
2026-12-21 18:00:00-06:00,0.0,0.0,0.0,19.71,0.28
2026-12-21 19:00:00-06:00,0.0,0.0,0.0,18.9,0.55
2026-12-21 20:00:00-06:00,0.0,0.0,0.0,18.01,0.97
2026-12-21 21:00:00-06:00,0.0,0.0,0.0,16.62,1.17
2026-12-21 22:00:00-06:00,0.0,0.0,0.0,15.81,1.38
2026-12-21 23:00:00-06:00,0.0,0.0,0.0,15.02,1.59
2026-12-22 00:00:00-06:00,0.0,0.0,0.0,14.07,1.45
2026-12-22 01:00:00-06:00,0.0,0.0,0.0,13.88,1.24
2026-12-22 02:00:00-06:00,0.0,0.0,0.0,13.17,1.31
2026-12-22 03:00:00-06:00,0.0,0.0,0.0,13.04,1.17
2026-12-22 04:00:00-06:00,0.0,0.0,0.0,12.91,1.17
2026-12-22 05:00:00-06:00,0.0,0.0,0.0,12.59,1.17
2026-12-22 06:00:00-06:00,0.0,0.0,0.0,12.17,1.17
2026-12-22 07:00:00-06:00,0.0,0.0,0.0,11.7,1.24
2026-12-22 08:00:00-06:00,232.15,868.31,72.35,12.97,0.9
2026-12-22 09:00:00-06:00,449.65,926.34,94.8,16.85,0.76
2026-12-22 10:00:00-06:00,644.2,1015.92,88.25,18.87,0.41
2026-12-22 11:00:00-06:00,759.85,999.83,94.6,20.8,0.83
2026-12-22 12:00:00-06:00,782.45,916.66,113.85,22.27,1.1
2026-12-22 13:00:00-06:00,733.2,824.4,127.3,23.47,1.17
2026-12-22 14:00:00-06:00,613.75,724.68,119.75,23.86,1.1
2026-12-22 15:00:00-06:00,419.5,465.64,152.6,22.91,0.41
2026-12-22 16:00:00-06:00,167.25,200.65,83.6,22.26,1.03
2026-12-22 17:00:00-06:00,57.15,145.68,24.6,21.54,0.76
2026-12-22 18:00:00-06:00,0.0,0.0,0.0,20.63,0.76
2026-12-22 19:00:00-06:00,0.0,0.0,0.0,18.9,1.1
2026-12-22 20:00:00-06:00,0.0,0.0,0.0,16.99,1.38
2026-12-22 21:00:00-06:00,0.0,0.0,0.0,15.06,1.72
2026-12-22 22:00:00-06:00,0.0,0.0,0.0,13.87,1.72
2026-12-22 23:00:00-06:00,0.0,0.0,0.0,12.93,1.66
2026-12-23 00:00:00-06:00,0.0,0.0,0.0,12.04,1.59
2026-12-23 01:00:00-06:00,0.0,0.0,0.0,11.8,1.38
2026-12-23 02:00:00-06:00,0.0,0.0,0.0,11.24,1.38
2026-12-23 03:00:00-06:00,0.0,0.0,0.0,10.33,1.38
2026-12-23 04:00:00-06:00,0.0,0.0,0.0,9.93,1.38
2026-12-23 05:00:00-06:00,0.0,0.0,0.0,9.42,1.38
2026-12-23 06:00:00-06:00,0.0,0.0,0.0,9.14,1.38
2026-12-23 07:00:00-06:00,0.0,0.0,0.0,8.85,1.45
2026-12-23 08:00:00-06:00,241.65,882.58,80.65,10.24,1.1
2026-12-23 09:00:00-06:00,454.05,916.34,104.3,16.35,0.21
2026-12-23 10:00:00-06:00,609.45,868.85,134.9,19.04,0.55
2026-12-23 11:00:00-06:00,711.5,847.82,147.95,20.87,0.97
2026-12-23 12:00:00-06:00,711.15,762.77,154.95,22.21,1.17
2026-12-23 13:00:00-06:00,658.65,640.16,188.0,23.05,1.31
2026-12-23 14:00:00-06:00,589.45,635.78,155.6,23.08,1.59
2026-12-23 15:00:00-06:00,440.45,537.43,131.8,22.45,0.76
2026-12-23 16:00:00-06:00,221.55,301.79,95.3,22.02,0.97
2026-12-23 17:00:00-06:00,52.4,68.41,37.0,21.27,1.31
2026-12-23 18:00:00-06:00,0.0,0.0,0.0,19.99,1.24
2026-12-23 19:00:00-06:00,0.0,0.0,0.0,18.66,1.38
2026-12-23 20:00:00-06:00,0.0,0.0,0.0,17.41,1.45
2026-12-23 21:00:00-06:00,0.0,0.0,0.0,16.37,1.52
2026-12-23 22:00:00-06:00,0.0,0.0,0.0,15.46,1.52
2026-12-23 23:00:00-06:00,0.0,0.0,0.0,14.95,1.52
2026-12-24 00:00:00-06:00,0.0,0.0,0.0,14.15,1.59
2026-12-24 01:00:00-06:00,0.0,0.0,0.0,13.24,1.59
2026-12-24 02:00:00-06:00,0.0,0.0,0.0,12.93,1.52
2026-12-24 03:00:00-06:00,0.0,0.0,0.0,12.32,1.52
2026-12-24 04:00:00-06:00,0.0,0.0,0.0,11.79,1.59
2026-12-24 05:00:00-06:00,0.0,0.0,0.0,11.39,1.59
2026-12-24 06:00:00-06:00,0.0,0.0,0.0,10.92,1.59
2026-12-24 07:00:00-06:00,0.0,0.0,0.0,10.44,1.59
2026-12-24 08:00:00-06:00,245.35,959.3,71.85,11.16,1.24
2026-12-24 09:00:00-06:00,465.8,1013.9,80.15,17.03,0.41
2026-12-24 10:00:00-06:00,646.45,1021.46,89.55,19.9,0.55
2026-12-24 11:00:00-06:00,762.5,1004.77,95.2,21.92,0.9
2026-12-24 12:00:00-06:00,748.25,873.93,111.1,23.38,0.9
2026-12-24 13:00:00-06:00,754.8,889.4,100.6,24.67,0.97
2026-12-24 14:00:00-06:00,632.35,720.53,140.1,25.5,1.1
2026-12-24 15:00:00-06:00,499.65,728.86,80.2,25.83,1.45
2026-12-24 16:00:00-06:00,303.05,559.62,68.1,25.78,1.79
2026-12-24 17:00:00-06:00,86.95,247.1,30.9,24.82,1.86
2026-12-24 18:00:00-06:00,0.05,0.0,0.05,23.49,1.1
2026-12-24 19:00:00-06:00,0.0,0.0,0.0,23.12,0.55
2026-12-24 20:00:00-06:00,0.0,0.0,0.0,19.09,1.59
2026-12-24 21:00:00-06:00,0.0,0.0,0.0,17.3,2.0
2026-12-24 22:00:00-06:00,0.0,0.0,0.0,14.92,2.0
2026-12-24 23:00:00-06:00,0.0,0.0,0.0,13.75,1.93
2026-12-25 00:00:00-06:00,0.0,0.0,0.0,13.68,2.0
2026-12-25 01:00:00-06:00,0.0,0.0,0.0,13.23,2.07
2026-12-25 02:00:00-06:00,0.0,0.0,0.0,12.72,2.07
2026-12-25 03:00:00-06:00,0.0,0.0,0.0,12.32,2.07
2026-12-25 04:00:00-06:00,0.0,0.0,0.0,11.91,2.14
2026-12-25 05:00:00-06:00,0.0,0.0,0.0,11.76,2.14
2026-12-25 06:00:00-06:00,0.0,0.0,0.0,11.38,2.07
2026-12-25 07:00:00-06:00,0.0,0.0,0.0,10.93,2.0
2026-12-25 08:00:00-06:00,263.95,1149.07,57.85,11.01,1.66
2026-12-25 09:00:00-06:00,484.65,1080.14,75.15,16.42,0.76
2026-12-25 10:00:00-06:00,651.0,1038.4,85.8,20.31,0.48
2026-12-25 11:00:00-06:00,776.25,1038.43,87.1,22.14,0.97
2026-12-25 12:00:00-06:00,812.5,961.08,111.85,23.52,1.03
2026-12-25 13:00:00-06:00,796.8,945.6,100.85,24.49,0.97
2026-12-25 14:00:00-06:00,682.95,844.89,105.0,25.18,0.97
2026-12-25 15:00:00-06:00,514.1,736.27,89.45,25.39,0.97
2026-12-25 16:00:00-06:00,306.2,565.83,67.75,25.19,0.97
2026-12-25 17:00:00-06:00,87.1,240.13,32.2,24.3,0.62
2026-12-25 18:00:00-06:00,0.05,0.0,0.05,22.91,0.28
2026-12-25 19:00:00-06:00,0.0,0.0,0.0,20.14,0.9
2026-12-25 20:00:00-06:00,0.0,0.0,0.0,18.48,1.59
2026-12-25 21:00:00-06:00,0.0,0.0,0.0,16.97,1.93
2026-12-25 22:00:00-06:00,0.0,0.0,0.0,15.38,1.93
2026-12-25 23:00:00-06:00,0.0,0.0,0.0,13.65,1.72
2026-12-26 00:00:00-06:00,0.0,0.0,0.0,12.66,1.66
2026-12-26 01:00:00-06:00,0.0,0.0,0.0,11.99,1.79
2026-12-26 02:00:00-06:00,0.0,0.0,0.0,11.48,1.79
2026-12-26 03:00:00-06:00,0.0,0.0,0.0,11.01,1.79
2026-12-26 04:00:00-06:00,0.0,0.0,0.0,10.37,1.72
2026-12-26 05:00:00-06:00,0.0,0.0,0.0,9.83,1.66
2026-12-26 06:00:00-06:00,0.0,0.0,0.0,9.34,1.66
2026-12-26 07:00:00-06:00,0.0,0.0,0.0,8.92,1.66
2026-12-26 08:00:00-06:00,259.7,1125.76,59.4,9.65,1.31
2026-12-26 09:00:00-06:00,476.5,1055.71,77.5,16.24,0.41
2026-12-26 10:00:00-06:00,653.85,1041.63,87.75,20.2,0.48
2026-12-26 11:00:00-06:00,771.75,1021.8,94.05,22.19,0.83
2026-12-26 12:00:00-06:00,822.65,997.01,95.75,23.76,0.76
2026-12-26 13:00:00-06:00,795.5,952.27,94.15,25.05,0.76
2026-12-26 14:00:00-06:00,695.05,882.69,90.4,25.91,0.97
2026-12-26 15:00:00-06:00,530.9,781.01,79.4,26.18,1.03
2026-12-26 16:00:00-06:00,315.8,592.93,64.95,25.94,0.97
2026-12-26 17:00:00-06:00,93.7,271.4,31.15,25.0,0.55
2026-12-26 18:00:00-06:00,0.1,0.0,0.1,23.77,0.34
2026-12-26 19:00:00-06:00,0.0,0.0,0.0,20.84,1.17
2026-12-26 20:00:00-06:00,0.0,0.0,0.0,18.66,1.86
2026-12-26 21:00:00-06:00,0.0,0.0,0.0,17.03,2.14
2026-12-26 22:00:00-06:00,0.0,0.0,0.0,15.06,2.21
2026-12-26 23:00:00-06:00,0.0,0.0,0.0,13.44,2.07
2026-12-27 00:00:00-06:00,0.0,0.0,0.0,12.54,2.07
2026-12-27 01:00:00-06:00,0.0,0.0,0.0,11.57,2.0
2026-12-27 02:00:00-06:00,0.0,0.0,0.0,11.27,1.93
2026-12-27 03:00:00-06:00,0.0,0.0,0.0,10.69,1.86
2026-12-27 04:00:00-06:00,0.0,0.0,0.0,10.18,1.79
2026-12-27 05:00:00-06:00,0.0,0.0,0.0,9.68,1.79
2026-12-27 06:00:00-06:00,0.0,0.0,0.0,9.26,1.79
2026-12-27 07:00:00-06:00,0.0,0.0,0.0,8.88,1.79
2026-12-27 08:00:00-06:00,264.6,1162.0,59.45,9.29,1.45
2026-12-27 09:00:00-06:00,483.95,1078.17,77.65,16.03,0.55
2026-12-27 10:00:00-06:00,663.2,1060.0,87.9,20.62,0.48
2026-12-27 11:00:00-06:00,781.9,1038.12,93.7,22.73,1.03
2026-12-27 12:00:00-06:00,832.55,1007.16,98.1,24.32,1.24
2026-12-27 13:00:00-06:00,803.15,958.47,96.65,25.68,1.24
2026-12-27 14:00:00-06:00,682.7,837.33,108.25,26.5,1.52
2026-12-27 15:00:00-06:00,533.7,781.34,80.9,26.8,1.72
2026-12-27 16:00:00-06:00,315.85,580.19,69.4,26.52,1.66
2026-12-27 17:00:00-06:00,95.6,272.62,32.25,25.44,1.1
2026-12-27 18:00:00-06:00,0.2,0.0,0.2,23.94,0.28
2026-12-27 19:00:00-06:00,0.0,0.0,0.0,20.97,1.1
2026-12-27 20:00:00-06:00,0.0,0.0,0.0,19.28,1.86
2026-12-27 21:00:00-06:00,0.0,0.0,0.0,17.77,2.14
2026-12-27 22:00:00-06:00,0.0,0.0,0.0,15.21,2.0
2026-12-27 23:00:00-06:00,0.0,0.0,0.0,13.92,1.93
2026-12-28 00:00:00-06:00,0.0,0.0,0.0,13.05,1.93
2026-12-28 01:00:00-06:00,0.0,0.0,0.0,12.6,1.86
2026-12-28 02:00:00-06:00,0.0,0.0,0.0,11.92,1.79
2026-12-28 03:00:00-06:00,0.0,0.0,0.0,11.34,1.79
2026-12-28 04:00:00-06:00,0.0,0.0,0.0,10.9,1.86
2026-12-28 05:00:00-06:00,0.0,0.0,0.0,10.48,1.86
2026-12-28 06:00:00-06:00,0.0,0.0,0.0,10.11,1.86
2026-12-28 07:00:00-06:00,0.0,0.0,0.0,9.56,1.79
2026-12-28 08:00:00-06:00,260.1,1146.45,59.2,10.21,1.52
2026-12-28 09:00:00-06:00,480.0,1071.95,77.15,16.34,0.69
2026-12-28 10:00:00-06:00,659.95,1055.85,87.6,21.48,0.34
2026-12-28 11:00:00-06:00,779.45,1035.16,93.45,23.61,0.97
2026-12-28 12:00:00-06:00,828.35,1004.37,95.7,25.2,1.1
2026-12-28 13:00:00-06:00,800.1,956.55,94.35,26.35,1.31
2026-12-28 14:00:00-06:00,698.05,885.8,89.35,27.06,1.45
2026-12-28 15:00:00-06:00,531.85,776.32,80.8,27.23,1.52
2026-12-28 16:00:00-06:00,319.15,594.88,65.4,26.93,1.38
2026-12-28 17:00:00-06:00,97.55,280.8,31.75,25.93,0.97
2026-12-28 18:00:00-06:00,0.2,0.0,0.2,24.49,0.21
2026-12-28 19:00:00-06:00,0.0,0.0,0.0,21.59,1.03
2026-12-28 20:00:00-06:00,0.0,0.0,0.0,19.54,1.79
2026-12-28 21:00:00-06:00,0.0,0.0,0.0,18.05,2.14
2026-12-28 22:00:00-06:00,0.0,0.0,0.0,15.75,2.14
2026-12-28 23:00:00-06:00,0.0,0.0,0.0,14.23,2.0
2026-12-29 00:00:00-06:00,0.0,0.0,0.0,13.29,2.0
2026-12-29 01:00:00-06:00,0.0,0.0,0.0,12.87,1.93
2026-12-29 02:00:00-06:00,0.0,0.0,0.0,12.24,1.86
2026-12-29 03:00:00-06:00,0.0,0.0,0.0,11.78,1.93
2026-12-29 04:00:00-06:00,0.0,0.0,0.0,11.33,1.93
2026-12-29 05:00:00-06:00,0.0,0.0,0.0,10.86,1.93
2026-12-29 06:00:00-06:00,0.0,0.0,0.0,10.36,1.86
2026-12-29 07:00:00-06:00,0.0,0.0,0.0,9.94,1.86
2026-12-29 08:00:00-06:00,260.1,1158.41,58.55,10.27,1.52
2026-12-29 09:00:00-06:00,480.45,1076.81,76.8,16.35,0.62
2026-12-29 10:00:00-06:00,658.0,1053.74,87.4,20.79,0.28
2026-12-29 11:00:00-06:00,776.0,1030.33,93.35,22.86,0.76
2026-12-29 12:00:00-06:00,825.6,1000.16,95.7,24.34,0.97
2026-12-29 13:00:00-06:00,797.25,951.88,94.2,25.24,1.03
2026-12-29 14:00:00-06:00,695.95,881.12,89.4,25.89,1.17
2026-12-29 15:00:00-06:00,530.75,772.68,80.6,26.12,1.17
2026-12-29 16:00:00-06:00,318.95,591.39,65.6,25.93,1.03
2026-12-29 17:00:00-06:00,98.35,278.84,32.45,25.15,0.55
2026-12-29 18:00:00-06:00,0.3,0.0,0.3,23.86,0.55
2026-12-29 19:00:00-06:00,0.0,0.0,0.0,21.6,1.45
2026-12-29 20:00:00-06:00,0.0,0.0,0.0,19.5,1.93
2026-12-29 21:00:00-06:00,0.0,0.0,0.0,18.35,2.14
2026-12-29 22:00:00-06:00,0.0,0.0,0.0,16.13,2.14
2026-12-29 23:00:00-06:00,0.0,0.0,0.0,14.55,2.0
2026-12-30 00:00:00-06:00,0.0,0.0,0.0,13.54,1.86
2026-12-30 01:00:00-06:00,0.0,0.0,0.0,13.18,1.86
2026-12-30 02:00:00-06:00,0.0,0.0,0.0,12.4,1.79
2026-12-30 03:00:00-06:00,0.0,0.0,0.0,11.77,1.79
2026-12-30 04:00:00-06:00,0.0,0.0,0.0,11.23,1.79
2026-12-30 05:00:00-06:00,0.0,0.0,0.0,10.73,1.79
2026-12-30 06:00:00-06:00,0.0,0.0,0.0,10.28,1.79
2026-12-30 07:00:00-06:00,0.0,0.0,0.0,9.77,1.79
2026-12-30 08:00:00-06:00,249.95,1083.59,62.7,10.35,1.52
2026-12-30 09:00:00-06:00,469.75,1047.26,78.1,16.62,0.76
2026-12-30 10:00:00-06:00,648.2,1031.51,90.15,20.85,0.21
2026-12-30 11:00:00-06:00,762.1,993.43,103.95,22.84,0.97
2026-12-30 12:00:00-06:00,809.7,959.96,108.75,24.3,1.45
2026-12-30 13:00:00-06:00,777.8,891.26,118.75,25.23,1.79
2026-12-30 14:00:00-06:00,676.25,822.86,108.75,25.92,1.79
2026-12-30 15:00:00-06:00,516.7,724.38,93.5,26.21,1.59
2026-12-30 16:00:00-06:00,306.2,539.97,73.85,26.05,1.24
2026-12-30 17:00:00-06:00,94.15,227.14,40.0,25.27,0.62
2026-12-30 18:00:00-06:00,0.35,0.0,0.35,23.95,0.41
2026-12-30 19:00:00-06:00,0.0,0.0,0.0,22.04,1.24
2026-12-30 20:00:00-06:00,0.0,0.0,0.0,20.44,1.79
2026-12-30 21:00:00-06:00,0.0,0.0,0.0,18.56,2.0
2026-12-30 22:00:00-06:00,0.0,0.0,0.0,16.42,2.07
2026-12-30 23:00:00-06:00,0.0,0.0,0.0,14.87,1.86
2026-12-31 00:00:00-06:00,0.0,0.0,0.0,14.03,1.79
2026-12-31 01:00:00-06:00,0.0,0.0,0.0,13.89,1.66
2026-12-31 02:00:00-06:00,0.0,0.0,0.0,13.39,1.66
2026-12-31 03:00:00-06:00,0.0,0.0,0.0,12.9,1.66
2026-12-31 04:00:00-06:00,0.0,0.0,0.0,12.47,1.72
2026-12-31 05:00:00-06:00,0.0,0.0,0.0,11.9,1.72
2026-12-31 06:00:00-06:00,0.0,0.0,0.0,11.38,1.72
2026-12-31 07:00:00-06:00,0.0,0.0,0.0,11.09,1.66
2026-12-31 08:00:00-06:00,213.85,719.61,90.3,11.35,1.45
2026-12-31 09:00:00-06:00,426.95,784.22,134.3,16.76,0.62
2026-12-31 10:00:00-06:00,568.35,697.66,191.2,25.63,0.53
2026-12-31 11:00:00-06:00,660.7,615.59,252.85,25.04,0.6
2026-12-31 12:00:00-06:00,605.45,401.34,312.2,24.46,0.67
2026-12-31 13:00:00-06:00,520.6,254.45,332.2,23.88,0.74
2026-12-31 14:00:00-06:00,432.75,183.85,305.7,23.29,0.81
2026-12-31 15:00:00-06:00,303.65,118.53,234.2,22.71,0.89
2026-12-31 16:00:00-06:00,167.15,60.15,141.15,22.13,0.96
2026-12-31 17:00:00-06:00,61.1,61.95,46.2,21.54,1.03
2026-12-31 18:00:00-06:00,0.45,0.0,0.45,20.96,1.1
2026-12-31 19:00:00-06:00,0.0,0.0,0.0,20.37,1.17
2026-12-31 20:00:00-06:00,0.0,0.0,0.0,19.79,1.24
2026-12-31 21:00:00-06:00,0.0,0.0,0.0,19.21,1.31
2026-12-31 22:00:00-06:00,0.0,0.0,0.0,18.62,1.39
2026-12-31 23:00:00-06:00,0.0,0.0,0.0,18.04,1.46
